:020000040800F2
:1000000020FB01209D01000821830008A7010008B2
:100010005D7E0008CD240008910C0108000000005E
:100020000000000000000000000000008D990008A2
:100030009136000800000000D9840008B5010008CE
:10004000B7010008B7010008B7010008B7010008B0
:10005000B7010008B7010008B7010008AD3B000870
:10006000B7010008B7010008B7010008B701000890
:10007000B7010008B7010008B7010008B701000880
:10008000B7010008B7010008B7010008B701000870
:10009000B7010008B7010008B7010008B701000860
:1000A000B7010008B7010008B7010008B701000850
:1000B000BDAB0008C5AB000889AE0008B701000859
:1000C000B7010008B7010008B7010008B701000830
:1000D000B7010008F5B7000809BB0008D9BC000843
:1000E000B7010008B7010008B7010008B701000810
:1000F000B7010008B7010008B7010008B701000800
:10010000B7010008B7010008E9AF0008CD8F00086B
:1001100001B60008B7010008B701000869B000087F
:10012000B7010008B7010008B7010008B7010008CF
:10013000B7010008B7010008B7010008B7010008BF
:10014000B7010008B7010008B7010008B7010008AF
:10015000B7010008B7010008B7010008A9BE0008F0
:10016000B7010008B7010008A1840008A1840008B5
:10017000A1840008A1840008B7010008B7010008A5
:10018000B7010008DFF810D000F002FE0048004779
:10019000D15E0108AFF3008020FB012006488047B4
:1001A00006480047FEE7FEE7FEE7FEE7FEE7FEE75C
:1001B000FEE7FEE7FEE7FEE759AB00088501000811
:1001C00010B5431A934209D28318881803E010F837
:1001D000011D03F8011D521EF9D210BD40EA0103B2
:1001E0009B0703D009E008C9121F08C0042AFAD2ED
:1001F00003E011F8013B00F8013B521EF9D210BD9B
:10020000D2B201E000F8012B491EFBD27047002258
:10021000F6E710B513460A4604461946FFF7F0FF05
:10022000204610BD30B505462A460B4612F8010B94
:1002300013F8014B08B1A042F8D01CB1002802D03D
:100240006D1CF1E7284630BD10B5044604E00B787C
:1002500000F8013B03B1491C521EF8D2204610BDE4
:10026000421C10F8011B0029FBD1801A704710B501
:10027000002200E0521C835C8C5CA34201D1002B65
:10028000F8D1D8B2E1B2401A10BDCBB203E0017888
:10029000994203D0401C521EF9D20020704730B55D
:1002A00004460020034600E05B1C934203D2E05C5E
:1002B000CD5C401BF8D030BD034611F8012B00F88F
:1002C000012B002AF9D11846704730B505460020A9
:1002D000034600E05B1C934205D2EC5CC85C201A2C
:1002E00001D1002CF6D130BD70B5064612F0AAFA45
:1002F000046805460A220021304600F013FC2C60F9
:1003000070BDF0B480EA0102D40F4200B2EB410F9D
:1003100002D20246084611464A0042D0C30DDDB261
:10032000C1F3C752AD1A202D35DAC1F3160141F4DD
:10033000000204B15242C5F1200602FA06F12A4138
:100340001044B3EBD05F23D0C4B1012DA0EBC35058
:1003500009DCF0BC4FF0004202EAC352DBB200F508
:10036000000000F020BC400000F1807000EBC350A2
:10037000A0F1807040EAD170490009E0490841EAE3
:10038000C071A0EBC35000F50000400800EBC35063
:10039000F0BC00F0FFBB6142012202EB4101001BF7
:1003A000F6E7F0BC704781F00041AAE780F000401A
:1003B000A7E780EA010210B502F00043400022D016
:1003C0004A001FD0010E01EB1261C0F35600C2F3C8
:1003D000560240F4000042F40002A0FB0220000498
:1003E0007F39140400D0401C50EA124001D4400070
:1003F000491EC2B20C0604EBD010401C4008802AF3
:1004000002D003E0002010BD20F00100002900DA36
:100410000020184310BD30B480EA010202F000450C
:1004200030F0004221F0004013D090B1C30DD40D44
:10043000C2F31601C0F31600E41A41F4000140F4BF
:1004400000027D34914201D3641C00E04900002C7D
:1004500002DA30BC002070474FF4000000239142C4
:1004600001D3891A034340084FEA4101F7D151B142
:10047000914202D14FF0004105E002D24FF001015C
:1004800001E06FF0010103EBC450284430BC00F0E0
:1004900081BB2DE9FE4F804681EA0300C00F0C4668
:1004A000009021F0004123F00045B8EB0200A94183
:1004B00005D24046214690461C460B46024623F094
:1004C0000040104347D0270DC7F30A00C3F30A5179
:1004D0000290401A019040286BDAC3F3130040F4F5
:1004E000801B0098924620B10023D2EB030A63EBF5
:1004F0000B0B01985946C0F14002504600F093FAA8
:1005000006460D4650465946019A00F0ABFA10EBEC
:1005100008006141002487EA115284EAE7731A4314
:1005200040D0009A62B3019A012A4FEA075215DCC3
:10053000001B61EB02014FF0004202EA0752CDE9D5
:100540000042001C41F5801132462B4600F068FB4A
:1005500003B0BDE8F08F40462146F9E7001B61EB90
:100560000201001C41F5801300185B412018A2F520
:10057000001747EB030140EAD570B6196D4111E051
:100580006D084FEA360645EAC0754FEA0752001B70
:1005900061EB0201001C41F5801149084FEA30006F
:1005A0000019514132462B4603B0BDE8F04F00F030
:1005B00028BB0098012240000023D0EB020263EB2D
:1005C000E073009821464FEAE074B8EB000061EB5D
:1005D0000401E9E783F000435BE781F0004158E75D
:1005E0002DE9FE4F81EA030404F0004421F00041AC
:1005F00000944FF0000B23F0004350EA01045ED05A
:1006000052EA03045BD0C3F30A54C1F30A552C44E5
:10061000A4F2F3340194A0FB0254C1F3130141F49A
:100620008011C3F3130343F4801301FB024400FB66
:10063000034E840A970A44EA815447EA8357A4FB8D
:10064000076802958D0A05FB07854FEA932C04FB8A
:100650000C542705029D4FEA065847EA1637B5EBBA
:1006600008056EEB070C870E920E47EA811742EAE7
:100670008312A7FB0201B6EB0B0164EB00042B0D08
:1006800043EA0C335E1844EB1C50DA465146E7FB54
:100690000201C5F313044FEA0B3343EA14534FEA44
:1006A0000432019C43EA0603A4F10C040294009C6A
:1006B000CDE900B400F0B4FA03B0BDE8F08F00203B
:1006C0000146F9E72DE9F04D81EA030404F0004BFF
:1006D00021F0004514464FF0000A23F0004150EA93
:1006E000050220D054EA01021DD0C5F30A57024684
:1006F000C5F31303C1F31300C1F30A5640F4801588
:1007000043F48013A7EB0608101BD64608F2FD3809
:1007100073EB050002D308F1010801E092185B4178
:10072000B8F1000F03DA00200146BDE8F08D00208B
:100730004FF48011064684460EE0171B73EB050745
:1007400005D3121B63EB050306434CEA010C490871
:100750004FEA300092185B4150EA0107EDD152EAAE
:10076000030012D082EA040083EA0501084305D0A1
:10077000101BAB4106D20122002306E000224FF0FD
:10078000004302E06FF0010253101AEB06004CEB3D
:10079000085110EB0A0041EB0B01BDE8F04D00F0F1
:1007A00030BA96230022114600F0FDB90EB5C10FF4
:1007B00080EAE0700844CA07002140F233438DE824
:1007C0000E000A460B4600F02BFA03B000BD0EB532
:1007D00040F2334102910021CDE900110A460B4657
:1007E00000F01EFA03B000BD00F0004220F000400F
:1007F000C10DC0F3160040F400007F2901DA00208B
:100800007047962903DCC1F19601C84001E0963992
:100810008840002AF4D04042704720F00040C10DCB
:10082000C0F3160040F400007F2901DA0020704771
:10083000962903DCC1F19601C8407047963988407B
:10084000704770B5C1F30A5201F000450024C1F3AE
:10085000130140F2FF3341F480119A4201DA002083
:1008600070BD40F233439A42A2F2334203DC52425B
:1008700000F0E8F800E090402C43F1D0404270BD19
:10088000C1F30A5210B5C1F3130140F2FF3341F432
:1008900080119A4201DA002010BD40F233439A429F
:1008A000A2F2334203DC524200F0CCF810BD90407B
:1008B00010BD00F0004230F000400AD0C10D01F53B
:1008C0006071C0F3160042EA0151C20840071143AB
:1008D000704700200146704730B5041E71F10004D6
:1008E00004DB4FF00044404264EB0101141E73F13D
:1008F000000405DB1C464FF00043524263EB040347
:100900008B4208BF824230BD30B5041E71F1000435
:1009100004DB4FF00044404264EB0101141E73F10C
:10092000000405DB1C464FF00043524263EB040316
:10093000994208BF904230BD01F0004330B421F02D
:10094000004150EA010206D00A0DA2F56072C1F31F
:100950001301002A02DC30BC00207047440F44EA37
:10096000C104C100E01830BC00EBC25000F012B965
:10097000002801DBC0F10040002901DBC1F100418A
:1009800081427047002801DBC0F10040002901DBF3
:10099000C1F100418842704730B50B460146002046
:1009A0002022012409E021FA02F59D4205D303FA31
:1009B00002F5491B04FA02F52844151EA2F10102B2
:1009C000F1DC30BD2DE9F05F0546002092469B46E4
:1009D00088460646814640241BE028464146474655
:1009E000224600F02FF853465A46C01A914110D3C0
:1009F00011461846224600F016F82D1A67EB01083A
:100A00004F4622460120002100F00DF817EB0009A7
:100A10004E41201EA4F10104DFDC484631462A463F
:100A20004346BDE8F09F202A04DB203A00FA02F199
:100A3000002070479140C2F1200320FA03F31943CC
:100A400090407047202A04DB203A21FA02F000216E
:100A5000704721FA02F3D040C2F1200291400843CE
:100A600019467047202A06DBCB17203A41FA02F0DC
:100A700043EAE07306E041FA02F3D040C2F12002FB
:100A800091400843194670470FB4002300B589B060
:100A90000CA900910B996FF00042CB601E4B06939E
:100AA0001E4B07930423CDE901321D4A08920246EA
:100AB0006B46002000F020FA09B05DF814FB70B519
:100AC00086B006464FF0FF300091CDE901010020CD
:100AD00015460C4604903246694604A8FFF7D4FF39
:100AE00002460498211825B108B1084600E02046C6
:100AF0002860049800280DD0002A02DD0098884262
:100B000008D0081B0094CDE901043246694604A8C8
:100B1000FFF7BAFF06B070BD311100084F11000891
:100B2000BD0D00082DE9F04791460F46804604466A
:100B3000002614F8015B2DB100F03CF90068405D1F
:100B4000C007F6D12B2D02D02D2D18D0641E4A4699
:100B50003946204600F00CFB27B13968A14201D18B
:100B6000C7F8008071054FF002040BD54042002801
:100B700003DD11F067FE0460A007BDE8F08746F4CE
:100B80008066E4E70028F8DA11F05CFE04606FF09C
:100B90000040F2E70029A8BF7047401C490008BF89
:100BA00020F00100704710B4B0FA80FC00FA0CF09D
:100BB00050EA010404BF10BC704749B1CCF12004D5
:100BC00021FA04F411FA0CF118BF01212143084362
:100BD000A3EB0C01CB1D4FEA00614FEA102042BF8E
:100BE000002010BC704700EBC35010440029A4BF84
:100BF00010BC7047401C490008BF20F0010010BC29
:100C0000704710B5141E73F1000408DA401C41F15E
:100C1000000192185B411A4301D120F0010010BD80
:100C20002DE9F04D92469B4611B1B1FA81F202E0F6
:100C3000B0FA80F220329046FFF7F5FE04460F46E8
:100C400040EA0A0041EA0B0153465A46084313D0D2
:100C5000114653EA010019D0C8F140025046FFF78F
:100C6000F1FE05460E46504659464246FFF7DBFE6A
:100C7000084305D0012004E020463946BDE8F08D48
:100C80000020054346EAE0762C4337430A98630583
:100C9000E40AA0EB08000022FD0A44EA47540A30A7
:100CA00002D500200146E9E7010510196941DDE997
:100CB000084500196941BDE8F04DA2E72DE9F04D66
:100CC00000231A461B1A8A4103DB00200146BDE8B7
:100CD000F08DC1F30A52C1F3130141F480154FF0B6
:100CE000000BD10702D100186D41521E00270446A7
:100CF00040F2FF11384601EB620A3E46804602464A
:100D000000204FF48011FFF79DFEC2197141BB18FE
:100D100046EB0100B4EB030C75EB000C04D3E41AB2
:100D200065EB000517460E46241908F101006D41D8
:100D300080463428E3DDF91946EB0600091BA8417B
:100D400003D24FF0FF32134601E0002213461BEBA3
:100D5000070046EB0A51BDE8F04DFFF752BFC1F363
:100D60000A52C1F3130140F2FF3341F480119A4259
:100D700002DA00200146704740F233439A42A2F261
:100D8000334202DC5242FFF75DBEFFF74CBE00006B
:100D9000064C074D06E0E06840F0010394E80700C8
:100DA00098471034AC42F6D3FFF7F0F90821040855
:100DB0002821040800487047981E040810B504460E
:100DC000FFF7F8FF0068005D00F0010010BD0000B3
:100DD0002DE9FF4F087883B09946FF2805D0491CBC
:100DE0002D2804D00024002008E000200BE001247E
:100DF000F9E700EB800003EB4000491C0B78FF2B68
:100E0000F7D104B1404200230293147819461D46DD
:100E10002D2C01D02B2C04D1521C2D2C13D00024AE
:100E20000294AA461478FF2C0FD00A25A3FB05785C
:100E300001FB05814FF0000C03FB0C11521CE31960
:100E40004AEB0101EEE70124EAE7814453EA01009D
:100E500002D019F5C87F06DA03980021C0E9001115
:100E600007B0BDE8F08F0025AE4E2F46DFF8B88200
:100E7000184600F0DAF9CDE90001B9F1000002DA14
:100E8000C9F1000400E004460023A74A1AEB030B53
:100E900042EB045A12E0E00707D02A4633463846B0
:100EA0004146FFF79DFB074688462A4633461046D3
:100EB0001946FFF795FB05460E466410002CEAD153
:100EC000DDE90001B9F1000F5A46534606DAFFF793
:100ED000F9FB3A464346FFF7F5FB05E0FFF780FBD9
:100EE0003A464346FFF77CFB029A0AB181F0004183
:100EF000039AC2E90001B3E72DE9FF4F1F468DB009
:100F0000D7E901464FF0FF382E2045464FF0000943
:100F10000B90B9696D1C0E988847396A82468847DC
:100F20000028F6D1BAF1FF3F0AD024F4D064002E95
:100F300011DDBAF12B0F08D0BAF12D0F0BD102E061
:100F4000404611B08DE744F48064B9696D1C0E9879
:100F500088478246761E6946600501D52D2000E04F
:100F60002B208DF8000001F1010B0DF1200809E0A4
:100F7000B9696D1C0E98884782460F9844F4007436
:100F8000761E0560002E02DDBAF1300FF0D00B990D
:100F90008A453ED144F0800406E00F99681CA9F10F
:100FA000010944F400740860B9696D1C761E0E983E
:100FB000884782463028F0D02BE00B998A4505D12E
:100FC000200603D444F08004761E18E0504611F049
:100FD0001BFD08B30DF11301761E44F400748B451C
:100FE00008D2AAF130000BF8010B200607D5A9F1B1
:100FF000010003E0200602D409F101008146A005AA
:1010000002D50F99681C0860B9696D1C0E98884755
:101010008246002ED1DC53E0002E51DDBAF1650F7F
:1010200002D0BAF1450F4BD1A00549D5B9696D1C65
:1010300024F44074761E0E9888478246002E0CDDFC
:101040002B2804D0BAF12D0F07D144F48074B9696C
:101050006D1C0E9888478246761EE00501D52D212D
:1010600000E02B2108F8011BCDF82C8021E00DF1C8
:101070002901761E44F4007488450CD2AAF1300090
:1010800010F0FF0088F8000002D10B99884509D9BB
:1010900008F1010806E0E00501D5244801E042F22C
:1010A0000F708146B9696D1C0E98884782460F986B
:1010B0000560002E04DD504611F0A6FC0028D6D1B4
:1010C000F9690E988847FF208BF8000088F8000027
:1010D0000020069007904B466A4608A906A8FFF72D
:1010E00077FEA00502D46FF001002AE714F0240F68
:1010F0000AD0E00714D1DDE906123868031D3B6011
:101100000068C0E900120BE0DDE90601FFF714FCFE
:101110000146E00704D13868021D3A6000680160AA
:1011200028460EE7000014400000F03FF1D8FFFF12
:10113000426842B1016811F8013B23B1521EC0E977
:101140000012184670470121C160881E704742682E
:101150005AB1C368016843B983688B4205D0491E00
:10116000521CC0E90012002070474FF0FF3070475A
:101170002DE9F05F82460078002715468B460AF17C
:101180000104B946302801D09DB113E014F8010BD9
:101190000127782803D0582801D045B10AE00DB1C5
:1011A000102D07D10027102514F8010B02E00825A7
:1011B00000E00A250026B0460EE005FB080005FB0E
:1011C00006F1012701EB10461FFA80F8B6F5803FC3
:1011D00000D3B94614F8010B294600F018F800288E
:1011E000EBDABBF1000F05D00FB1641E00E05446EE
:1011F000CBF80040B9F1000F06D011F023FB02211B
:101200000160C81EBDE8F09F48EA0640FAE73A28A8
:1012100000D2303820F02002412A01D3A2F1370059
:10122000884201D34FF0FF3070470EB540F2334291
:1012300002920022CDE900221346FFF7F1FC03B031
:1012400000BD70B58C1810F8015B15F0070301D1D3
:1012500010F8013B2A1106D110F8012B03E010F819
:10126000016B01F8016B5B1EF9D12B0705D400233C
:10127000521E0DD401F8013BFAE710F8013BCB1ADE
:10128000921C03E013F8015B01F8015B521EF9D5D3
:10129000A142D8D3002070BDCA430260704721B17B
:1012A000826842F00102826003E0826822F001025B
:1012B000826070470021084A1168084A1140D0E94D
:1012C00000231A4383681A43C3681A431143044A2C
:1012D000C2F804137047000004230140E030FCFF13
:1012E000002001400146C86C80B2704702460020D1
:1012F00013680B400BB1012000E00020704710B5CF
:101300000B460021D9B2012404FA01F11AB1446854
:101310000C43446002E044688C43446010BD00000C
:1013200030B50246002000235068104C20400D7953
:101330000C6844EA05242043506090680C4C20401F
:10134000D1E903542C438D682C434D7944EA45047C
:1013500020439060D06A20F470000C7D641EE4B2DB
:10136000234340EA0350D06230BD0000FFFEFFFC83
:10137000FDF7FFC0F0B504460D4600200021092D01
:1013800011DDE068A5F10A0606EB4607072606FA16
:1013900007F18843A5F10A0606EB460603FA06F1B3
:1013A0000843E0600CE0206905EB4507072606FAD4
:1013B00007F1884305EB450603FA06F1084320616F
:1013C000072A0FDA606B561E06EB86071F2606FA01
:1013D00007F18843561E06EB860605FA06F1084318
:1013E000606322E00D2A0FDA206BD61F06EB86071A
:1013F0001F2606FA07F18843D61F06EB860605FA74
:1014000006F10843206310E0E06AA2F10D0606EB46
:1014100086071F2606FA07F18843A2F10D0606EBA0
:10142000860605FA06F10843E062F0BD816841F0E6
:1014300080418160704700002DE9F04F8DB0B748C2
:101440000C900121880207F0D3F8002008904FF497
:101450004030099000200A904FF470600B9008A86B
:10146000FFF728FF002002908DF80C008DF80D008A
:101470000490069001208DF81C000020059002A920
:10148000A748FFF74DFF072301220621A448FFF7D5
:1014900071FF0121A248FFF702FF012242F21A0167
:1014A0009F48FFF72CFF9E48FFF7C0FF40F6FF70F4
:1014B00011F022F802219A48FFF718FF00287DD08A
:1014C0009748FFF70FFF97490880974800680988F9
:1014D00008449549086095480078401CC0B293497B
:1014E000087064286BDB904800686421B0FBF1F061
:1014F0008C49088008460088FFF769F98246002277
:101500008B4BFFF7DFF807464FF06632894BFFF74A
:1015100067F80546FFF710FA874908600846006833
:10152000FFF7C7F90746854A854BFFF759F8054687
:10153000FFF702FA04462046FFF7BBF907460022F0
:10154000804BFFF747F8054600227F4BFFF7BAF8BC
:1015500000227E4BCDE90001FFF742F88246FFF7FB
:10156000EBF981464846FFF73FF90190FFF71EF976
:1015700082460022764BFEF78CFF05460022754B13
:10158000FFF7A0F80746FFF75CF900EB800072490F
:1015900008702046FFF78DF90546704A704BFFF73B
:1015A000B3F902D864206C49087000212046FFF787
:1015B000E9F90BD84FF08241204601E0AAE0A5E00E
:1015C000FFF7D6F902D80020634908700020564979
:1015D00008605649087060480078142806DC01202D
:1015E0006049087040036049088007E000205D49B9
:1015F00008704FF400505C49891E08805B48016800
:101600002046FEF7D0FE0746FFF753F90546584A35
:10161000584BFFF779F90BD2002154480068FFF7C7
:10162000A7F905D001205449087000034E490880ED
:1016300021464E480068FEF7B6FE0746FFF739F927
:1016400005464B4A4B4BFFF75FF907D200204A494A
:1016500008704FF480504449891E0880464800783D
:1016600001280AD13C48007844490978884204DDC1
:1016700043480078401C424908703F48007850B900
:10168000354800783D490978884204DA3D480078B9
:10169000401C3C4908703048007838490978884235
:1016A00004DA38480078401C36490870344800781D
:1016B000032806D14FF480502B4908800020304980
:1016C000087030480078032807D14FF4805026492D
:1016D000891E088000202B4908701F4800781428B4
:1016E00006DC01201F49087040031F49088007E0FD
:1016F00000201C4908704FF400501B49891E0880C7
:101700001A480460144800781C49087002210448F3
:10171000FFF7C2FD0DB0BDE8F08F00006F12833AF5
:1017200000220140B8000020A8000020A6000020F0
:1017300000FEAF4066660A40B000002014C97D324A
:10174000E79B10400000204000001040000059407E
:101750000000044000001440AC000020CDCCCCCCF4
:10176000CCCC2740940000201A14024090000020A6
:101770009A9999999999B93F95000020AD00002058
:10178000960000209700002000B58BB00121880250
:1017900006F02EFF002007904FF440300890002004
:1017A00009904FF470600A9007A8FFF783FD0020AE
:1017B00001908DF8080001208DF8090000200390A9
:1017C000059001208DF818000020049001A92E48F2
:1017D000FFF7A6FD0023012204212B48FFF7CAFDD5
:1017E00001212948FFF75BFD40F6FF7010F084FEF1
:1017F0002548FFF71BFE04F007FE4FF6FF7010F0C0
:101800007BFE21484C3000682049088004F0FCFD34
:101810001F4800681D49098808441D4908601D4883
:101820000078401CC0B21B49087005282ADB002044
:101830000870174800680521B0FBF1F013490880D3
:101840000020134908601148008840F6AA718842B8
:1018500006DA00201049087001201049087011E0D4
:101860000A48008840F6C87188420BDD0B480078B2
:10187000012801D10A490870002008490870012098
:10188000054908700BB000BD00220140A0000020F7
:10189000C4000020D4000020B4000020B5000020C7
:1018A000000500207047000010B50748FEF7D8FC7F
:1018B000064908600A21054802680068401C034B7D
:1018C00018600148815410BDD45C0020F003002052
:1018D00010B50748FEF7C4FC064908600921054811
:1018E00002680068401C034B18600148815410BD19
:1018F000D45C0020F00300202DE9F84F0024A2461C
:10190000B848007800287DD00622B7A1B848FEF775
:10191000DCFC002877D10522B6A1B548FEF794FC7F
:1019200001222C21B24815F0F1F881464846FEF715
:10193000DBFC0090009801F03DFD8246AF48C07985
:1019400018287DDAAD48C079AD490870AB48007AF7
:10195000AC490870A948407AAB4908700422A449F0
:101960001431AA48FEF770FC02222C21A04815F081
:10197000CDF8814699F80000A049087503222C2172
:101980009B4815F0C3F88146484611F043FC0546D4
:10199000FEF7D2FF9949C860C868FEF78AFF05467E
:1019A00000229B4BFEF7B0FF0DD89449C868FEF7A4
:1019B00080FF0546974A984BFEF78EFF03D88F4865
:1019C000C0689649C86005222C21894815F09EF808
:1019D0008146484611F01EFC0546FEF7ADFF8749DB
:1019E00008610869FEF765FF054600228C4BFEF78B
:1019F0008BFF10D881490869FEF75BFF0546894ACD
:101A0000894B01E0ECE0E8E0FEF766FF03D87B4895
:101A100000698249086107222C21754815F076F883
:101A20008146484611F0F6FB0546FEF785FF7349EF
:101A300088618869FEF73DFF07467C4A7C4B00E0E1
:101A4000C2E0FEF7CDFD0546FEF776FF6B498861E3
:101A50007848C078022819D188694FF07E51FEF786
:101A600091FF13D274480068FEF79BFE0646634858
:101A700081693046FEF745FC0546FEF7CEFE6E490D
:101A800008606E480088401C6C4908806B480088DC
:101A9000052815D1594988696949FEF769FF0FD2B0
:101AA000654800680521B0FBF1F0664908700846FA
:101AB0000078052801DC0020087000205F490880BC
:101AC000604800780A2804DA5E4800785E490870A9
:101AD00005E04A498869FEF7A0FE5B4908700922C3
:101AE0002C21434815F012F881464846FEF7FCFBCE
:101AF0008346002406E03E48005D2A2800D103E02A
:101B0000601CC4B2502CF6DB00BF394890F8360098
:101B10003038374991F83510303901EB810100EB4D
:101B200041004A490880324890F83800303830493E
:101B300091F83710303901EB810100EB4100434946
:101B400048802B4890F83A003038294991F83910EC
:101B5000303901EB810100EB41003C4988800846A7
:101B600000783B490870394880783A49087037480E
:101B70000079394908702148007D412810D104219D
:101B8000364802F075FF01201C49087000203449D6
:101B9000087001203349087000203349087018E0AC
:101BA0000020164908702F49087001202E4908703E
:101BB0002E480078012803D02D480078012808D14C
:101BC00001202749087004E000200C49C871087200
:101BD000487250210648FEF71AFB002001490870A0
:101BE000BDE8F88FE1050020244750524D43000026
:101BF00010C501203030303030000000D4C5012045
:101C0000E2050020E3050020E4050020FC0500209B
:101C100000C082408A8EE4F2FF5FAD40B8C501206B
:101C20000090BA40A323B9FCFF0FC340448B6CE77C
:101C3000FBA9FD3F74EC0120EC050020E805002025
:101C4000000020416908002002060020F60500205F
:101C5000E5050020E7050020E60500200010024011
:101C6000F405002001060020E005002063080020A4
:101C70006208002070B5002400250026584800782E
:101C8000B0B958480068012811D11420564948734A
:101C90000020564908805649087000F041FE012096
:101CA000544908705449087000205449087095E060
:101CB0004C480068022830D14D48007808280ADADC
:101CC0004F48B0F90000002805DD4D480088401E4F
:101CD00000B24B4908804648007878B9002048494E
:101CE00008803F480078424908704548008809301C
:101CF0003E4908800720424908806FE03C48007850
:101D000000286BDD3A480078401E394908703C488D
:101D10000088801C3549088060E03248006803284C
:101D20002CD13748B0F90000072805DA344800887C
:101D3000401C00B2324908802D48007828490978B3
:101D400088420AD100202A4908702D490880084697
:101D50000088801C2549088040E0254800782049FB
:101D6000097888423ADA22480078401C20490870F5
:101D700023480088801C1D4908802FE0194800680E
:101D800004281AD100201E49088008201649C8726C
:101D90001C48174A127800EB021105221A48FEF778
:101DA00053FA00201349087018490870164803F0C8
:101DB000DFFE01201049087010E00A480068012881
:101DC0000CD11420084948730020084908800849AC
:101DD000087000F0A5FD01200649087070BD0000E4
:101DE000A1080020100500202DE80120A0070020F8
:101DF00074070020330700206408002084000020BE
:101E00009C0700205DDB0120790700206508002089
:101E10002DE9F04B96B04FF0010BFE48007828B941
:101E200006F0D0FEFF2016B0BDE8F08BFA4800782F
:101E300000F0010000287DD00020F7490870F74825
:101E40000078002877D101F013FEFF2602E002F0AF
:101E5000B9FB0646FF2EFAD0002588E04FF4C020DB
:101E600000EB464000F58C6005EBC50202EB051265
:101E700000EB82011622EA4807F0D4FA0B22E84967
:101E80000EA8FEF7E1F90EA811F0C4F9CDE90C0196
:101E9000FEF752FDE349C86500200E900F901090A8
:101EA00011900B22DE490B310EA8FEF7CDF90EA8DA
:101EB00011F0B0F9CDE90C01FEF73EFDD9490866F5
:101EC000086EFEF7F6FCCDE90A01D649C86DFEF7AB
:101ED000F0FCCDE90801D0490869FEF7EAFCCDE93C
:101EE0000601CD49C868FEF7E4FCCDE90401DDE94F
:101EF0000A01CDE90201DDE90801CDE9000104A8EC
:101F00000FC811F011F9CDE90C01FEF7B9FC044638
:101F1000BBF1000F23D14C450FD2C3480460C34826
:101F20000570C34806700120BC4908700020C149F3
:101F3000087001E04FE21EE0A146012D0FD14C4593
:101F40000DD9B9480460B9480570B9480670012038
:101F5000B24908700020B7490870A1460AE0BBF1F9
:101F6000000F00D0A1464FF0000B681CC5B2052D34
:101F7000FFF674AF2FE2AE4800784FF4C02202EBB8
:101F8000404000F58C60A94A127802EBC20303EBD3
:101F9000021200EB82011622A14807F043FA0B223D
:101FA0009F490EA8FEF750F90EA811F033F9CDE9BC
:101FB0000C01FEF7C1FC9B49C86500200E900F90F4
:101FC000109011900B2296490B310EA8FEF73CF9A8
:101FD0000EA811F01FF9CDE90C01FEF7ADFC9149F7
:101FE0000866086EFEF765FCCDE90A018D49C86DEB
:101FF000FEF75FFCCDE9080187490869FEF759FC47
:10200000CDE906018449C868FEF753FCCDE9040117
:10201000DDE90A01CDE90201DDE90801CDE90001B0
:1020200004A80FC811F080F8CDE90C01FEF728FCD8
:1020300080467F4800784FF4C02202EB404000F514
:102040008C607A4A1278521C02EBC20303EB021234
:1020500000EB82011622724807F0E4F90B22704966
:102060000EA8FEF7F1F80EA811F0D4F8CDE90C0196
:10207000FEF762FC6B49C86500200E900F9010902F
:1020800011900B2266490B310EA8FEF7DDF80EA861
:1020900011F0C0F8CDE90C01FEF74EFC614908666D
:1020A000086EFEF706FCCDE90A015E49C86DFEF731
:1020B00000FCCDE9080158490869FEF7FAFBCDE9B3
:1020C00006015549C868FEF7F4FBCDE90401DDE9D6
:1020D0000A01CDE90201DDE90801CDE9000104A80A
:1020E0000FC811F021F8CDE90C01FEF7C9FB074636
:1020F00050480078401C4F49087008460078012875
:1021000008D14D4807604D48C0F800804C48C0F8E1
:1021100000A060E1474800780228FAD149480760EA
:102120004948C0F800804948C0F800A04648006807
:102130004249096888421FD2424800683E490968FE
:10214000884219D23A480078400400F5C021143181
:10215000052212A807F066F901203D4908703348AE
:1021600000783C49086012A803F002FD00212F48C6
:10217000007802F083FC1BE1334800682F490968AE
:1021800088426BD22F4800682B49096888427AD967
:102190002748007850B90120254908702E4800686A
:1021A00022490978401A2B49086025E02048007828
:1021B000012807D100201E4908701C4800782549D5
:1021C000086019E01A48007802280BD1032018494A
:1021D00008702148016815480078401C081A1D49FC
:1021E000086009E012480078032805D110490870FA
:1021F0000E480078174908600D480078400400F543
:10220000C0211431052212A807F00CF912A803F01E
:10221000AFFC24E001060020D4C50120EE07002019
:10222000E01A00206CF10120E8070020EC070020F4
:10223000ED070020DC080020B4080020BC080020C6
:10224000B8080020C8080020C4080020C0080020EA
:10225000A4070020A40800209C08002013E05F4889
:1022600000685F4A1268811A5D48006802F006FC47
:102270005A4800685A490968401A5A4908600120BA
:102280005949087094E059480068594909688842DA
:102290002ED95848006858490968884228D25748BA
:1022A0000078400400F5C0211431052212A807F07F
:1022B000B9F801204C49087051480078401CC0B260
:1022C0004F4908704649086012A803F051FC434882
:1022D0000068434A1268811A4148006802F0CEFB48
:1022E0003E4800683E490968401A3E4908605FE080
:1022F0003E4800683E490968884259D93D4800680F
:102300003D490968884253D93C48007850B90120BA
:102310003A4908703148006839490978401A30490B
:10232000086025E035480078012807D100203349AE
:102330000870334800782A49086019E02F4800786F
:1023400002280AD103202D490870244800682C492E
:102350000978401A224908600AE0284800780328D2
:1023600006D1022025490870254800781C490860DC
:1023700022480078400400F5C0211431052212A83B
:1023800007F050F812A803F0F3FB14480068144A51
:102390001268811A1248006802F070FB0F4800684A
:1023A0000F490968401A0F49086001200E4908705A
:1023B0000D480078012805D11248129901609DF856
:1023C0004C1001710848007810B100200E490870C7
:1023D00000200E490870002025E500009C08002020
:1023E000A40800205C080020A4070020C4080020E6
:1023F000BC080020C8080020B4080020ED07002019
:10240000EC0700205DDB0120A3070020EE07002081
:1024100070B505460C4609480560204600F010F8E6
:1024200001E003F0F1FF054800680028F9D1002120
:102430004FF0804008F045FE70BD0000BC04002055
:102440003EB5044600214FF0804008F03AFE0022DD
:102450000121880708F052FE022C02D10B200190C6
:1024600004E0012C02D142F6DF6001900520ADF8B6
:1024700000000020ADF80800ADF8020069464FF0FA
:10248000804008F047FE0121880708F017FE01216F
:10249000880708F007FE01221146900708F02EFE7B
:1024A0000121880708F00DFE3EBD30B502460B46FF
:1024B0000020002100BF06E012F8014BCD00AC4027
:1024C00020434C1CE1B29942F6DB30BD08F072FBB0
:1024D00000BFFEE710B50948007838B10020074971
:1024E00008700421064802F0C5FA06E004210448F9
:1024F00002F0BEFA01200149087010BD0306002059
:102500000010024008B50020009010F01FF94FF4B1
:10251000FA7005F069FD4FF400404349088001203E
:1025200005F062FD4FF400403F49891C088000BF60
:102530004FF400713D4802F092FA0028F8D164206F
:102540003B49087000BF4FF40071384802F087FA29
:102550000028F8D006F09CFD4FF4006033491A3192
:10256000088004220021084610F0D2F84FF40060E1
:102570002E4918310880891C088000220821104645
:1025800010F0C6F84FF40060284918310880891C03
:102590000880322211460B2010F0BAF84FF4006088
:1025A000224918310880891C0880002260210320FC
:1025B00010F0AEF84FF400601C4918310880642018
:1025C0001B49087000BF4FF40071184802F047FA29
:1025D0000028F8D0642005F007FD642010F002F90F
:1025E00001229103684606F01DFF9DF80000114985
:1025F000087008460078642808DD64208DF8000023
:10260000087001229103684606F044FF09480078EB
:1026100010F0E8F8084807F037F903F09FFF64204E
:1026200005F0E2FC08BD000018180240001402404A
:10263000DC0500204B070020003C00400146B1F5BE
:102640007A7F01DD002070470846FCE770B503245F
:1026500010E0254660200949087009490D70280AD4
:102660000870280C0870D0200449087064200FF00E
:1026700043FF641C03488442EBD370BD000001702B
:1026800000000270A086010010B5042234A1364873
:10269000FDF71BFE08B9012010BD032233A132480B
:1026A000FDF713FE08B90220F6E7082230A12E48F4
:1026B000FDF70BFE08B90320EEE703222FA12A48FD
:1026C000FDF703FE08B90420E6E704222CA1264802
:1026D000FDF7FBFD08B90520DEE703222AA1224809
:1026E000FDF7F3FD08B90620D6E7042227A11E480E
:1026F000FDF7EBFD08B90720CEE7072225A11A4810
:10270000FDF7E3FD08B90820C6E7082223A1164813
:10271000FDF7DBFD08B90920BEE7082222A1124817
:10272000FDF7D3FD08B90A20B6E7072221A10E481C
:10273000FDF7CBFD08B90B20AEE708221FA10A4820
:10274000FDF7C3FD08B90C20A6E709221EA1064823
:10275000FDF7BBFD08B90D209EE700209CE70000B7
:102760004355525600000000B2F101205053520070
:10277000484F4D452D43544C0000000043544C003D
:102780004354524C00000000524853004C455353F0
:10279000000000005741524E2D4244005741524E16
:1027A000204252440000000048414C542042524410
:1027B0000000000044495354414E540047415445E1
:1027C000205349470000000048414C543A42484CCD
:1027D0005000000010B5042234A13648FDF775FD05
:1027E00008B9012010BD032233A13248FDF76DFD69
:1027F00008B90220F6E7082230A12E48FDF765FD52
:1028000008B90320EEE703222FA12A48FDF75DFD5A
:1028100008B90420E6E704222CA12648FDF755FD5F
:1028200008B90520DEE703222AA12248FDF74DFD65
:1028300008B90620D6E7042227A11E48FDF745FD6A
:1028400008B90720CEE7072225A11A48FDF73DFD6C
:1028500008B90820C6E7082223A11648FDF735FD70
:1028600008B90920BEE7082222A11248FDF72DFD74
:1028700008B90A20B6E7072221A10E48FDF725FD79
:1028800008B90B20AEE708221FA10A48FDF71DFD7D
:1028900008B90C20A6E709221EA10648FDF715FD80
:1028A00008B90D209EE700209CE7000043555256D2
:1028B0000000000016F2012050535200484F4D45D1
:1028C0002D43544C0000000043544C004354524CE0
:1028D00000000000524853004C45535300000000D4
:1028E0005741524E2D4244005741524E20425244CD
:1028F0000000000048414C542042524400000000B7
:1029000044495354414E540047415445205349478C
:102910000000000048414C543A42484C500000002E
:1029200010B5012017490880C0031749088000200E
:10293000164908601649087016490870164908704B
:10294000164908701649087016490860164908703B
:10295000164908701649087016490870164908602B
:102960001649087011490870154908700120154969
:10297000087000201449087064211448FDF747FCD2
:1029800010BD00001818024018140240E80700208B
:10299000EC070020ED070020EE070020EF070020E5
:1029A000A40700205C0800206408002060080020C4
:1029B0006608002067080020A4080020A008002066
:1029C0006108002065080020840000202F1F0020DF
:1029D0002DE9F05F0024A3460027A146A24600BFD0
:1029E00097E07048005D412819DB6E48005D5A2869
:1029F00015DC04EBC4004FF6FF7101EAC005694A1B
:102A0000125D413A02EBC20303EB8212664B1A4499
:102A1000511C664A50194822FDF7D2FB77E0614805
:102A2000005D202817DB5F48005D402813DC04EBC5
:102A3000C400C004050C5B4A125D921F02EBC20386
:102A400003EB8212584B1A44511C584A5019482221
:102A5000FDF7B6FB5BE05348005D20280AD104EB8C
:102A6000C400C004050C5149481948225049FDF7DB
:102A7000A7FB4CE04B48005D2D280BD104EBC400B4
:102A8000C004050C49494819482249494931FDF714
:102A900097FB3CE04348005D2E280BD104EBC400BB
:102AA000C004050C41494819482241499231FDF7BB
:102AB00087FB2CE03B48005D3A280BD104EBC400B7
:102AC000C004050C39494819482239494939FDF7EC
:102AD00077FB1CE03348005D6F280AD104EBC4008B
:102AE000C004050C3149481948223249FDF768FBFA
:102AF0000DE02C48005D6E2809D104EBC400C00431
:102B0000050C2A49481948222B49FDF759FB601C3E
:102B100084B20D2CFFF665AF4FF0010800263CE0B3
:102B20004FF0010808FA07F000F0FF08002426E043
:102B300004EB440050441D49085C00EA080058B109
:102B40001E481F490988405C802141FA09F1084369
:102B50001A491B4A1288885409F10100C0B2814603
:102B600008280AD14FF000090BF101001FFA80FB81
:102B700013480088401C12490880601C84B2B4F5D8
:102B8000A07FD5DB781CC7B2082F04D100270AF13B
:102B9000010000F0FF0A701C86B2182EC0DBBDE8F1
:102BA000F09F000013200020E09001085155002004
:102BB0006E9B0108DB9C010896940108892C00207B
:102BC0009E0300202DE9F05F0024A3460027A146C4
:102BD000A24600BF79E06348005D412819DB6148E7
:102BE000005D5A2815DC04EBC4004FF6FF7101EAC2
:102BF000C0055C4A125D413A02EBC20303EB82124C
:102C0000594B1A44511C594A50194822FDF7D8FA19
:102C100059E05448005D202817DB5248005D4028E9
:102C200013DC04EBC400C004050C4E4A125D921F75
:102C300002EBC20303EB82124B4B1A44511C4B4A6A
:102C400050194822FDF7BCFA3DE04648005D2028B7
:102C50000AD104EBC400C004050C444948194822B9
:102C60004349FDF7ADFA2EE03E48005D2D280BD11B
:102C700004EBC400C004050C3C49481948223C49F7
:102C80004931FDF79DFA1EE03648005D2E280BD134
:102C900004EBC400C004050C3449481948223449E7
:102CA0009231FDF78DFA0EE02E48005D3A280AD1E8
:102CB00004EBC400C004050C2C49481948222C49D7
:102CC0004939FDF77DFA601C84B2192C83DB4FF083
:102CD0000108002642E04FF0010808FA07F000F072
:102CE000FF08002427E004EB44000AEB40001F49E2
:102CF000085C00EA080058B11E481F490988405C7A
:102D0000802141FA09F108431A491B4A1288885464
:102D100009F10100C0B2814608280AD14FF000092C
:102D20000BF101001FFA80FB13480088401C124978
:102D30000880601C84B2B4F5A07FD4DB781CC7B2D5
:102D4000082F04D100270AF1010000F0FF0A4FF418
:102D500096710448FDF75BFA701C86B2182EBADB38
:102D6000BDE8F09F13200020E0900108515500209D
:102D70006E9B0108892C00209E0300202DE9F84F4E
:102D800000200090002782468346C02540F26C71E7
:102D9000B748FDF73CFA002463E0B648005D4128DF
:102DA00015DBB448005D5A2811DC04FB05F086B23F
:102DB000B04A125D413A02EB4202AF4B03EB821183
:102DC000AB4A90192A46FDF7FBF9C02547E0A94810
:102DD000005D302815DBA748005D392811DC05FBB4
:102DE00004F086B2A34A125D163A02EB4202A24BED
:102DF00003EB82119E4A90192A46FDF7E1F9C0259E
:102E00002DE09C48005D20280AD105FB04F086B225
:102E10009749881960229949FDF7D2F9C0251EE02B
:102E20009448005D2D280BD105FB04F086B2904933
:102E300088192A469149C031FDF7C2F9C0250EE034
:102E40008C48005D3A280AD105FB04F086B2884917
:102E500088192A468949C039FDF7B2F9C025601C96
:102E600084B2092C99DB4FF001094FF000083FE0D4
:102E70004FF0010909FA07F000F0FF09002427E0EC
:102E800004EB44000BEB40007949085C00EA0900C0
:102E900058B17B487B490988405C802141FA0AF19E
:102EA00008437749774A128888540AF10100C0B272
:102EB000824608280AD14FF0000A0098401C80B2D0
:102EC000009070480088401C6E490880601C84B2E5
:102ED000B4F5A07FD4DB781CC7B2082F04D100273B
:102EE0000BF1010000F0FF0B08F1010000F0FF08FA
:102EF000B8F1300FBCDB4FF000080027BA46BB46E4
:102F0000092468E05B48005D412816DB5948005DF4
:102F10005A2812DCA4F10900684386B2554A125DB2
:102F2000413A02EB4202544B03EB8211504A901992
:102F30002A46FDF745F9C0254BE04E48005D302894
:102F400016DB4C48005D392812DCA4F10900684307
:102F500086B2484A125D163A02EB4202464B03EB38
:102F60008211434A90192A46FDF72AF9C02530E01C
:102F70004048005D20280BD1A4F10900684386B2C7
:102F80003B498819C0223D49FDF71AF9C02520E0C8
:102F90003848005D2D280CD1A4F10900684386B2A1
:102FA000334988192A463549C031FDF709F9C0254A
:102FB0000FE03048005D3A280BD1A4F109006843C6
:102FC00086B22B4988192A462C49C039FDF7F8F8F2
:102FD000C025601C84B2122C94DB4FF001094FF025
:102FE00000083FE04FF0010909FA07F000F0FF097F
:102FF000002427E004EB44000BEB40001C49085C74
:1030000000EA090058B11E481E490988405C802129
:1030100041FA0AF108431A491A4A128888540AF1F7
:103020000100C0B2824608280AD14FF0000A009879
:10303000401C80B2009013480088401C1149088051
:10304000601C84B2B4F5A07FD4DB781CC7B2082F13
:1030500004D100270BF1010000F0FF0B08F1010083
:1030600000F0FF08B8F1300FBCDBBDE8F88F0000BE
:103070005155002013200020E0720108A08E0108A5
:10308000892C00209E0300202DE9F0478046002077
:10309000002700220025002600BF53E0DFF860C1B2
:1030A0001CF800C0BCF1410F20DBDFF854C11CF854
:1030B00000C0BCF15A0F19DC4FF6FF7C0CEAC004CB
:1030C000DFF840C10CEB0409DFF834C11CF800C084
:1030D000ACF1410CDFF830A10AEBCC0CDCF800A01D
:1030E000C9F800A0DCF804C0C9F804C0DFF810C1BA
:1030F0001CF800C0BCF1200F20DBDFF804C11CF875
:1031000000C0BCF1400F19DC4FEAC04C4FEA1C4430
:10311000DFF8F0C00CEB0409DFF8E4C01CF800C0D5
:10312000ACF1060CDFF8E0A00AEBCC0CDCF800A058
:10313000C9F800A0DCF804C0C9F804C000F1010C13
:103140001FFA8CF02828A9DB0123002154E0012379
:1031500003FA02FC0CF0FF0300203BE000EB060C3E
:10316000DFF8A09019F80CC00CEA030CBCF1000FBA
:1031700015D0DFF898C0DFF89890B9F800901CF8E7
:1031800009C04FF0800949FA05F94CEA090CDFF84B
:103190007C90DFF87CA0BAF800A009F80AC005F11D
:1031A000010C0CF0FF0C6546BCF1080F0ED1002598
:1031B00007F1010C1FFA8CF7DFF854C0BCF800C00F
:1031C0000CF1010CDFF84890A9F800C000F1010CE7
:1031D0001FFA8CF0B0F5A07FC0DB02F1010C0CF0FF
:1031E000FF02082A04D1002206F1010C0CF0FF06B0
:1031F00001F1010C1FFA8CF10829A8DBBDE8F0876A
:10320000132000205155002080010020892C00202F
:103210009E0300202DE9F04F8146002084460022C5
:103220000025002600BF53E0DFF8708118F8008009
:10323000B8F1410F20DBDFF8648118F80080B8F1A5
:103240005A0F19DC4FF6FF7808EAC004DFF8508106
:1032500008EB040ADFF8448118F80080A8F141085F
:10326000DFF840B10BEBC808D8F800B0CAF800B0DE
:10327000D8F80480CAF80480DFF8208118F80080AC
:10328000B8F1200F20DBDFF8148118F80080B8F1C6
:10329000400F19DC4FEAC0484FEA1844DFF80081BC
:1032A00008EB040ADFF8F48018F80080A8F106089B
:1032B000DFF8F0B00BEBC808D8F800B0CAF800B0DF
:1032C000D8F80480CAF8048000F101081FFA88F0D9
:1032D0002828A9DB012300215CE0012303FA02F87E
:1032E00008F0FF03002744E000203BE000EB060865
:1032F000DFF8ACA01AF8088008EA0308B8F1000F5C
:1033000015D0DFF8A480DFF8A4A0BAF800A018F860
:103310000A804FF0800A4AFA05FA48EA0A08DFF8FC
:1033200088A0DFF888B0BBF800B00AF80B8005F180
:10333000010808F0FF084546B8F1080F0ED1002536
:103340000CF101081FFA88FCDFF86080B8F80080F3
:1033500008F10108DFF854A0AAF8008000F1010884
:103360001FFA88F0B0F5A07FC0DB07F1010808F074
:10337000FF07022FB8DB02F1010808F0FF02082A5C
:1033800004D1002206F1010808F0FF0601F101084E
:103390001FFA88F10829A0DBBDE8F08F1320002078
:1033A0005155002080010020892C00209E03002020
:1033B000704700002DE9FC41054600274CF60870D7
:1033C00005440020009001902A4623A168460FF092
:1033D00025FA01A8FCF788FF2149487200208DF8E2
:1033E00004000DF10200FCF77FFFC6B200208DF84B
:1033F00002006846FCF778FFC4B23C2E04DBA6F15D
:103400003C00C6B2601CC4B2182C03DBA4F1180047
:10341000C4B201271248C471067200201149086025
:103420000F48C0794FF4616148430E4908600C4869
:10343000007AC0EB0010096801EB800009490860C0
:103440000748407A096808440649086017B1012016
:10345000BDE8FC810020FBE725366C75000000000C
:10346000D4C50120F005002000210BE00278612A7C
:1034700005DB02787A2A02DC0278203A0270401CCE
:103480004A1CD1B20A29F1DB704700002DE9F04F48
:103490008DB00546884600200C900490039082462B
:1034A00006E015F8010B07A901F80A000AF1010A64
:1034B00028780028F5D107A901F80A00012011F0A9
:1034C00001FD0446022C01D0012C02D10DB0BDE853
:1034D000F08F4FF0000929E0614F002403E007A8B6
:1034E000005D3855641C07A8005D0028F7D107A8C7
:1034F000005D3855C7F8288001200C9059480168B4
:1035000001918088ADF80800012355480F38029AD0
:1035100001F00EF807A9012011F0D4FC0446012C9B
:1035200000D106E009F1010000F0FF09B9F1020F36
:10353000D2DB00BF012C7BD10598069000214A48C0
:1035400010F0EDFF83460020464908804748008878
:10355000488047480078888044480088DB2802D1AA
:1035600043480078888076E04FF400614148FCF7DA
:103570004EFE002638E04FF400613F48FCF747FE5E
:1035800004AB4FF400723C49374811F0C7F9834649
:1035900004AB4FF400723949334811F0BFF9834648
:1035A00004AB4FF4007236492F4811F0B7F9834647
:1035B00004AB4FF4007233492B4811F0AFF9834646
:1035C000BDF8100010B1BBF1000F00D011E0294987
:1035D00001EBC6204FF400622749FCF7F1FD761C91
:1035E000012E01D1002604E0274802F0E9FE002860
:1035F000C1D100BF039800F500600390194880888E
:10360000012801D12148006816480168019180888D
:10361000ADF8080001231748029A00F089FF11480D
:103620008088401C80B20F498880402801D113E077
:1036300013E0039840450ED9002003900B48008802
:103640000A2190FBF1F201FB120018B907A9002032
:1036500013F028F900E087E700BF00BF36E700005D
:1036600077920020A8050020D07200206805002075
:1036700050050020CC9A0020548A0020548C002051
:10368000548E002054900020EC0800209405002067
:103690007047000010B50021014807F012FD10BD71
:1036A000000400402DE9F0410026234F002518E0DA
:1036B00000BF4FF40071214801F0D1F90028F8D083
:1036C0004FF480601D491A3108803146761C1C4A2F
:1036D000505C05F031FD4FF48060184918310880C6
:1036E0006D1CBD42E4DD4FF4806014491A3108803E
:1036F00000240BE000BF4FF40071104801F0AFF957
:103700000028F8D0002005F017FD641CB4F5006F08
:10371000F0DB00BF4FF40071084801F0A0F9002869
:10372000F8D04FF480600549183108804FF4FA70E2
:1037300004F05AFCBDE8F081C026010000140240EC
:10374000D635020870B50024462011F0C5FE0020D1
:1037500011F0ECFE002011F0E9FE4C2011F0BCFE4F
:10376000422011F0B9FE1448007880B11348008857
:10377000C0EB001085012C4605E01148005DC043F8
:103780000F490855641C05F570708442F5D3002478
:1037900004E00B49085D11F0C9FE641C42F25C5064
:1037A0008442F6D942F210710548FCF730FD002042
:1037B0000449088070BD000033070020A0070020E6
:1037C000892C00209E0300201CB501A9002004F0D4
:1037D000D7FF6946002004F0ABFF9DF804002149A3
:1037E00008702149C8719DF80500204908701E49DC
:1037F00008729DF8060048729DF800001C49087088
:103800009DF801001B4908709DF802001A490870D4
:103810009DF8030019490870084600780B2807DD59
:1038200008460078642803DA08460078144988803E
:1038300010480078002807DD0E4800780D2803DACC
:103840000C4800780E4948800B480078002807DDB6
:1038500009480078202803DA0748007808490880DA
:103860001CBD000004050020D4C501200505002072
:103870000A05002007050020090500200805002092
:10388000F60500202DE9FE4F00250027A84600265A
:10389000A9466648C079302817DB6448C0793928C2
:1038A00013DC6348007802280FDA6048C0793038AA
:1038B000C1B260485E4A127881540078022804DA66
:1038C0005B480078401C5A49087059480078022823
:1038D0007ED10020564908705648407855490978ED
:1038E0000A2202FB01005449087020220821534893
:1038F000FCF786FC5248504A127800EB0211052270
:103900004E48FCF7A1FC4D4806F06EFA012871D133
:10391000FF200EF0F1FD494806F0DEFA002869D0DC
:10392000484890F8B89000260120474908700024C4
:103930000CE004EBC40101EB0411444A02EB41002A
:1039400020223221FCF75CFC601CC4B21E2CF0DB90
:10395000002542E03E4951F826003E4905F070F846
:1039600004223C4998316846FCF76EFC2E208DF805
:1039700004006D208DF8050070208DF806003320BE
:103980008DF8070068460FF05AFC8046B8F1000F2A
:103990001DD101203049087030480078401C2F4963
:1039A00008702C492E48FCF787FC2D48FCF758FC82
:1039B000824639467A1CD7B201EBC10202EB0111F3
:1039C000224A02EB410052462549FCF7F9FB00E090
:1039D00010E0701CC6B2681CC5B24D45BADB0120B0
:1039E000204908701C480078012803D14FF4FA7070
:1039F0001D4908600D480078C0F38000A0B1072081
:103A00001A49087408204874012048740020154998
:103A1000087011480078012804D100200F4908706F
:103A20000D49087005F0CEF8BDE8FE8F48820020F1
:103A3000480700207707002074070020790700203E
:103A40005DDB0120F0E90120F107002081D5012094
:103A5000A8EB012024EE01204D0700204E07002096
:103A60001ED5012046070020140500202DE8012066
:103A700070B500250026002400203D49087000BFD5
:103A800071E03C480078012814D106EB4600400460
:103A900000F5C0217D311422374805F0C3FC06EB48
:103AA0004600400400F5C02114311422334805F0CB
:103AB000B9FC0FE0700400F5C0217D3114222E48BE
:103AC00005F0B0FC700400F5C021143114222B481D
:103AD00005F0A8FC29480078FF2800D145E02448DB
:103AE0000078401C22490870002424E02248005D30
:103AF000412803DB2048005D5A281ADD1E48005D7E
:103B00002D2816D0142C14DC022C07DA1848007863
:103B1000401E17490870681EC5B220E01648005DB7
:103B2000302803DB1448005D392802DD00201249EB
:103B30000855601CC4B2142CD8DB05EBC50101EBA1
:103B400005110F4A881814220B49FCF77DFB0D491B
:103B500001EB051005220949FCF776FB00BF681C44
:103B6000C5B2701CC6B2502D8BDB00BF70BD00000B
:103B7000A10800202407002050D5012000D50120F5
:103B80005DE001205DDB012005480068012805D1CA
:103B9000142004494873002003490880704700003E
:103BA000100500202DE80120A007002010B50220FC
:103BB00000F002F810BD0000014600200022074B73
:103BC0001B6803EA0102054B14331B680B4013B159
:103BD0000AB1012000E0002070470000003C0140D5
:103BE00010B50A20A0490870A0480068022810D12A
:103BF0009F480078002804DD9D480078401E9C49BD
:103C000008709B480078012802DA00209849087063
:103C1000EDE096480068032812D195480078924953
:103C20000978884204DA92480078401C904908706C
:103C30008F4800780928EBDD00208D490870D6E018
:103C40008A48006804287DD100208A49087104222E
:103C50009102894805F0E6FB85480178874802789B
:103C60000078401C854B1870824881548448007845
:103C7000032805DA82480078401C8149087002E078
:103C800000207F4908707D480078042802DD00206C
:103C90007A490870042277497748FCF716FB80B907
:103CA000012078490870784908700020734908702D
:103CB0005820764908707649087076490870764928
:103CC000087000206A4908706C48007801280BD100
:103CD0000846007830306F49087058206C490870E9
:103CE0006D490870694908706448007802280BD152
:103CF0005F4800783030684908705820644908707F
:103D000064490870614908705C48007803280BD149
:103D10005748007830305D49087058205C49087079
:103D20005C4908705C4908705448007804285ED1EA
:103D30005820564908705649087056490870564927
:103D4000087000E017E04F48007801284FD0142099
:103D50005249487300205249088045490870FEF7CF
:103D6000DFFD01204F490870002044490870414898
:103D7000002101603BE03D480068052817D1002084
:103D80003C490871042291023B4805F04BFB042298
:103D900038493948FCF799FA48BB0120394908707D
:103DA0003448002101600020344908701FE02F488A
:103DB000006801281BD11420384948730020384975
:103DC00008802B490870FEF7ABFD012035490870CB
:103DD00000202A49087058202C4908702C49087086
:103DE0002C4908702C4908702248002101602348A2
:103DF000007840B91D480068012804D01C480078AC
:103E00003030234908701D48007801280BD118482C
:103E1000007830301F49087058201D4908701E492D
:103E200008701A4908701548007802280BD110480C
:103E30000078303018490870582015490870154925
:103E40000870124908700D48007803280BD1084803
:103E5000007830300D49087058200D4908700D4920
:103E600008700D49087010BDA20800201005002040
:103E7000220100208A07002055070020AE070020FD
:103E800048070020450700203107002026010020B8
:103E90002301002024010020250100202DE801201D
:103EA000A00700203307002010B5002406E04FF4DF
:103EB000005101EB043005F051FC641C5D2CF6D37D
:103EC0004FF47C4005F04AFC4FF47C41002005F0A3
:103ED00045FA10BDF0B591B006460C4659480F9012
:103EE0004FF4807010903146684610F0DFFC0546B4
:103EF000002D75D19CE002F087FA09A9684610F000
:103F0000F7FD054615B99DF82D0000B996E09DF81E
:103F10002D002E2800D18BE00F98007808B10F9863
:103F200001E00DF12D00074647480078401C464946
:103F3000087008460078092801DD00200870012C6F
:103F400007D142A14348FCF7B7F942480FF087F97F
:103F500026E0022C07D140A13E48FCF7ADF93D48D0
:103F60000FF07DF91CE0032C07D13EA13948FCF786
:103F7000A3F938480FF073F912E0042C07D13DA1E2
:103F80003448FCF799F933480FF069F908E0052C3B
:103F900006D13DA12F48FCF78FF92E480FF05FF9AD
:103FA0009DF82C0000F03F00102803D138460FF098
:103FB00056F902E038460FF052F9264838A1098830
:103FC00001800FF04CF99DF82C0000F03F00102804
:103FD00007D1012C05D102213846FFF77BFF26E0EF
:103FE0002DE09DF82C0000F03F00102806D1022C97
:103FF00004D103213846FFF76DFF18E09DF82C002F
:1040000000F03F00102806D1032C04D104213846CB
:10401000FFF760FF0BE09DF82C0000F03F00102838
:1040200005D1042C03D105213846FFF753FF00BF0B
:104030001C4802F0C5F900287FF45DAF00BF284698
:1040400011B0F0BDF4740020E40300202020207C97
:104050005F5F00005C7000202020207C2020207CFE
:104060005F5F00002020207C2020207C2020207CFE
:104070005F5F00002020207C2020207C2020207CEE
:104080002020207C5F5F00002020207C2020207CDE
:104090002020207C2020207C2020207C5F5F0000CE
:1040A0000A000000EC08002030B50446002505E0B9
:1040B00014F8010B2A494855681CC5B2207800281D
:1040C000F6D12749485514F8010B087514F8010B6F
:1040D000487514F8010B887502212046FEF7E5F9B2
:1040E0001F490883A41C02212046FEF7DEF91C4963
:1040F0004883A41C02212046FEF7D7F9184988837B
:10410000A41C02212046FEF7D0F91549C883A41C3F
:1041100002212046FEF7C9F911490884A41C022196
:104120002046FEF7C2F90E494884A41C022120460D
:10413000FEF7BBF90A498884002506E0641C207854
:10414000FF2800D003E0681CC5B21E2DF6DB00BFBF
:1041500004212046FEF7A9F90149886230BD00001C
:1041600044C1012099B1102808D14FF02042126EAD
:1041700042F004024FF020431A661BE00E4A126818
:1041800042F004024FF02043C3F8802012E01028D0
:1041900008D14FF02042126E084B1A404FF02043D6
:1041A0001A6607E0044A1268044B1A404FF0204395
:1041B000C3F8802070470000800000A0FBFF0F00C4
:1041C00030B5002100220023446844F008048568CB
:1041D0002C43C5682C4305692C43456944EA4524B2
:1041E000856944EA4531C4692468C5696D6844EA53
:1041F0000524C5692D8944EA0544C5692D7B44EA37
:104200000562046A2468056A6D6844EA0524056A43
:104210002D8944EA0544056A2D7B44EA0563046858
:10422000102C05D14FF020442166A266E36608E019
:10423000044C21604FF02044C4F88820014C0C3419
:10424000236030BD800000A001464FF480708A8852
:10425000521C8A808A88402A11D100228A804A888A
:10426000521C4A804A88B2F5806F08D100224A80E9
:104270000A88521C0A800A88012A00D1400070472F
:1042800030B54FF08074402500F03CF9054603E05E
:1042900000F038F90546641E402D01D0002CF7D1FE
:1042A0000CB94FF48065284630BD000000B58FB0D2
:1042B0000121782004F05CF90C220B214B4800F01E
:1042C000ABFB0C221146494800F0A6FB0C220E2144
:1042D000464800F0A1FB0C220F21444800F09CFB53
:1042E0000C220021414800F097FB0C2201213F489D
:1042F00000F092FB0C2204213C4800F08DFB0C22C4
:1043000005213A4800F088FB0C220721374800F0CD
:1043100083FB4DF6B3000D9003208DF8390000208B
:104320008DF83A0001208DF83B0002208DF838000E
:104330000DA92E4800F012FB4FF4F0600D900C22F6
:1043400007212B4800F068FB0C220821284800F0C8
:1043500063FB0C220921264800F05EFB0C220A2197
:10436000234800F059FB0DA9214800F0F7FA0C2270
:1043700006211E4800F050FB40200D9003208DF8D0
:10438000390000208DF83A0002208DF83800012015
:104390008DF83B000DA9154800F0E0FA40200D9083
:1043A0000DA9144800F0DAFA0220009003200190D1
:1043B0000420029002200390102004900220059017
:1043C0000020069040200790C0020890002009902D
:1043D0000A90CDF82CD0CDF830D004A8FFF7F0FE2D
:1043E00001211020FFF7BEFE0FB000BD000C0240FF
:1043F00000100240001802402DE9FF4706461C4607
:10440000002500274FF480784FF04009AA4625E0A8
:10441000002019490870194908700870BDF8080093
:10442000BDF8061040EA811014490870BDF8060076
:10443000C0F38700087030200F4908704FF4006AFD
:1044400004E04FF0E040007870556D1C5545F8D3FE
:104450007F1C641E01A8FFF7F7FE804614B1B8F573
:10446000807FD5D0FFF70CFF8146FF200EF044F887
:10447000484604B0BDE8F0870000017000000270FB
:104480002DE9FF4706461C46002700254FF480789B
:104490004FF04009AA4626E0002018490870184944
:1044A000087008200870BDF80800BDF8061040EA42
:1044B000811013490870BDF80600C0F3870008702A
:1044C00030200E4908704FF0100A04E04FF0E04031
:1044D000007870556D1C5545F8D37F1C641E01A8EB
:1044E000FFF7B2FE804614B1B8F5807FD4D0FFF755
:1044F000C7FE8146484604B0BDE8F0870000017061
:1045000000000270002100207022084B1A70120671
:10451000117801F001020AB1012006E001F0400229
:10452000402A01D1402000E00020704700000170C7
:104530002DE9FF4707461C460025A8464FF4807921
:104540004026AA462CE080201C49087000201C4907
:1045500008700870BDF80800BDF8061040EA811028
:1045600017490870BDF80600C0F3870008704FF4C3
:10457000006A04E0785D4FF0E04108706D1C55451D
:10458000F8D310200D490870FFF77AFE0646402E3A
:1045900006D108F10108641E01A8FFF755FE814607
:1045A00024B1B9F5807F01D1402ECCD0FF200DF091
:1045B000A3FF304604B0BDE8F087000000000170A2
:1045C000000002702DE9F04F8DB093480A9007E08B
:1045D0009248007820B1FDF78FF900208F490870CC
:1045E0008F4988698F49FCF7C3F904D20A98411EA4
:1045F0000A910028ECD18A4988698A49FCF7B8F900
:1046000003D2FF200DB0BDE8F08F0020864908706E
:10461000F8E08548007800EB4000844901EB004653
:104620000020834908600B907C48007820B1FDF79A
:1046300063F90020794908700024DAE003F012FCE5
:10464000311916227B4804F0EDFE7A4801F060FA39
:1046500019340B98401C0B907749C868FCF729F96E
:104660000746884674490869FCF723F9CDE9060135
:104670006B490869FCF71DF982468B466849C86892
:10468000FCF717F9CDE90278CDE90401DDE906016F
:1046900052465B46CDE90001DDE904010EF044FD20
:1046A000CDE90801FCF7ECF8814600200C90B9F147
:1046B0000A0F7CD85E480068401C5D4908608CE0A9
:1046C00019345648007820B1FDF716F900205349F7
:1046D0000870002538E031191622564804F0A2FE71
:1046E000544801F015FA5449C868FCF7E2F8074647
:1046F000884651490869FCF7DCF882468B464849F0
:104700000869FCF7D6F8CDE906014549C868FCF709
:10471000D0F8CDE900ABCDE90278CDE90401DDE9BF
:1047200006230EF001FDCDE90801FCF7A9F881464A
:104730001934B9F10A0F05D83D480068401C3C49BE
:10474000086003E0681CC5B2052DC4DB00BF05EBA3
:10475000C50000EB0510241A0C98401CC0B20C9048
:10476000072804DD32480068032800D839E03048C3
:104770000068042802D32C48007843E727480078D3
:1047800058B3FDF7B9F80020244908702A49C868D1
:10479000FCF78FF80746884627490869FCF789F82F
:1047A00082468B461E490869FCF783F800E019E051
:1047B000CDE906011A49C868FCF77BF8CDE900ABE2
:1047C000CDE90278CDE90401DDE906230EF0ACFC69
:1047D000CDE90801FCF754F88146B4F57F4FFFF4AA
:1047E0006FAF00BF12480068082802D30E48007857
:1047F00008E7B4F57F4FFFF421AF0B480078401C69
:1048000009490870084800780C4909788842FFF681
:1048100000AFFF20F6E6000040420F00E105002057
:10482000D4C5012000002041B008002054066400D7
:10483000AC080020BCF60120F0C50120A108002032
:1048400070B504460D464FF480704249088001203F
:104850000CF034FA4FF480703E49891E0880000144
:104860003D490883402010F037FE05200CF026FA61
:10487000302010F05BFE0F2010F058FE8F2010F05B
:1048800055FE272010F052FE2F2010F04FFEEF2093
:1048900010F04CFE282010F049FE002010F046FEDB
:1048A000442010F019FE002010F040FE002010F00F
:1048B0003DFEF02010F03AFE802010F037FE25205B
:1048C00010F034FEF02010F031FE002010F02EFE2B
:1048D0004B2010F02BFE002010F028FE002010F0DE
:1048E00025FE5A2010F0F8FD002010F01FFE5B207E
:1048F00010F0F2FD1D2010F019FE592010F0ECFD13
:10490000162010F013FE002011F06CFA4FF4FA504C
:1049100011F068FA4FF47A5011F064FA462010F062
:10492000DBFD002010F002FE002010F0FFFD5D20F6
:1049300010F0D2FD0F2010F0F9FD8F2010F0F6FDE1
:10494000592010F0C9FD4C2010F0C6FD422010F097
:10495000C3FD70BD1A0C024000100240F0B50A46BB
:1049600000210023002400BF3DE0012505FA01F3EA
:10497000156805EA03049C4234D105684F000326FC
:10498000BE40B543056015794E00B5400668354315
:1049900005601579012D02D01579022D16D1856893
:1049A0004F000326BE40B543856055794E00B540A3
:1049B000866835438560456801268E40B54345606D
:1049C000456896798E40B6B235434560C5684F005C
:1049D0000326BE40B543C560D5794E00B540C668D4
:1049E0003543C560491C1029BFD3F0BD1CB5FF205D
:1049F000009002208DF8050000208DF807000120AE
:104A00008DF8040000208DF8060069460148FFF784
:104A1000A5FF1CBD00080240F0B5002300244D078F
:104A2000ED0E02FA05F3CE1000F1200555F82650E0
:104A30004E07F70E0F26BE40B543CF1000F12006FB
:104A400046F82750CE1000F1200555F8265045EACB
:104A50000304CE1000F1200545F82640F0BD0246C3
:104A6000002013690B400BB1012000E000207047CB
:104A70004183704701837047416170472DE9F04FD2
:104A800099B080464FF00009F9480068F949096873
:104A9000401AF9490860F948006916904FF4967178
:104AA000F748FBF7B4FB20221421F548FBF7A8FBDD
:104AB0000024CDF8488060E100BF08EB040000EB63
:104AC000C00101EB0011169800F2764000EB810066
:104AD00015901422EB48159904F0A4FC04EBC401D2
:104AE00001EB0411E64A02EB810101F13C000A22CC
:104AF000E449FBF7A9FB08EB040000EBC00101EB64
:104B00000011169800F5906000EB810015901E22B0
:104B1000DC48159904F086FC04EBC40101EB041198
:104B2000D74A02EB810101F11E001E220021FBF792
:104B30008BFB04EBC40101EB0411D14A02EB8100B1
:104B400020221E21FBF75CFB04EBC40101EB0411E6
:104B5000CB4A02EB810101F11E0020221E21FBF74E
:104B60004FFBC9A1C748FBF75DFB8346BBF1000FB4
:104B700022D09BF800004B281ED0C248ABEB0001AE
:104B8000179104EBC40101EB0411BD4A02EB810053
:104B9000BC49179AFBF758FB1799C1F11E0204EBA9
:104BA000C40101EB0411B64B03EB810101F11E00BE
:104BB0005946FBF749FB0AE004EBC40101EB041181
:104BC000AF4A02EB81001422AE49FBF73DFB08EB34
:104BD000040000EBC00101EB0011169800F2AF4099
:104BE00000EB810015900A22A648159904F01AFCE2
:104BF00004EBC40101EB0411A14A02EB810101F1B4
:104C000046000A229F49FBF71FFB04BB04EBC401CB
:104C100001EB04119A4A02EB810005229AA1FBF7ED
:104C200054FB58B104EBC40101EB0411944A02EBAC
:104C30008100052296A1FBF748FB40B98D4800682A
:104C4000401C8C49086008F10108002435E704EB9A
:104C5000C40101EB04118A4A02EB810101F1460013
:104C6000FEF702FC08EB040000EBC00101EB0011B1
:104C7000169800F5956000EB81001590062281489A
:104C8000159904F0CFFB7F48407804EBC40101EB99
:104C900004117B4A02EB810181F850007948807849
:104CA00014904FF6FF71149801EA00201490754893
:104CB000C07814990843149004EBC40101EB04116B
:104CC00002EB8101149848656E48007914904FF604
:104CD000FF71149801EA002014906A4840791499F1
:104CE000084314904FF4167004EBC40101EB041157
:104CF00002EB8101886508EB040000EBC00101EBC9
:104D00000011169800F58C6000EB810015901622BA
:104D10005C48159904F086FB0B225A490FA8FBF753
:104D200093FA0FA80EF076FACDE90C01FBF704FE1A
:104D300004EBC40101EB0411514A02EB8101C86587
:104D400000200F90109011900B224E490B310FA8AC
:104D5000FBF77AFA0FA80EF05DFACDE90C01FBF72C
:104D6000EBFD04EBC40101EB0411454A02EB8101A8
:104D70000866641C1298401C12903D4912980968FC
:104D8000884202D2032CFFF697AE002042490870F9
:104D9000FDF77AFC40490870142239493F48FBF777
:104DA0000FFA64213E48FBF732FA3B4800780128AD
:104DB00006D108223BA13A485030FBF701FAC4E083
:104DC00035480078022806D1072239A134485030EE
:104DD000FBF7F6F9B9E030480078032806D107223E
:104DE00035A12F485030FBF7EBF9AEE02A480078A8
:104DF000042806D1072230A129485030FBF7E0F9FA
:104E0000A3E025480078052806D108222CA12448D3
:104E10005030FBF7D5F998E01F480078062806D1F6
:104E200007222AA11E485030FBF7CAF98DE01A4824
:104E30000078072806D1082226A119485030FBF730
:104E4000BFF982E014480078082806D10B2224A17B
:104E500013485030FBF7B4F977E00F480078092881
:104E60004CD10C2221A10E485030FBF7A9F96CE07F
:104E70009C080020A40800205C08002040ED0120D0
:104E80006CF10120E01A00204B4D204E6F00000015
:104E90004B4D206E6F000000F0070020F4E8012069
:104EA0002F1F0020435552562E6D70330000000016
:104EB0005053522E6D70330043544C2E6D7033009E
:104EC0004354524C2E6D7033000000005248532E54
:104ED0006D7033004C4553532E6D7033000000004D
:104EE0005741524E2D42442E6D7033005741524E61
:104EF000204252442E6D703300000000FB480078C1
:104F00000A2805D10C22FAA1FD48FBF759F91CE04B
:104F1000F64800780B2805D10B22FAA1F848FBF7D8
:104F20004FF912E0F14800780C2805D10C22F8A1C5
:104F3000F348FBF745F908E0EC4800780D2804D168
:104F40000D22F6A1EE48FBF73BF9E848007800286F
:104F50007ED1F64890F84700202802D14FF0010991
:104F600016E0F24890F84800202802D14FF00209DC
:104F70000EE0EE4890F84900202802D14FF00309D6
:104F800006E0EA4890F84A00202801D14FF00409D1
:104F9000B9F1010F06D10122E4494631E348FBF79C
:104FA00094F9F0B9B9F1020F06D10222DF49463176
:104FB000DE48FBF78AF9A0B9B9F1030F06D1032245
:104FC000DA494631D948FBF780F950B9B9F1040FF5
:104FD0007ED10422D5494631D448FBF776F9002822
:104FE00076D00026002539E04FF0000A00241DE0AD
:104FF000CE484630405D3A280FD02846691CCDB2D5
:10500000CA4946310A5C06EB8600BD49503901EBBE
:1050100080032046641C1A5401E0681CC5B20AF1E2
:105020000100C0B28246132800DD04E0BF484630CC
:10503000405D2028DCD100BF681CC5B264B106EB1E
:105040008601AF4A503A02EB81010819042200E0C0
:10505000A6E0A9A1FBF7B4F8701CC6B2012EC3DB11
:10506000012600254AE04FF0000A00241BE0AF486B
:10507000405D3A280ED02846691CCDB2AB490A5C87
:1050800006EB86009E49503901EB80032046641CE4
:105090001A5401E0681CC5B20AF10100C0B2824690
:1050A000132800DD03E0A148405D2028DFD100BFC8
:1050B000681CC5B29EA19D48FBF7D9F820B19EA1FE
:1050C0009A48FBF7D4F858B99D4800781E2800E0AC
:1050D00017E004DC9B480068B0F5FA7F00D200249A
:1050E00054B106EB8601864A503A02EB8101081959
:1050F000042281A1FBF764F8701CC6B2032EB2DB58
:105100009CE00026002548E04FF0000A00241BE048
:105110008648405D3A280ED02846691CCDB28349A6
:105120000A5C06EB86007649503901EB8003214684
:10513000641C5A5401E0681CC5B20AF10100C0B2F7
:105140008246132800DD03E07848405D2028DFD147
:1051500000BF681CC5B276A17448FBF788F820B17F
:1051600075A17248FBF783F848B9754800781E2886
:1051700004DC74480068B0F5FA7F00D2002454B112
:1051800006EB86015E4A503A02EB810108190422BF
:1051900059A1FBF715F8701CC6B2032EB4DB4DE025
:1051A0000026002548E04FF0000A00241BE05F487D
:1051B000405D3A280ED02846691CCDB25B490A5C96
:1051C00006EB86004E49503901EB80032046641CF3
:1051D0001A5401E0681CC5B20AF10100C0B282464F
:1051E000132800DD03E05148405D2028DFD100BFD7
:1051F000681CC5B24EA14D48FBF739F820B14EA14D
:105200004A48FBF734F848B94D4800781E2804DCBA
:105210004C480068B0F5FA7F00D2002454B106EB88
:105220008601374A503A02EB81010819042232A163
:10523000FAF7C6FF701CC6B2032EB4DB30485038F4
:1052400090F8280018B902203F49087002E00320B6
:105250003D4908702A485038007D10B901203A496C
:10526000087000271CE03149C819022237A1FBF75A
:105270002CF898B9092F11DB012013900AE02B4973
:105280001398085C202801D1142706E01398401CCD
:10529000C0B2139013981428F1DB00BF781CC7B27A
:1052A000142FE0DB22A12148FAF7BCFF0E9010B1C9
:1052B00000210E988173FDF78DFA0C4908701422B5
:1052C0001A4964312248FAF77BFF64212148FAF732
:1052D0009EFF0648007801283ED10822AFF23C41EB
:1052E0001C485030FAF76CFFB9E00000F0070020CE
:1052F00048414C54204252442E6D7033000000004F
:105300007F1F002044495354414E542E6D7033008A
:10531000474154455349472E6D70330048414C5422
:105320003A42484C502E6D70330000006CF1012061
:105330004C2058494E470000444A204F50454E00EB
:10534000690800206C080020E507002020200000EC
:10535000F4E80120931F0020FE480078022806D1BF
:105360000722AFF2B441FC48FAF72AFF77E0F94888
:105370000078032806D10722AFF2C441F648FAF7B5
:105380001FFF6CE0F3480078042806D10722AFF233
:10539000D841F148FAF714FF61E0EE48007805289B
:1053A00006D10822AFF2E841EB48FAF709FF56E0D0
:1053B000E8480078062806D10722AFF2F041E64817
:1053C000FAF7FEFE4BE0E3480078072806D10822F2
:1053D000AFF20051E048FAF7F3FE40E0DD48007814
:1053E000082806D10B22AFF20851DB48FAF7E8FE95
:1053F00035E0D8480078092806D10C22AFF21451C4
:10540000D548FAF7DDFE2AE0D24800780A2806D10E
:105410000C22AFF22411D048FAF7D2FE1FE0CD489B
:1054200000780B2806D10B22AFF22811CA48FAF7F0
:10543000C7FE14E0C74800780C2806D10C22AFF252
:105440003011C548FAF7BCFE09E0C24800780D28C3
:1054500005D10D22AFF23C11BF48FAF7B1FEBD48AD
:10546000007800286FD1BD4890F8AB00202802D109
:105470004FF0010916E0B94890F8AC00202802D19D
:105480004FF002090EE0B54890F8AD00202802D197
:105490004FF0030906E0B14890F8AE00202801D192
:1054A0004FF00409B9F1010F07D10122AB49AA312C
:1054B000A1F14600FAF709FF00BBB9F1020F07D1CD
:1054C0000222A649AA31A1F14600FAF7FEFEA8B9C8
:1054D000B9F1030F07D10322A049AA31A1F1460077
:1054E000FAF7F3FE50B9B9F1040F45D104229B49F4
:1054F000AA31A1F14600FAF7E8FEE8B3002600253C
:1055000039E04FF0000A00241EE09448AA30405DC4
:105510003A280FD02946681CC5B29048AA30425C90
:1055200006EB86008C49503901EB80032046641C51
:105530001A5401E0681CC5B20AF10100C0B28246EB
:10554000132801DD05E0C8E08448AA30405D20282A
:10555000DBD100BF681CC5B25CB106EB86017E4A98
:10556000503A02EB810108190422AFF27421FAF7D4
:1055700027FE701CC6B200E058E0012EC1DB0126F8
:10558000002550E04FF0000A00241DE0734864300D
:10559000405D3A280FD02846691CCDB26F4964316E
:1055A0000A5C06EB86006C49503901EB800320460B
:1055B000641C1A5401E0681CC5B20AF10100C0B2B3
:1055C0008246132800DD04E064486430405D2028F2
:1055D000DCD100BF681CC5B2AFF2AC215F486430BB
:1055E000FAF745FE30B1AFF2B0215C486430FAF70B
:1055F0003EFE48B95A4800781E2804DC5948006825
:10560000B0F5FA7F00D200245CB106EB8601524A65
:10561000503A02EB810108190422AFF22431FAF763
:10562000CFFD701CC6B2032EACDBB6E00026002511
:1056300050E04FF0000A00241DE048486430405D0F
:105640003A280FD02846691CCDB2444964310A5C1F
:1056500006EB86004049503901EB80032146641C6B
:105660005A5401E0681CC5B20AF10100C0B282467A
:10567000132800DD04E039486430405D2028DCD187
:1056800000BF681CC5B2AFF2583134486430FAF735
:10569000EEFD30B1AFF2603130486430FAF7E7FD2B
:1056A00048B92F4800781E2804DC2E480068B0F561
:1056B000FA7F00D200245CB106EB8601264A503AFC
:1056C00002EB810108190422AFF2D431FAF778FD18
:1056D000701CC6B2032EACDB5FE0002600255AE04A
:1056E0004FF0000A00241DE01C486430405D3A2859
:1056F0000FD02846691CCDB2184964310A5C06EB0C
:1057000086001549503901EB80032046641C1A5469
:1057100001E0681CC5B20AF10100C0B2824613283C
:1057200000DD04E00D486430405D2028DCD100BF7E
:10573000681CC5B2AFF2084108486430FAF797FD1B
:1057400030B1AFF20C4105486430FAF790FDA0B9D2
:10575000034809E0F0070020E31F00206CF101205E
:10576000690800206C08002000781E2804DC6F48BF
:105770000068B0F5FA7F00D2002454B106EB860130
:105780006B4A02EB810108190422AFF29441FAF747
:1057900017FD701CC6B2032EA2DB654890F82800E6
:1057A00018B902206349087002E0032061490870BB
:1057B0005F48007D10B901205E49087000271DE098
:1057C0005D49C8190222AFF27C41FAF77EFD98B913
:1057D000092F11DB012013900AE057481399405C10
:1057E000202801D1142706E01398401CC0B2139062
:1057F00013981428F1DB00BF781CC7B2142FDFDB2D
:10580000AFF2D4414C48FAF70DFD0E9010B10021D3
:105810000E98817348496439086EFBF74AF8CDE960
:105820000A0145496439C86DFBF743F8CDE9080121
:1058300042490869FBF73DF8CDE906013F49C868D0
:10584000FBF737F8CDE90401DDE90A01CDE90201F2
:10585000DDE90801CDE9000104A80FC80DF064FCE2
:10586000CDE90C01FBF70CF8304908603249643986
:10587000D1F8C400FBF71DF8CDE90A012E496439BF
:10588000D1F8C000FBF715F8CDE908012B490869EC
:10589000FBF70FF8CDE906012849C868FBF709F8BE
:1058A000CDE90401DDE90A01CDE90201DDE90801E4
:1058B000CDE9000104A80FC80DF036FCCDE90C01BC
:1058C000FAF7DEFF1E4908601B496439D1F8280148
:1058D000FAF7EFFFCDE90A0117496439D1F824013D
:1058E000FAF7E7FFCDE9080114490869FAF7E1FF83
:1058F000CDE906011149C868FAF7DBFFCDE90401DB
:10590000DDE90A01CDE90201DDE90801CDE9000187
:1059100004A80FC80DF008FCCDE90C01FAF7B0FFA0
:105920000849086019B0BDE8F08F00006C0800203D
:10593000931F0020D8000020D0F10120D4C5012001
:1059400070080020740800202DE9F05F06222C2149
:10595000294811F0DBF8834658460DF05BFC0446FD
:10596000FAF78EFF82460A222C21234811F0CEF846
:1059700083465046FAF72BFF06460F4658460DF071
:1059800049FC804632463B46FAF783FD0446FAF767
:1059900077FF82460E222C21174811F0B7F8834674
:1059A0005046FAF714FF8046894658460DF032FCFF
:1059B000064642464B46FAF76CFD0446FAF760FF8E
:1059C000824612222C210C4811F0A0F88346504642
:1059D000FAF7FDFE8046894658460DF01BFC064648
:1059E00042464B46FAF755FD0446FAF749FF824610
:1059F0005046BDE8F09F000060C5012010B500F0E2
:105A000003FD10213E48FFF72AF858B93D480168C8
:105A10000068401C3B4A1060142970DD01203A499F
:105A200008706CE008213648FFF719F858B9354876
:105A300001680068401C334A106014295FDD0220B1
:105A4000314908705BE004212D48FFF708F858B988
:105A50002C4801680068401C2A4A106014294EDD59
:105A60000320294908704AE002212548FEF7F7FF84
:105A700058B9244801680068401C224A1060142963
:105A80003DDD04202049087039E001211C48FEF763
:105A9000E6FF58B91B4801680068401C194A1060AD
:105AA00014292CDD05201849087028E016480078D4
:105AB000012802D1154908601EE013480078022829
:105AC00002D11249086017E00F480078032802D17C
:105AD0000E49086010E00C480078042802D10B49F8
:105AE000086009E008480078052802D107490860E5
:105AF00002E000200549086000200249086010BD4E
:105B000000140240200500201C0500201005002084
:105B1000F0B587B004460020286001222C212046E1
:105B200010F0F4FF05460B22214604A8FAF78CFB7F
:105B30000B2204F10B0101A8FAF786FB04A80DF073
:105B400069FB0646FAF7F8FE0849C86001A80DF09F
:105B500061FB0646FAF7F0FE0449086107222C2192
:105B6000204610F0D3FF054607B0F0BDF0C5012078
:105B70002DE9FF5F8246F3A000680390504611F0C4
:105B800091F88146B9F1FF0F06D9B9F5E00F03D2BC
:105B9000ED48C0F8109003E0002004B0BDE8F09F8D
:105BA000E948066906F5C60BC6E13221E748FAF76F
:105BB0002EFB00F029FCAA223146E44803F032FC17
:105BC00005225146E1481430FAF77FFB38B105222F
:105BD0005146DE481E30FAF778FB00287ED1DB48BC
:105BE00090F87C00DA49087008460078322817D20D
:105BF0003221D848FAF70BFB0F20D5490870084628
:105C00000278D2497D31D348FAF71EFBD04801789B
:105C1000D0480FF078FA0020CE49CD4A1278885447
:105C2000052206F11F01C94803F0FCFBC7480078B4
:105C3000C94908600846006800020860C348407807
:105C400009680843C4490860C048007901280BD19D
:105C5000C24908700020C24908700120C14908806B
:105C6000C003C14908800DE00120BD490870002033
:105C7000BA4908700120BB49891C0880C003BA4991
:105C8000891E0880142206F59061B04803F0CAFB13
:105C90001422AE49B548FAF7D7FA002412E0B34807
:105CA000005D20280CD1B149601C085C442807D154
:105CB000A01C085C202803D12021AC4A601C115490
:105CC000601CC4B2142CEADB062206F595619F48DD
:105CD00003F0A8FB9D484078A44900E022E181F848
:105CE00050009A4885784FF6FF7000EA05259748DE
:105CF000C078054308464565944805794FF6FF701E
:105D000000EA052591484079054308468565162235
:105D100006F58C618D4803F085FB0B228B496846A4
:105D2000FAF792FA68460DF075FA0746FAF704FE9C
:105D30008E49C86500200090019002900B22834993
:105D40000B316846FAF780FA68460DF063FA0746A9
:105D5000FAF7F2FD85490866142206F2E4417B4811
:105D600003F060FB1422794980486430FAF76CFA3A
:105D7000002417E07D486430005D202810D17B4866
:105D80006430611C405C44280AD178486430A11C0E
:105D9000405C202804D1202274486430611C4254A5
:105DA000601CC4B2142CE5DB062206F20C516748D5
:105DB00003F038FB654841786C4880F8B4106348BC
:105DC00085784FF6FF7000EA05256048C0780543E6
:105DD0006648C0F8B8505D4805794FF6FF7000EA94
:105DE00005255A48407905436048C0F8BC50162242
:105DF00006F2C441554803F015FB0B22534968468F
:105E0000FAF722FA68460DF005FA0746FAF794FD0C
:105E10005649C1F8C00000200090019002900B226A
:105E20004A490B316846FAF70FFA68460DF0F2F965
:105E30000746FAF781FD4D49C1F8C400142206F562
:105E4000A961424803F0EEFA142240494748C8309D
:105E5000FAF7FAF9002417E04448C830005D20281A
:105E600010D14248C830611C405C44280AD13F48E8
:105E7000C830A11C405C202804D120223B48C830F7
:105E8000611C4254601CC4B2142CE5DB062206F5EA
:105E9000AE612E4803F0C6FA2C484178334880F8AA
:105EA00018112A4885784FF6FF7000EA0525274823
:105EB000C07805432D48C0F81C51244805794FF699
:105EC000FF7000EA05252148407905432748C0F8BE
:105ED0002051162206F5A5611C4803F0A3FA0B22F7
:105EE0001A496846FAF7B0F968460DF093F9074683
:105EF000FAF722FD1D49C1F824010020009001900D
:105F000002900B2211490B316846FAF79DF9684659
:105F10000DF080F90746FAF70FFD1449C1F8280182
:105F200001203AE6032203A90848FAF7CEF908B996
:105F3000022032E606F540365E45FFF436AE00201C
:105F40002BE60000FFFFFF0040ED0120E01A0020DB
:105F500068080020BCE901209C080020630800209C
:105F600062080020181802401A1402406CF1012047
:105F70002DE9F04F8FB0A448D0F810900120A3492C
:105F80000870A348007800287ED10025BCE005EB0E
:105F9000C50000EB051109F58C6000EB81061622A7
:105FA00031469C4803F03EFA00200A900B900C907A
:105FB0000D900B2297490AA8FAF746F90AA80DF0A6
:105FC00029F90746FAF7B8FC9349C86500200A90FA
:105FD0000B900C900D900B228E490B310AA8FAF70A
:105FE00033F90AA80DF016F90746FAF7A5FC8A4915
:105FF00008660A46D16D894AD068FAF7D4F9824614
:10600000FAF757FC21F000410746854A854BFAF71D
:1060100063FC1CD2804A116E804A1069FAF7C3F9FA
:106020008246FAF746FC21F0004107467C4A7D4B48
:10603000FAF752FC0BD2012075490870012D03DDDF
:10604000681E7949086064E07748056061E072493C
:10605000086EFAF72EFC074688466F49C86DFAF7B6
:1060600028FC82468B466D490869FAF7BDFB039010
:10607000FAF79CFBCDE906016849C868FAF7B4FB5A
:106080000390FAF793FB00E079E0CDE900ABCDE9AE
:106090000278CDE90401DDE906230DF045F8CDE9EC
:1060A0000801FAF7EDFB0446B4F5FA6F01D20120BE
:1060B00000E0002055490978084018B15A480560A9
:1060C0005A48046051480078B0B9B4F5FA6F13D259
:1060D0000E98844210D256480460534805604E48DA
:1060E000C06D5449C8654C48006E08660120484997
:1060F00008704E4804600E944448007800B10E9435
:106100000020424908706D1C4B4800688542FFF42E
:106110003EAF00BF3E480078002872D105EBC500B5
:1061200000EB051109F58C6000EB81061622314663
:10613000384803F077F90B2236490AA8FAF784F8B1
:106140000AA80DF067F80746FAF7F6FB3949C86563
:1061500000200A900B900C900D900B222D490B31D2
:106160000AA8FAF771F80AA80DF054F80746FAF7EA
:10617000E3FB3049086601202549087041E02D49BC
:10618000086EFAF796FBCDE906012A49C86DFAF7C1
:1061900090FB82468B4621490869FAF78AFBCDE9D4
:1061A00004011E49C868FAF784FB07468846DDE902
:1061B0000601CDE900ABCDE9020138464146DDE9F3
:1061C00004230CF0B1FFCDE90801FAF759FB1B4994
:1061D000086000201A4908701848006813490968C7
:1061E000884207D200200A4908700F4800680FB0A3
:1061F000BDE8F08F0020064908700B480068401C7D
:10620000F5E70020F3E7000040ED0120DD08002065
:10621000EF070020E01A00206CF10120D4C5012016
:106220002D431CEBE2361A3FCC080020D00800209A
:10623000E807002098F201209C080020D4080020E4
:106240006408002010B52848007850B10020264985
:1062500008702648C07800F0010010B101202449E0
:1062600008702448007818B92348007801283AD1EA
:10627000FBF742FB21480078214908700846007866
:1062800038B92048007820B91F48007808B90FF0C5
:10629000C1FB1A4800781A4908700846007801289E
:1062A00021D115480078012805D018480078FFF75B
:1062B0005FFE1749086017480068401C14490860D1
:1062C00008460068144908600C4800780C490870BA
:1062D0000846007838B900201049087000210E489F
:1062E0000068FEF7CBFB10BD980000207F1800204F
:1062F000E1040020E105002088000020640800205F
:106300008900002065080020A3070020B0080020B5
:10631000A4080020CC080020BC000020EF070020CB
:1063200001464869806880B2704708B50146D1F8D7
:10633000CC00006800900098C0F3414008BD0246C0
:1063400002F29B20405C7047024602F5147050F840
:106350002100704770B504460E4600250021C4F8A0
:10636000101200BF0BE0002104F5057040F8251065
:106370003C3040F825103C304155681CC5B20F2D0B
:10638000F1DB0821A4F8B2123146204609F0E2FB05
:10639000204608F0EDFF204608F064FE0120074982
:1063A00008700121204609F041FC204608F047FF13
:1063B000204609F034F8002070BD000008000020DD
:1063C0000146D1F81002704710B50446204609F086
:1063D000A0FB002010BD70B504460D46002104F25C
:1063E0009B204155113000EB451041612946204664
:1063F00009F03EFA70BD00004CF6CC40014908603F
:10640000704700000030004000B545F2555000F0E4
:106410000BF84AF6AA2003490860002000F004F8AF
:1064200000BD0000003000400149086070470000D6
:1064300000300040F0B591B0054601273C480F9070
:10644000380210903B48007802286AD14FF49670C9
:1064500039490880FFF7D8FF294668460EF026FA2A
:106460000446002C5DD100BFFFF7CEFF09A96846A6
:106470000EF03EFB0446FFF7C7FF14B99DF82D0050
:1064800000B94DE09DF82D002E2800D1ECE70F98C3
:10649000007808B10F9801E00DF12D0006469DF837
:1064A0002C0000F0100000B1DEE724A13046F9F71F
:1064B000B9FE70B922A13046F9F7B4FE48B921A15E
:1064C0003046F9F7AFFE20B91FA13046F9F7AAFE12
:1064D00028B3FFF799FF14211C48F9F798FE3146BD
:1064E0001A48F9F7E9FE0122314619480EF00EF973
:1064F0000446FFF789FF14A13046F9F793FE10B167
:1065000003F0F6FE04E0134801681048FCF7BEFFF4
:10651000642008F099FD00270D480DF0F5FFA3E772
:1065200000BF01200C490870384611B0F0BD0000D2
:10653000F475002044070020180100206D7033001E
:106540004D7033004D50330040000000C05C00200F
:10655000D0720020F4030020E503002000B587B0CE
:106560000121C80302F024F80121022002F000F802
:10657000062203212148FEF74FFA062204211F4874
:10658000FEF74AFA062205211C48FEF745FA382094
:10659000009000208DF8060001208DF807000220F1
:1065A0008DF804008DF8050069461448FEF7D6F909
:1065B0000020ADF808004FF48270ADF80A0000200A
:1065C000ADF80C00ADF80E00ADF810004FF40070FF
:1065D000ADF812000820ADF814000020ADF8160048
:1065E0000720ADF8180002A9054803F0B1F9012110
:1065F000034802F075FE07B000BD00000004024031
:10660000003C004010B50A208C4908708C48006896
:10661000022810D18B480078002804DD89480078D2
:10662000401E8849087087480078012802DA002057
:1066300084490870C5E082480068032812D1814867
:1066400000787E490978884204DA7E480078401C48
:106650007C4908707B4800780928EBDD00207949E7
:106660000870AEE07648006804285ED1754801786D
:10667000754802780078401C734B18707348815439
:1066800073480078032805DA71480078401C704987
:10669000087002E000206E4908706B4800780428FA
:1066A00002DD0020684908700020664908706648CD
:1066B000007801280BD10846007830306549087011
:1066C00058206549087065490870654908705E483A
:1066D000007802280BD15B48007830305F490870A1
:1066E00058205D4908705B4908705D49087056483C
:1066F000007803280BD1534800783030584908708F
:1067000058205549087053490870544908704E483C
:106710000078042855D15820514908704E49087016
:106720004C4908704D4908704BE045480068052801
:1067300027D145480078042812D103F0D9FA142053
:106740004849487300204849088048490870FCF7C8
:10675000E7F80120464908703C480021016030E01C
:106760003A480021016014203E49487300203E4908
:1067700008803E490870FCF7D3F801203C490870B6
:106780001FE02F48006801281BD1142035494873A9
:106790000020354908802B490870FCF7C1F801201A
:1067A0003349087000202849087058202C49087087
:1067B0002949087027490870284908702348002192
:1067C00001602148007840B91D480068012804D0C4
:1067D0001C4800783030204908701B480078012898
:1067E0000BD11848007830301A49087058201A49DF
:1067F00008701A4908701A4908701348007802286E
:106800000BD11048007830301449087058201249D4
:10681000087010490870124908700B480078032866
:106820000BD10848007830300D49087058200A49CB
:106830000870084908700949087010BDA2080020B6
:106840001005002022010020AE070020550700207F
:1068500048070020240100202301002025010020FA
:10686000260100202DE80120A00700207407002049
:106870003307002010B511480068012805D1142005
:106880000F49487300200F4908800FA112480BF0F0
:10689000C5FF1148FCF79CF810A10F480BF0BEFF94
:1068A0000D48FCF795F811A10B480BF0B7FF0A480B
:1068B000FCF78EF8FCF746FF10BD00001005002025
:1068C0002DE80120A00700204857205645522D31C1
:1068D0002E30202020000000132000202020202027
:1068E0002020202020202020200000005357205668
:1068F00045522D312E3020202000000010B51648C2
:106900008079012804D00B281DD00C2821D11DE04E
:106910001248C079312803D10B200F49887111E04A
:106920000E48C079322803D10C200B49887109E048
:106930000A480078C0F3800020B10120064908739E
:1069400002F040F905E010F049F902E010F000F91A
:1069500000BF00BF10BD00002DE8012048820020CC
:106960001FB577A207CA01AB07C37848807906280C
:106970007ED2DFE800F003919EABD0DF7448006860
:10698000032808D173480088052804DA7148008874
:10699000401C704908806E480068022809D16D4883
:1069A0000088002811DD6B480088401E6949088076
:1069B0000BE067480068012807D114206349487339
:1069C0000020644908806149887161480068042892
:1069D00061D16048008840B901205C49887100207D
:1069E0005D490870E8205D4908705A480088012810
:1069F0002DD1022055498871002057490870E820A0
:106A000056490870FFF700FD01A90C2004F0ECFDC9
:106A10000020534908705348008853490988884228
:106A200006DD5048007850490978401A4C490870F2
:106A30004B480078322803DA01204C49087006E000
:106A400047480078502802DD012049490870414834
:106A50000088022810D103203C4988710020454954
:106A60000870052040F2244300221146009000E007
:106A700063E0414804F0EEFC36480088032807D163
:106A800004203249887101203C4908703C49087053
:106A900000203049088050E02D480068012807D1C7
:106AA00014202A49487300202A4908802749887100
:106AB00043E027480068012807D114202349487380
:106AC0000020244908802149887136E02D4800784B
:106AD000C0F3800018B10120264908701AE025484B
:106AE0000078B8B127480078C0F3801090B100203A
:106AF000204908701549887102F064F80120224984
:106B00000870052040F60C030022114600901A4838
:106B100004F0A0FC11E00E480068012807D1142001
:106B20000A49487300200B4908800849887104F01D
:106B300059FB02E004F0B6FB00BF00BF1FBD000020
:106B4000B562061304001F000F64AFCB2DE80120CF
:106B500010050020A0070020D4C50120100100204E
:106B600040070020A2000020A00000201206002004
:106B70003F070020350700200014004030070020A8
:106B80004707002048820020E204002010B564205E
:106B90002B4908802B48407B052835D003DC38B1D1
:106BA00004284BD12DE00D283BD0142846D122E0FB
:106BB0002548006804281DD1142022494873234821
:106BC000007820F080008030204908704FF6FF7078
:106BD0000BF092FC00201E49087001F0F3FF012029
:106BE0001C4908701C49087000201C490880962028
:106BF00004F0FCFB22E001201749087000F064FF5C
:106C00001CE00BF085FC19E015480078012802D142
:106C100003F084FE04E0FCF7E3FF00200F49088046
:106C20000CE00F480078012802D100F0B1FF04E029
:106C3000FCF7D6FF00200949088000BF00BF10BD47
:106C4000180100202DE80120100500200000002080
:106C5000C20400200801002033070020A007002004
:106C6000450700200EB500F043F805204FF6FF134E
:106C70000222114600901A4804F0ECFB012120206A
:106C800001F076FC1F20019000208DF80800012003
:106C90008DF80B0001A91348FDF760FE01211020BB
:106CA00001F066FC0420019001208DF8080002200C
:106CB0008DF80B0001A90C48FDF750FE0121084694
:106CC00001F056FC4FF40040019001208DF80800BF
:106CD00002208DF80B0001A90448FDF73FFE0EBD10
:106CE0000008004000140240001002400000024072
:106CF000FF200E49C871002008718870084600788E
:106D000020F0010008700846007820F002000870AA
:106D100000204871887104200872002048720846DB
:106D2000407820F010004870704700004882002032
:106D30001CB50121602001F01BFC02208DF805002C
:106D400001208DF8040000208DF8060001208DF848
:106D500007004FF22000009069461748FDF7FEFD3E
:106D60000720009069461548FDF7F8FD4FF4704084
:106D700011491A310880072010491A3108804FF450
:106D800070400D491831088007200C4918310880DF
:106D9000202009491831088014200DF00FF8202018
:106DA00005491A31088014200DF008F82020024906
:106DB000183108801CBD0000001402400018024079
:106DC00010B527480078B8B926A12A480BF026FD4F
:106DD0002848FBF7FDFD28A126480BF01FFD25489C
:106DE000FBF7F6FD28A123480BF018FD2148FBF71F
:106DF000EFFDFCF7A7FC31E027A11E480BF00EFDCC
:106E00001C48FBF7E5FD29A11A480BF007FD1948BE
:106E1000FBF7DEFDFCF796FCFDF746F8284829490C
:106E2000086029480BF068FB4FF6FF700BF064FB1D
:106E300026A110480BF0F2FC0E48FBF7C9FD28A173
:106E40000C480BF0EBFC0B48FBF7C2FDFCF77AFC9F
:106E500014202749487300200149087010BD000024
:106E60009E07002020505245535320454E54455212
:106E70002000000013200020202020544F204552E5
:106E800041534520200000004556454E54204C47B4
:106E900020444154410000002045524153494E478F
:106EA000204556454E54532020202000504C45414B
:106EB00053452057414954202020202020202000E5
:106EC000400D03000C010020FFFF0F00202045565D
:106ED000454E545320455241534544202020200024
:106EE0002020202020202020202020202000000002
:106EF0002DE8012010B571488079062822D2DFE8FC
:106F000000F0032243A5C0D16DA173480BF086FCAD
:106F10007148FBF75DFD71A16F480BF07FFC6E4877
:106F2000FBF756FD73A16C480BF078FC6A48FBF741
:106F30004FFD76A168480BF071FC6748FBF748FDF0
:106F4000FCF700FCB8E077480078012809D176A169
:106F500061480BF063FC6048FBF73AFDFCF7F2FB7D
:106F60000BE076A15C480BF059FC5B48FBF730FD69
:106F7000FCF7E8FBC820764908607548006810B93E
:106F800000204E49887197E07248007800F00100B7
:106F9000B0B97148007898B170A14F480BF03EFC31
:106FA0004D48FBF715FD72A14B480BF037FC4A48E2
:106FB000FBF70EFDFCF7C6FBC8206549086038E00A
:106FC0007048007880B170A143480BF027FC42481C
:106FD000FBF7FEFC71A140480BF020FC3E48FBF79C
:106FE000F7FCFCF7AFFB24E07148007880B171A199
:106FF00039480BF013FC3848FBF7EAFC67A1364828
:107000000BF00CFC3448FBF7E3FCFCF79BFB10E0B7
:107010005048007800F0010010B96C48007840B189
:107020006BA12D480BF0FAFB2B48FBF7D1FCFCF7CA
:1070300089FB4748006840B90020204988715149C0
:1070400008705B4908706149087035E06548007850
:1070500010B1002063490870012063490870FFF7F0
:10706000D3F942F2107061490860FAF71BFCA121C4
:107070005F480FF0A9FF64205E490880FFF7C4F95C
:107080001AE05DA114480BF0C9FB1348FBF7A0FC04
:107090005DA111480BF0C2FB0F48FBF799FCFCF710
:1070A00051FB09E05CA10C480BF0B8FB0A48FBF768
:1070B0008FFCFCF747FB00BF00BF10BD2DE801208F
:1070C0003120544553542047505320202020202065
:1070D00020202020000000001320002032205445F2
:1070E000535420414E54454E4E4120202020202014
:1070F0000000000033205445535420444953504C61
:107100004159202020202020000000003420544538
:10711000535420564F494345202020202020202032
:1071200000000000E1000020475053204D4F44551F
:107130004C45204F4B202020202020004E4F204740
:107140005053205349474E414C53202020202000CB
:1071500014050020D4C501201001002054455354CB
:10716000494E4720414E54454E4E4120202020009C
:10717000504C454153452057414954202020202060
:1071800020202000E104002020414E54454E4E4175
:107190002053484F525420202020200020202044FB
:1071A00045544543544544202020202020202000E1
:1071B000120600202020414E54454E4E41204F5093
:1071C000454E202020202020000000003F07002006
:1071D000414E54454E4E4120415641494C41424C4E
:1071E00045202000E2040020E300002014010020DC
:1071F00072D001201801002054455354204D4F44B3
:1072000045204F464600000054455354204D4F44FE
:1072100045204F4E20000000312054455354205249
:107220004F555445494E464F202020007CB500253F
:1072300000244FF496711748F8F7E9FF16480078D4
:1072400020B116A113480BF0E9FA03E017A1114889
:107250000BF0E4FA1948007819490978CDE90010D3
:10726000184803781848027818A10A480B300BF028
:10727000D5FA0848F8F7F4FF85B2ECB204E0202014
:1072800004490855601CC4B2282CF8DB0148FBF700
:10729000FBFE7CBD13200020010600202047505338
:1072A000204F4B202020202000000000204750537A
:1072B000204E4F54204F4B200000000002060020BB
:1072C000E4050020E3050020E205002054494D4577
:1072D0003A253032643A253032643A25303264201F
:1072E00053504545443A253033644B4D50480000D7
:1072F00070B5002500244FF496711348F8F787FF06
:10730000124A13A110480BF089FA0F48F8F7A8FFAA
:1073100085B2ECB204E020200B490855601CC4B2D1
:10732000282CF8DB002408E00748005D5F2802D124
:10733000202005490855601CC4B2282CF4DB024803
:10734000FBF7A2FE70BD000013200020BCE9012065
:1073500020524F5554453A257300000010B5B948E6
:10736000807B10284CD008DC01280FD002287DD06B
:107370000E283FD00F283CD13FE0122877D01728A5
:1073800041D0182862D01928F5D1FEE0AEA1B2484C
:107390000BF044FAB048FBF71BFBB0A1AE480BF072
:1073A0003DFAAD48FBF714FBB0A1AB480BF036FA41
:1073B000A948FBF70DFBB1A1A7480BF02FFAA6488F
:1073C000FBF706FBB1A1A4480BF028FAA248FBF793
:1073D000FFFAB2A1A0480BF021FA9F48FBF7F8FA98
:1073E000B2A19D480BF01AFA9B48FBF7F1FAFCF7A3
:1073F000A9F924E100F0CEFE21E101F0C5FE1EE175
:107400000FF0B6FE1BE1AD480068012804D0AC487F
:10741000007800F0010048B9AAA18F480BF0FEF9EE
:107420008D48FBF7D5FAFCF78DF901E00EF088FAEC
:10743000A8480068042808D10D208249487300201C
:10744000A54908800120A5490870F8E0A448006813
:10745000B0F5E00F16D9A348007818BBA2A17E486A
:107460000BF0DCF97C48FBF7B3FA01E01EE01AE010
:10747000A1A179480BF0D2F97748FBF7A9FAFCF7FC
:1074800061F90FE0A0A174480BF0C8F97248FBF74E
:107490009FFAA1A170480BF0C1F96F48FBF798FA69
:1074A000FCF750F9CBE0FFF78BFCC8E09E48007872
:1074B000B8B99E480068A0B19DA167480BF0AEF92D
:1074C0006548FBF785FA9EA163480BF0A7F962486F
:1074D000FBF77EFAFCF736F94FF4FA709C49086026
:1074E00052E091480078B8B990480068A0B999A1D5
:1074F00059480BF093F95848FBF76AFA99A1564896
:107500000BF08CF95448FBF763FAFCF71BF94FF4C6
:10751000FA708F49086037E09648007898B196A1D4
:107520004D480BF07BF94C48FBF752FA84A14A48CE
:107530000BF074F94848FBF74BFAFCF703F9962077
:107540008349086020E08B480078E8B98EA1424862
:107550000BF064F94048FBF73BFA8FA13E480BF073
:107560005DF93D48FBF734FA8FA13B480BF056F923
:107570003948FBF72DFAFCF7E5F84FF4FA70744937
:10758000086018202F49887359E08B48007801283B
:107590001CD18A480078C8B989A12F480BF03EF960
:1075A0002D48FBF715FA8AA12B480BF037F92A482A
:1075B000FBF70EFA8AA128480BF030F92648FBF7B2
:1075C00007FAFCF7BFF80EF093F91CE07A48007850
:1075D000C8B97A480078B0B985A11F480BF01EF9E8
:1075E0001D48FBF7F5F986A11B480BF017F91A485F
:1075F000FBF7EEF976A118480BF010F91648FBF7E7
:10760000E7F9FCF79FF86D480078012816D170A1C2
:1076100011480BF003F91048FBF7DAF97CA10E488A
:107620000BF0FCF80C48FBF7D3F95BA10A480BF010
:10763000F5F80948FBF7CCF9FCF784F800BF00BF68
:1076400010BD00002DE8012031204144204442209B
:10765000455241534500000013200020322052546F
:107660002044422045524153450000003320564FEC
:107670004C20434F4E54524F4C000000342045568E
:10768000454E5420455241534500000035204C479B
:107690002047505320444154410000003620444EBE
:1076A00020475053204441544100000037204750A8
:1076B000532044544120455253000000B4000020A0
:1076C000D4C501204E4F20475053205349474E41C7
:1076D0004C00000010050020A00700203307002008
:1076E000DC000020E000002020504C4541534520A4
:1076F000454E545220000000544F20444F574E4EE8
:107700004C4F4144200000004E4F20415641494C0F
:1077100041424C452000000020202020444154419B
:10772000202020202000000036070020180500201F
:107730004348434B494E2050454E445249000000B7
:10774000504C4541534520574149542020000000EA
:1077500014050020202050454E2044524956452013
:10776000200000004E4F54204445544543544544A6
:1077700020000000AD07002055504C4F4144494EB9
:107780002044415441000000444154412055504C94
:107790004F4144454400000053554343455353462D
:1077A000554C4C592000000052454D4F5645204441
:1077B00052495645200000002C0700202D070020CC
:1077C00020504C454153452057414954200000006A
:1077D000202020475053204C4F47202020000000FD
:1077E00020202045524153494E47202020000000D0
:1077F00020505245535320454E544552200000001E
:107800002020544F204552415345202020000000A5
:1078100020202045524153454420202020000000D4
:1078200010B50121084600F0B3FE012000F001F878
:1078300010BD70B50446002514B1012C05D100E03F
:1078400005E000F057FD054601E0012070BD00BFD6
:107850002846FBE700B587B046200DF03DFE00202E
:107860000DF064FE00200DF061FE5AA15D480AF0A3
:10787000D5FF5C48FBF7ACF85BA15A480AF0CEFF95
:107880005848FBF7A5F85CA156480AF0C7FF5548D1
:10789000FBF79EF85CA153480AF0C0FF5148FBF784
:1078A00097F85D48007800F00100F0B95B48006887
:1078B00001280ED15AA14B480AF0B0FF4948FBF706
:1078C00087F85BA147480AF0A9FF4648FBF780F814
:1078D00006E053A143480AF0A1FF4248FBF778F8BD
:1078E00028215748F8F793FC08E0564856A102684B
:1078F0003C480AF093FF3B48FBF76AF8554A56A10B
:1079000038480AF08BFF3748FBF762F81E22002147
:10791000534801F087FD5248007D98B15048007DE2
:10792000FF280FD04E48C07B44280BD14C48007C28
:10793000412807D14A48407C542803D14848807CDC
:10794000452809D030204649087548758875C8759E
:10795000087648768876C8764148407F4049097F56
:107960003F4AD27E3E4B9B7ECDE90232CDE90410E8
:107970003B48007E3A49C97DCDE900103848437D37
:10798000027D38A117480AF049FF20201549887761
:10799000C8770846FBF778FB1BA112480AF03EFFA8
:1079A0001048FBF715F818A10E480AF037FF0D48EC
:1079B000FBF70EF83848027838A10A480AF02EFF83
:1079C0002520084948760846FBF75EFBFBF7BAFE20
:1079D00007B000BD312055534552204D454E55202E
:1079E00020000000132000203220535550455256ED
:1079F00049534F522000000033204D41494E544519
:107A00004E414E4345000000202020202020202011
:107A10002020202020000000D4C50120B400002038
:107A20004E4F20475053205349474E414C000000D1
:107A3000414E54454E4E41204F50454E20000000CF
:107A40001F820020FC0400205349474E414C202552
:107A500064202000A5070020554E49543A257300A4
:107A6000141500204C415354205550444154454472
:107A70003A444154453A256325632D256325632DFA
:107A800025632563256325632020202020202020D6
:107A90002020202020000000AC00002020202020FA
:107AA000202020202020202042415454455259209B
:107AB0003A20256420202020202020202020202063
:107AC00020202020000000002B480068032808D157
:107AD0002A480088032804DA28480088401C2749DF
:107AE000088025480068022809D124480088002819
:107AF00041DD22480088401E204908803BE01E48A6
:107B00000068042821D11D48008820B904201C49A0
:107B100048730120C87219480088012806D1052041
:107B200017494873012008731649087013480088E4
:107B3000022806D10D20124948730120887311498B
:107B4000087000200D49088015E00B4800680528E2
:107B50000BD101200C4908700D20094948731020F1
:107B6000887300200749087005E00848007810B9BC
:107B7000002005490870704710050020A00700206C
:107B80002DE80120330700204507002031070020A1
:107B900010B5A148807B10287AD008DC01280FD0CE
:107BA000022876D00E2875D00F2874D187E01228CD
:107BB00072D0172871D0182870D01928F5D105E196
:107BC00096480068032808D195480088062804DAFA
:107BD00093480088401C9249088090480068022819
:107BE00008D18F480088002804DD8D480088401E99
:107BF0008B49088089480068042850D142F21071EE
:107C00008848F8F704FB00208749088084480088EA
:107C100020B90D20804948730E2088738048008861
:107C2000012804D10D207C4948730F2088737C48BB
:107C30000088022804D10D207749487310208873EA
:107C400077480088032804D10D2073494873122017
:107C5000887373480088042804D10D206E49487346
:107C6000172088736E480088052804D10D206A49C2
:107C70004873182088736A480088062804D10D20AC
:107C8000654948731920887300206549088012E00F
:107C900012E0B2E028E0BDE03BE04FE05BE05F488F
:107CA0000068012807D114205B49487300205C4913
:107CB000088059498871ADE00FF094FAAAE057485E
:107CC0000068042803D10120584908700BE053488C
:107CD0000068012807D114204F49487300205049FB
:107CE00008804D49887195E04C480068042803D10C
:107CF00001204F4908700BE048480068012807D16F
:107D0000142045494873002045490880424988713C
:107D100080E042480068042803D1012045490870EA
:107D20000BE03E480068012807D114203A49487307
:107D300000203B490880384988716BE0374800686B
:107D4000012807D1142034494873002034490880A1
:107D5000314988715EE031480068012809D114205A
:107D60002D49487300202E4908802B4988713249DB
:107D700008702A480068042827D10D202649487336
:107D8000022088734FF4FA702C49086001202C49B6
:107D900008702C48007820F0080008302949087045
:107DA0000020294908702948408B40F480702749F9
:107DB0004883FEF729FB01202549087021480078F7
:107DC00020F0400040301F49087023E0134800684D
:107DD000042802D101201F490870104800680128BA
:107DE0000AD100201C49087014200B494873002058
:107DF0000B490880084988710CE008480068012890
:107E000007D114200449487300200549088002491D
:107E1000887100BF00BF10BD2DE8012010050020B3
:107E2000A0070020892C00209E030020E4000020F1
:107E3000040100209E070020E0000020180500201B
:107E4000080100200000002036070020000002404A
:107E5000AD0700202C0700202D07002002F0AAFE0D
:107E600000BFFEE71CB54A48007820F08000803053
:107E70004749087008460078C0F3401000287DD0BC
:107E800008460078C0090028F9D00846007820F09C
:107E900020000870FEF7B8FA3E48407B042808D05E
:107EA000052809D00D283AD014286DD1FFF7D2FC4F
:107EB0006AE008F00BFF67E037480078012802D13C
:107EC00002F0C2FA2AE004203449087034A138488C
:107ED0000AF0A4FC3648FAF77BFD36A134480AF0D4
:107EE0009DFC3348FAF774FD0220364908802B4880
:107EF0000078042810DC3448007834490978CDE94A
:107F00000010334803783348027833A128480AF038
:107F100085FC2748FAF75CFDFBF714FC34E01E48AB
:107F20000078012802D1FFF719FA2CE004201B4940
:107F300008701BA11E480AF071FC1D48FAF748FDA5
:107F40001CA11B480AF06AFC1948FAF741FD0220FF
:107F50001C49088011480078042812DC1A4800786F
:107F60001A490978CDE900101948037819480278B0
:107F700019A10F480AF052FC0D4800E007E0FAF79B
:107F800027FDFBF7DFFB00BF00BFFBF71DFC1CBD9F
:107F9000000000202DE8012045070020A208002055
:107FA000454E54522050415353574F524400000005
:107FB00013200020202020202020202020202020EE
:107FC00020000000A007002026010020250100203D
:107FD00024010020230100202563256325632563F8
:107FE000202020200000000007E042F6DE6100BFF4
:107FF0000A1EA1F1010399B2FAD1021EA0F10103F8
:1080000098B2F2D170470000F0B587B00646002460
:1080100006E04FF480504B4921F81400601C84B2F4
:10802000B4F5806FF5DB40F2FF3700245AE0A2017F
:1080300002EB064101A800F0E5FCDDE90101CDE914
:108040000501A20102EB0640411C01A800F0DAFC88
:10805000DDE90101CDE90301BDF814004FF6FF7120
:10806000884203D1BDF80C00884219D039467A1EE7
:1080700097B2344A02EB4100018844F400521143A4
:108080000180304830F814004EF6FF7108402D4949
:1080900021F81400B7F57A7F22D1012007B0F0BD96
:1080A000BDF818004FF6FF71884219D0BDF81800CE
:1080B000C0F30900234931F8100044F4404108435B
:1080C000BDF81810C1F309011E4A22F8110010462C
:1080D00030F814004EF6FF710840114621F81400E4
:1080E000601C84B2B4F5806FA1DB0025002423E07E
:1080F000144830F8140000F40040D8B900BF11480B
:1081000030F8150000F4805070B10E4830F81400BB
:1081100028430C4921F81400084630F8150020F4D3
:10812000805021F8150004E0681C85B2B5F5806F19
:10813000E5DB00BF601C84B2B4F5806FD8DB0020A3
:10814000ACE70000548200200CB501F03F02ADF80E
:108150000420C1F38F12ADF802200022ADF80020F8
:108160000CE0BDF80220A2F5806292B2ADF80220C8
:10817000BDF80020521C92B2ADF80020BDF80220DC
:10818000B2F5806FEDDA009A0260BDF804208280BB
:108190000CBD000010B52F480078B8B92EA13248A8
:1081A0000AF03CFB3048FAF713FC30A12E480AF0E5
:1081B00035FB2D48FAF70CFC30A12B480AF02EFBBA
:1081C0002948FAF705FCFBF7BDFA41E021480078A1
:1081D00001281ED12DA124480AF020FB2248FAF7DD
:1081E000F7FB2FA120480AF019FB1F48FAF7F0FB14
:1081F000FBF7A8FAFAF72AFA2E482F49086002205E
:10820000144908702D480AF077F94FF6FF700AF00C
:1082100073F91048007802281AD129A112480AF0EF
:10822000FDFA1148FAF7D4FB29A10F480AF0F6FA33
:108230000D48FAF7CDFB2AA10B480AF0EFFA0A48DD
:10824000FAF7C6FB4FF6FF700AF056F9FBF77AFA19
:1082500010BD00000401002020505245535320451A
:108260004E54455220000000132000202020544F7F
:1082700020464F524D41542020000000204E414ED8
:108280004420464C415348202000000045524153B1
:10829000494E47204E414E4420464C415348200011
:1082A000504C45415345205741495420202020201F
:1082B00020202000400D03000C010020FFFF0F00D4
:1082C00020204E414E4420464C415348200000009F
:1082D000202020204552415345442020200000000A
:1082E00052455345542053595354454D2020202086
:1082F0002000000010B500244FF480610648F7F715
:1083000086FFFBF7D3FF0020FFF77EFE0446002028
:1083100002490870204610BD54820020400500200C
:108320007047000070B5002100230F22C47804B309
:10833000154C246804F4E064C4F5E064210AC1F13A
:108340000403CA40447804FA03F1847814402143BA
:1083500009010E4C0678A155047804F01F0501248C
:10836000AC4005786D11AD0005F1E025C5F8004180
:1083700009E0047804F01F050124AC40044D0678A0
:10838000761145F8264070BD0CED00E000E400E0F9
:1083900080E100E002490143024A11607047000099
:1083A0000000FA050CED00E0024A0A400243024BCD
:1083B0001A60704780FFFF1F08ED00E010B525A18F
:1083C00028480AF02BFA2748FAF702FB26A125488D
:1083D0000AF024FA2348FAF7FBFA27A121480AF009
:1083E0001DFA2048FAF7F4FA1AA11E480AF016FA04
:1083F0000020254908701B48FAF7EAFA15A1194828
:108400000AF00CFA1748FAF7E3FA12A115480AF035
:1084100005FA1448FAF7DCFA0EA112480AF0FEF940
:108420001048FAF7D5FAFEF701FFFEF761FFFBF7F8
:1084300089F916480AF060F814201549487300209D
:108440001449088014490870FAF76AFA01201349A0
:10845000087010BD20202020202020202020202057
:10846000200000001320002020204E4F2056414CB9
:108470004944202020000000204750532053494702
:108480004E414C2020000000E2000020FFFF0F00C2
:108490002DE80120A00700207407002033070020EA
:1084A00010B5032008490870084801680068401C9E
:1084B000064A10600648814201D302F07BFB054862
:1084C00005F0C2FB10BD000062040020B4030020D0
:1084D000A02E6300EC080020704700000EB5FEF7E8
:1084E00027FC00204FF4EB430246012100901B487B
:1084F00002F0B0FFFEF7B6FB01217F2000F038F854
:108500000DF088FC01F058F801F0EAFEFFF7F2FEEA
:1085100006F0E4FC012240F22551114803F0A4FFCB
:108520000121222000F024F802208DF80900032008
:108530008DF8080000208DF80A0001208DF80B004E
:108540004FF4A070019001A90648FCF707FA01203A
:10855000019001A90448FCF701FA0EBD0004004097
:108560000010014000140240000402407047000067
:1085700029B1064A12680243044B1A6004E0034A18
:1085800012688243014B1A60704700003038024085
:1085900029B1064A12680243044B1A6004E0034AF8
:1085A00012688243014B1A6070470000383802405D
:1085B00029B1064A12680243044B1A6004E0034AD8
:1085C00012688243014B1A60704700004038024035
:1085D00029B1064A12680243044B1A6004E0034AB8
:1085E00012688243014B1A60704700002038024035
:1085F00029B1064A12680243044B1A6004E0034A98
:1086000012688243014B1A607047000044380240F0
:1086100029B1064A12680243044B1A6004E0034A77
:1086200012688243014B1A607047000024380240F0
:10863000F0B5002100220024022500260223324F3B
:108640003F6807F00C0121B1042905D0082937D172
:1086500005E02E4F076036E02D4F076033E02A4FCC
:108660003F1F3F68C7F38056274F3F1F3F6807F003
:108670003F036EB1264FB7FBF3F7DFF88CC0ACF1C8
:10868000040CDCF800C0CCF3881C07FB0CF40CE0F5
:108690001E4FB7FBF3F7DFF870C0ACF1040CDCF849
:1086A00000C0CCF3881C07FB0CF4174F3F1F3F683A
:1086B000C7F301477F1C7D00B4FBF5F7076002E0BC
:1086C000124F076000BF00BF0F4F3F6807F0F00177
:1086D0000909104F7A5C0768D74047600A4F3F6826
:1086E00007F4E051890A0B4F7A5C4768D7408760EE
:1086F000054F3F6807F46041490B064F7A5C4768B5
:10870000D740C760F0BD0000083802400024F400E4
:1087100000127A00B8030020014600BF080900EBF0
:108720008000420001F00F001044C0B2704700000A
:1087300070B506460C4600250F4800680F4900EA50
:108740000105280CE070C5F30420607005F03F00BF
:10875000A070C5F3423020706EB9E078FFF7DCFFFF
:10876000E0706078FFF7D8FF6070A078FFF7D4FF63
:10877000A0702078207070BD042800403FFFFF00EB
:1087800070B506460C4600250F4800680F4900EA00
:108790000105C5F305402070C5F30620607005F0A3
:1087A0007F00A07005F48000000CE0705EB92078B6
:1087B000FFF7B2FF20706078FFF7AEFF6070A0781F
:1087C000FFF7AAFFA07070BD002800407F7F7F00E8
:1087D0001FB57DA103C9CDE9000101224FF460411D
:1087E00002A800F01FFE08224FF44051784800F024
:1087F00019FE7748007818B175480078FF280AD12B
:1088000008224FF44051684600F044FE7048009939
:108810000160019941609DF808006E4908704FF4AD
:10882000604000F09BFF04224FF440416A4800F092
:10883000F9FD04224CF20401684800F0F3FD66489B
:108840000078FF281DD130206349C870887032201D
:108850004870087030206149C870887036204870B0
:1088600030200870800200F079FF04224FF440416C
:10887000594800F00FFE04224CF20401574800F062
:1088800009FE554841780078303800EB800001EB54
:1088900040003038524908704F48C17880783038ED
:1088A00000EB800001EB400030384E4908704B4827
:1088B00041780078303800EB800001EB4000303820
:1088C000494908704548C1788078303800EB80000D
:1088D00001EB40003038454908700C220021444823
:1088E00000F0A0FD42480078FF280CD131220C2175
:1088F0003F48F7F785FC002000F030FF08220021F8
:108900003B4800F0C7FD08224FF43041394800F0E1
:1089100089FD38480078FF280ED1302204213548DF
:10892000F7F76EFC4FF4304000F018FF04224FF4CC
:108930003041304800F0AEFD042291022E4800F094
:1089400071FDFF202C49087048708870C870084677
:108950000078FF2802D00846007870B90120264927
:108960000870487002208870C870C00200F0F6FEDF
:1089700004229102204800F08DFD0122910303A8FA
:1089800000F050FD9DF80C000A2190FBF1F000EB87
:1089900080004006000E1949087008460078184902
:1089A000087016480078642808DD64201349039095
:1089B00008700122910303A800F06CFD0F480078B5
:1089C00009F010FF1FBD0000303030303030303043
:1089D000A5070020A4000020F2000020F7000020DE
:1089E0003B0700203C0700203D0700203E070020F9
:1089F000E5000020FC000020550700204B07002068
:108A00004C07002030B597B004460D46294601A812
:108A1000FFF79AFBDDE90101CDE90301012305A878
:108A2000DDE90312FBF72CFDDDE90501CDE91501B8
:108A300015982060BDF85800A08017B030BD000028
:108A40002DE9FF5F82460C464FF0000B0025A9463A
:108A50005848006900F58C6932212046F7F7D7FBAA
:108A6000322104F13200F7F7D2FB322104F1640025
:108A7000F7F7CDFB4FF4FA714F48F7F7C8FB4FF407
:108A8000FA7251464C4800F0CDFC4B480078FF2864
:108A900075D005224849143104F19800F7F7D4FB4A
:108AA00000BF454885794FF6FF7000EA052542482A
:108AB000C07905432846F9F7C1FD05460BF10900C9
:108AC0001FFA80FB0BEB05001FFA80FB2A463A4990
:108AD00008312046F7F7B8FB4FF4FA713648F7F73C
:108AE00096FB032235A104F19800F7F7EEFB48B995
:108AF000012084F89F000F2204F1320104F1640088
:108B0000F7F7A2FB052249462B4800F08BFC002614
:108B10003BE0FDF779FC05224946274800F082FC3E
:108B20000522254904F19800F7F7CFFB40BBA9F1D6
:108B3000140914224946204800F074FC0A221E49F8
:108B40006846F7F781FB68460AF064FB0746F7F7CB
:108B5000F3FEC4F8A800002000900190029003905A
:108B60000A2215490A316846F7F76EFB68460AF093
:108B700051FB0746F7F7E0FEC4F8A4000BE017E04E
:108B8000FFE709F13C09701CC6B20D48B0F8B80007
:108B9000801CB042BDDA00BF0948B0F8B800801CA4
:108BA000B04203DB012004B0BDE8F09F0020FAE7EB
:108BB0000020F8E740ED0120E01A00204E5A4D0059
:108BC000F0E9012010B51420064948730020064939
:108BD000088006490870F9F7A3FE012004490870CF
:108BE00010BD00002DE80120A00700207407002020
:108BF0003307002010B512480078C0F3C00018B940
:108C00001048007812280CD14FF4005000F0A6FD57
:108C100009200D49C872C8200C49086001F0CAFF3C
:108C20000DE007480078C0F3800018B905480078C7
:108C30000D2804D101200449C872FFF7C3FF10BDFD
:108C400048820020280500202DE80120140500207E
:108C500070B50024002500265D480078B0B95D4855
:108C60000068012811D114205B49487300205B493A
:108C700008805B490870F9F753FE012059490870D4
:108C8000594908700020594908709FE05148006810
:108C9000022830D15248007808280ADA5448B0F93E
:108CA0000000002805DD52480088401E00B25049EF
:108CB00008804B48007878B900204D490880444826
:108CC0000078474908704A480088093043490880BD
:108CD00007204749088079E041480078002875DD81
:108CE0003F480078401E3E49087041480088801C7B
:108CF0003A4908806AE03748006803282CD13C488C
:108D0000B0F90000072805DA39480088401C00B295
:108D100037490880324800782D49097888420AD1BD
:108D200000202F4908703249088008460088801CBE
:108D30002A4908804AE02A4800782549097888426B
:108D400044DA27480078401C2549087028480088E4
:108D5000801C2249088039E01E480068042821D17F
:108D600000202349088023480078012817D10820D3
:108D70001949C87220481A4A127800EB02110522DC
:108D80001E48F7F761FA0020164908701C49087060
:108D90001A48FCF7EDFE01201349087016E0FFF7B2
:108DA0000DFB13E00B48006801280FD114200A497D
:108DB000487300200949088009490870F9F7B0FD97
:108DC00001200849087000200849087070BD0000A3
:108DD000A1080020100500202DE80120A007002098
:108DE000740700203307002064080020840000205E
:108DF0009C070020010600205DDB01207907002090
:108E00006508002070B50024002500265B48007826
:108E1000B0B95B480068012811D114205949487342
:108E200000205949088059490870F9F779FD012057
:108E300057490870574908700020574908709CE04E
:108E40004F480068022830D15048007808280ADAD4
:108E50005248B0F90000002805DD50480088401E47
:108E600000B24E4908804948007878B900204B4943
:108E70000880424800784549087048480088093011
:108E80004149088007204549088076E03F4800783E
:108E9000002872DD3D480078401E3C4908703F487C
:108EA0000088801C3849088067E03548006803283E
:108EB0002CD13A48B0F90000072805DA3748008875
:108EC000401C00B235490880304800782B490978A9
:108ED00088420AD100202D49087030490880084690
:108EE0000088801C2849088047E0284800782349EA
:108EF0000978884241DA25480078401C23490870E7
:108F000026480088801C2049088036E01C480068FC
:108F1000042821D100202149088021480078012817
:108F200017D108201749C8721E48184A127800EB5A
:108F3000021105221C48F7F787F900201449087030
:108F40001A4908701848FCF713FE012011490870EF
:108F500013E0FFF733FA10E00948006801280CD14C
:108F60001420084948730020074908800749087001
:108F7000F9F7D6FC01200649087070BD8200002078
:108F8000100500202DE80120A00700207407002014
:108F90003307002064080020840000209C07002084
:108FA0000106002026170020790700206508002010
:108FB00010B5002406E04FF4C02101EB044000F09E
:108FC00001FA641C682CF6D310BD000010B57121A5
:108FD000264800F08EFC002846D04FF4007124484B
:108FE000FBF73DFD08B34FF480602149183108803C
:108FF000891C08801F490A680968491C1D4B1960B3
:109000001D49885C00F098F81A48006841F28831E0
:10901000B0FBF1F201FB120038B91848007820B11A
:1090200000227121114800F07EFC124800681449AA
:109030000968884218D300200E4908604FF4006187
:109040001048F7F7E4F801200F49087000200F4995
:1090500008800D48007838B100227121034800F0E3
:1090600062FC01200849087010BD0000003C00406F
:109070000014024074050020CCA200204C00002007
:109080007805002068920020520500205405002039
:1090900000B587B00121C803FFF78AFA0121022039
:1090A000FFF766FA062203212148FBF7B5FC0622EA
:1090B00004211F48FBF7B0FC062205211C48FBF7E2
:1090C000ABFC3820009000208DF8060001208DF8C0
:1090D000070002208DF804008DF805006946144849
:1090E000FBF73CFC0020ADF808004FF48270ADF8AF
:1090F0000A000020ADF80C00ADF80E00ADF810002D
:109100004FF40070ADF812001820ADF814000020E4
:10911000ADF816000720ADF8180002A9054800F0C8
:1091200017FC0121034800F0DBF807B000BD000088
:1091300000040240003C004010B5044600BF02217C
:109140000A4800F0CDFB0028F9D02146074800F07E
:10915000FDFB00BF0121054800F0C2FB0028F9D04B
:10916000024800F0F0FBC0B210BD0000003C00401F
:1091700010B500BF0221034800F0B2FB0028F9D06F
:1091800010BD0000003C004010B52F480078D0B959
:109190002EA1324809F042FB3048F9F719FC30A102
:1091A0002E4809F03BFB2D48F9F712FC30A12B4863
:1091B00009F034FB2948F9F70BFCFAF7C3FA012050
:1091C000214908703FE020480078012827D12CA1D0
:1091D000224809F023FB2148F9F7FAFB2CA11F488C
:1091E00009F01CFB1D48F9F7F3FB2DA11B4809F002
:1091F00015FB1A48F9F7ECFBFAF7A4FA2C482D49AD
:10920000086001202C490870FFF7D2FE02200E49A9
:1092100008702A4809F070F9284809F06DF90A48E1
:10922000007802280FD126A10C4809F0F7FA0B4864
:10923000F9F7CEFB26A1094809F0F0FA0748F9F73B
:10924000C7FBFAF77FFA10BDE4000020205052451A
:10925000535320454E544552200000001320002057
:109260002020202020544F202020202020000000FB
:1092700020455241534520464C41534820000000B0
:10928000202020202020202020202020200000003E
:1092900045524153494E4720464C41534800000037
:1092A00020504C454153452057414954200000006F
:1092B000400D03000C010020E3000020FFFF0F0021
:1092C000464C41534820455241534544200000003C
:1092D00052455345542053595354454D20000000E6
:1092E00021B1028842F04002028004E002884FF679
:1092F000BF731A400280704770B5044600250121F3
:109300001548FBF7B7FB02211348FBF7B3FB10210D
:109310001148FBF7ADFB032000F050FAC4F30740FF
:1093200000F04CFAC4F3072000F048FAE0B200F075
:1093300045FAA52000F042FA054601210648FBF750
:1093400097FB02210448FBF793FB10210248FBF72F
:1093500091FB284670BD00000000024070B5054634
:109360000C4600F071FA01211548FBF783FB02213E
:109370001348FBF77FFB10211148FBF779FB022014
:1093800000F01CFAC4F3074000F018FAC4F30720F9
:1093900000F014FAE0B200F011FA284600F00EFADC
:1093A00001210748FBF764FB02210548FBF760FB3E
:1093B00010210348FBF75EFB00F01CFA70BD0000B3
:1093C0000000024010B5044600F03EFA01211448A6
:1093D000FBF750FB02211248FBF74CFB1021104811
:1093E000FBF746FBD82000F0E9F9C4F3074000F092
:1093F000E5F9C4F3072000F0E1F9E0B200F0DEF98E
:1094000001210748FBF734FB02210548FBF730FB3D
:1094100010210348FBF72EFB00F0ECF910BD000013
:109420000000024070B505460C461646012118485A
:10943000FBF720FB02211648FBF71CFB1021144808
:10944000FBF716FB032000F0B9F9C4F3074000F066
:10945000B5F9C4F3072000F0B1F9E0B200F0AEF9BD
:1094600004E0A52000F0AAF928706D1C301EA6F1BA
:1094700001018EB2F5D101210548FBF7F9FA02216D
:109480000348FBF7F5FA10210148FBF7F3FA70BD2A
:10949000000002402DE9F05F07460E4614464FF0EB
:1094A0000008C146C2460025AB4606F0FF0ACAF1D5
:1094B0000000C5B22046E11704EB1161C1F3072893
:1094C000E11704EB11610912A4EB012101F0FF097E
:1094D000BAF1000F20D1B8F1000F05D12246314674
:1094E000384600F0FFF864E009E04FF4807231463E
:1094F000384600F0F7F806F5807607F58077B8F182
:109500000000A8F1010101F0FF08EED14A46314602
:10951000384600F0E7F84CE0B8F1000F18D1A94543
:1095200010DDA9EB050000F0FF0B2A463146384656
:1095300000F0D8F82E442F445A463146384600F001
:10954000D1F836E022463146384600F0CBF830E01C
:10955000601B84B22046E11704EB1161C1F30728B8
:10956000E11704EB11610912A4EB012101F0FF09DD
:109570002A463146384600F0B5F82E442F4409E01B
:109580004FF480723146384600F0ACF806F580762C
:1095900007F58077B8F10000A8F1010101F0FF089C
:1095A000EED1B9F1000F04D04A463146384600F0FA
:1095B00099F8BDE8F09F000000B587B001210803CD
:1095C000FFF716F801210846FEF7D2FF05221146E3
:1095D0004248FBF721FA052206214048FBF71CFA16
:1095E000052207213D48FBF717FA02208DF80400F9
:1095F0008DF8050000208DF8060002208DF8070088
:109600002020009069463548FBF7A8F9802000909B
:1096100069463248FBF7A2F94020009069462F487E
:10962000FBF79CF9012000908DF8040000208DF8D4
:10963000060069462948FBF791F9022000900120B5
:109640008DF8040000208DF8060069462348FBF7DA
:1096500085F91020009001208DF8040000208DF87D
:10966000060002208DF8050000208DF807006946ED
:109670001A48FBF773F901211848FBF7F9F90221A1
:109680001648FBF7F5F910211448FBF7F3F9002011
:10969000ADF808004FF48270ADF80A000020ADF874
:1096A0000C000220ADF80E000120ADF810004002C1
:1096B000ADF812000820ADF814000020ADF8160037
:1096C0000720ADF8180002A9054800F041F9012172
:1096D0000348FFF705FE07B000BD00000000024090
:1096E0000030014070B505460C46164600F0ACF857
:1096F00001211948FBF7BEF902211748FBF7BAF917
:1097000010211548FBF7B4F9022000F057F8C4F314
:10971000074000F053F8C4F3072000F04FF8E0B220
:1097200000F04CF803E0287800F048F86D1C301E7B
:10973000A6F101018EB2F6D101210748FBF798F995
:1097400002210548FBF794F910210348FBF792F931
:1097500000F050F870BD00000000024010B5044653
:1097600000F072F801211448FBF784F90221124835
:10977000FBF780F910211048FBF77AF9202000F060
:109780001DF8C4F3074000F019F8C4F3072000F0F7
:1097900015F8E0B200F012F801210748FBF768F96C
:1097A00002210548FBF764F910210348FBF762F931
:1097B00000F020F810BD00000000024010B5044683
:1097C00000BF02210A4800F08BF80028F9D021469A
:1097D000074800F0BBF800BF0121054800F080F801
:1097E0000028F9D0024800F0AEF8C0B210BD000069
:1097F0000030014010B5002401211248FBF73AF96E
:1098000002211048FBF736F910210E48FBF730F91A
:109810000520FFF7D3FF00BFA520FFF7CFFF0446C9
:1098200004F001000028F7D101210648FBF720F9D8
:1098300002210448FBF71CF910210248FBF71AF932
:1098400010BD00000000024010B501210D48FBF7DB
:1098500011F902210B48FBF70DF910210948FBF71C
:1098600007F90620FFF7AAFF01210648FBF700F9D8
:1098700002210448FBF7FCF810210248FBF7FAF834
:1098800010BD00000000024010B50446114884429B
:1098900008D101218014FEF7BBFE0021A014FEF7C1
:1098A000B7FE16E00C48844208D101210014FEF7EF
:1098B0008FFE00212014FEF78BFE0AE00748844249
:1098C00007D10121C013FEF783FE0021E013FEF74C
:1098D0007FFE10BD0030014000380040003C0040D9
:1098E0000246002013890B400BB1012000E000204C
:1098F0007047F0B50246002000240023002501F047
:109900000F070126BE40B4B20B1101269E40B3B230
:10991000968806EA03051689264016B10DB1012086
:1099200000E00020F0BD30B5002400230C1101251B
:10993000A540ABB21AB185881D43858002E08588B9
:109940009D43858030BD014688897047818170477D
:1099500010B50022028802F441520B884C88234340
:109960008C882343CC8823430C8923434C8923438D
:109970008C892343CC8923431A430280838B4FF283
:10998000FF74234083830B8A038210BD704700005D
:109990002DE9F04100250024C348007818B30020C9
:1099A000C14908704FF40050C049086015E04FF4F9
:1099B0008072BE480168BE48FFF734FDBC4800789D
:1099C000FF2804D1B9480068B84908600AE0B748E0
:1099D000006800F58070B5490860B4480068B0F5CB
:1099E000BE2FE4D300BF0522B249B348F6F72CFCE2
:1099F0000920B14948712321B048F6F708FCB04866
:109A00000288B0A1AD4808F009FFAC480078AA4927
:109A10008871AA484178A848C1712D21017223217B
:109A2000A648F6F7F4FBA6484288A6A1A34808F08A
:109A3000F5FEA2480078A0494872A04841789E48A7
:109A400081722D21C17223219C48F6F7E0FB9C48CE
:109A500082889CA1994808F0E1FE984800789649D0
:109A600008739648417894484173092181732321F2
:109A70009248F6F7CCFB9548C27992A18F4808F03E
:109A8000CDFE8E4800788C49C8738C4841788A484E
:109A900001743A21417423218848F6F7B8FB8B48BA
:109AA000027A88A1854808F0B9FE84480078824986
:109AB0008874824841788048C17409210175232146
:109AC0007E48F6F7A4FB8149C868F6F7F2FE064621
:109AD00032460B467EA1794808F0A0FE002404E03F
:109AE0002021754815300155641C0A2CF8D37248A2
:109AF000153072490A6802604A684260098901812A
:109B0000002408E06C481530005D18B920216A482F
:109B100015300155641C0A2CF4D309216648C1771D
:109B200023216648F6F773FB68490869F6F7C1FE1A
:109B3000064632460B4666A1604808F06FFE0024D8
:109B400004E020215C4820300155641C0A2CF8D325
:109B500060480078A0B9584858490A6802624A68C3
:109B6000426209890185002408E053482030005DE5
:109B700018B92021504820300155641C0A2CF4D318
:109B800009214D4880F82A1050498869F6F745FEAA
:109B90005149088023214948F6F739FB4E4802888D
:109BA00048A1464808F03AFE4448F6F759FB85B20A
:109BB000002404E0202140482B300155641C032C74
:109BC000F8D34448007828B92A463C493A482B3013
:109BD000F6F7F6FA0921384880F82E10002404E040
:109BE000202135482F300155641C142CF8D33B48F4
:109BF000007830B114223A492F482F30F6F7E0FAB6
:109C000011E03848007870B10D2235492A482F30CC
:109C1000F6F7D6FA28483C3033490A6802608A8849
:109C20008280897981710921234880F844100920B4
:109C3000214981F845000A211F4880F846104FF459
:109C400080721A4801681C48FFF724FC4FF4967193
:109C50001748F6F7DCFA1548006800F580701349DC
:109C6000086022480088401C204908800F4800688E
:109C7000B0F5BE2F0CD34FF47C40FFF76FFD4FF4CF
:109C80007C410120FFF76AFB4FF400500749086050
:109C900006480088C0F30B0018B904480068FFF7B5
:109CA0005DFD0120BDE8F0819D040020B40400208A
:109CB0004E7F0020790700207A800020441D00207C
:109CC000F60500202530326400000000D4C50120D4
:109CD00025660000A4040020A6040020E30700205D
:109CE000F4E80120E4070020AA040020A8040020D2
:109CF00010B54FF48050FFF731FD04229102024865
:109D0000FFF7C8FB10BD000055070020FEB5054653
:109D10002FA0006802902FA103C9CDE900014FF4E4
:109D2000DE0404F5803632212C48F6F770FA0A2258
:109D300021462A48FFF776FB032202A92748F6F7B7
:109D4000C4FA20B904F114002549086101E0022099
:109D5000FEBD01202349087030E032211F48F6F78C
:109D600056FAFCF751FB1E480A2201691B48FFF70F
:109D700059FB052229461948F6F7A7FA30B91948C0
:109D80000078401E174908700120E1E70522694666
:109D90001248F6F79AFA30B912480078401E114975
:109DA00008700220D4E70E48006900F5FA700C49EB
:109DB00008610C480078401C0A490870084800698E
:109DC000B042CAD300200749087000BFC0E70000B6
:109DD0000000FF00FFFFFFFFFF000000E01A00206F
:109DE00058ED0120FC0700202DE9FC41064628A083
:109DF0000068019027A00068009030460CF052FFE8
:109E00000546FF2D05D9B5F5FE0F02D222480561A2
:109E100002E00020BDE8FC811F48046904F5C60784
:109E200031E064211D48F6F7F2F9FCF7EDFA6422FF
:109E300021461A48FFF7F6FA032201A91748F6F758
:109E400044FAB0B90522314614481430F6F73DFA09
:109E500030B10522314611481E30F6F736FA28B9DE
:109E600004F114000C4908610120D3E704F5805483
:109E700009E0032269460948F6F727FA08B90220E3
:109E8000C8E704F58054BC42CBD30020C2E70000F1
:109E90000000FF00FFFFFF0040ED0120E01A00205E
:109EA00010B509480068032808D14FF41651074837
:109EB00002F0D0F801200649087004E04FF4165172
:109EC000044802F0C7F810BD10050020004800400B
:109ED0003207002000100140F0B585B0074600248D
:109EE0004FF42171B948F6F792F9B9480569143D64
:109EF000142205F114016846FFF794FAFCF784FA7E
:109F0000082269463846F6F7E0F9C0BB132205F18E
:109F100028016846FFF786FA30359DF80000AB4906
:109F2000A1F8B8000846B0F8B8004FF6FF7101EA92
:109F30000020A649A1F8B8000846B0F8B8009DF87E
:109F400001100843A149A1F8B8000A222946684631
:109F5000FFF768FA052269469C48A230F6F774F9C3
:109F600005220DF105019948A930F6F76DF99848D9
:109F7000006900F58C650020964908704AE0FFE70B
:109F800008220DF10A013846F6F79FF9F0BB1322BB
:109F900005F128016846FFF745FA9DF802008B4954
:109FA000A1F8B8000846B0F8B8004FF6FF7101EA12
:109FB00000208649A1F8B8000846B0F8B8009DF81E
:109FC000031008438149A1F8B8009DF8120000EB86
:109FD000800105F13B000D180A2229466846FFF76B
:109FE00021FA052269467948A230F6F72DF90522B3
:109FF0000DF105017548A930F6F726F97448006996
:10A0000000F2744501207349087003E0FFE7002067
:10A0100005B0F0BD082239466C48401CF6F714F92B
:10A020006A48B0F8B800962805DD00206749A1F815
:10A03000B8000870ECE700248DE028216648F6F7A8
:10A04000E6F8282229466448FFF7ECF9FCF7DCF92A
:10A050006048007808BB6048FFF758FE01281BD114
:10A060005E4801695E4840F824105B48417C5C48CA
:10A07000CC3840F8241050F8240001025848CC385D
:10A0800040F8241050F824005349897C084354496F
:10A09000CC3941F824005BE063E04F4806784FF686
:10A0A000FF7000EA06264C4840780643EEB3A5F15F
:10A0B000140128224848FFF7B5F94748FFF726FE64
:10A0C000012840D1454801694048B0F8B800401E19
:10A0D000021B434840F822103F48C17F3B48B0F87C
:10A0E000B800401E021B3E48CC3840F82210EC3825
:10A0F000B0F8B800401E011B3948CC3850F8210098
:10A1000001023248B0F8B800401E021B3448CC3877
:10A1100040F82210EC38B0F8B800401E011B30485F
:10A12000CC3850F821102C4800E00DE090F82000C9
:10A1300001432648B0F8B800401E021B2848CC381E
:10A1400040F8221004E00CE0002C01DD601EC4B2D7
:10A150003C35601CC4B21D48B0F8B800A0423FF7BF
:10A160006CAF00BF1948B0F8B800A04203D000207F
:10A17000164908704CE7012014490870002019495D
:10A18000C86019498861012016490871002048708B
:10A1900001201649087016490870164908701649BA
:10A1A0000870002015490880154808F0A5F96421B9
:10A1B0001448F6F72CF801201349087000201349C1
:10A1C000087013490870012022E70000F0E901201F
:10A1D00040ED0120F207002012E9012058ED012096
:10A1E000A8EB012074EC0120D4C50120F107002068
:10A1F0006D0100200C0800206C01002020060020CA
:10A20000FFFF0F002F1F00200C0600205701002029
:10A21000F90700200CB50020019000902D4800683F
:10A2200040F480302B49086000BF2A48006800F4E1
:10A23000003000900198401C0190009818B90198D6
:10A24000B0F5A06FF1D12348006800F4003010B1E0
:10A250000120009001E0002000900098012838D1F2
:10A260001C48083000681B4908310860084600682F
:10A2700040F4004008600846006840F4A0500860C0
:10A280001548091F0860081F006840F08070091F0A
:10A29000086000BF0F48006800F000700028F9D087
:10A2A00040F203700D4908600A480830006820F049
:10A2B00003000849083108600846006840F00200C1
:10A2C000086000BF03480830006800F00C00082850
:10A2D000F8D10CBD00380240083C4005003C02406B
:10A2E00010B5FDF79DFAF9F763F8F8F70BF910BD13
:10A2F00038B500200090FCF787F819480CF0A8F951
:10A3000000BF184800780028FBD0002116480AF04A
:10A3100006F91EE0002013490870FCF775F84FF4A9
:10A3200000711248F5F773FF6B464FF400720F4946
:10A330000D480AF0F3FA0446BDF8000000B104B17C
:10A340000CE00A480CF084F900BF064800780028A9
:10A35000FBD00748FCF734F80028DBD100BF38BD3C
:10A36000C05C002013070020D0720020B012002033
:10A37000EC08002010B5002009E0FF2205490B88F9
:10A380000988491C034C21800349CA54401C2828D1
:10A39000F3DB10BD9E030020892C002010B50020A7
:10A3A00009E0002205490B880988491C034C2180DB
:10A3B0000349CA54401C2828F3DB10BD9E0300202B
:10A3C000892C002010B5002016490870012016497C
:10A3D0000870164908704FF41651154801F03AFEFE
:10A3E000012240F22551124802F03EF8F0214FF4CC
:10A3F000A070FAF725FA642006F060FCF0214FF413
:10A40000A070FAF71DFA01200A4908700A4908707D
:10A410000A49087040030A49086001200949087088
:10A4200010BD000052010020F4070020C2040020EB
:10A4300000440040C80300209D0400209C0400202C
:10A44000B4040020E204002010B586B00124C44802
:10A45000007B0A2832D2DFE800F0310532A0FD315E
:10A46000FC31FBFABFA1C34808F0D8F9C148F8F79E
:10A47000AFFAC1A1BF4808F0D1F9BE48F8F7A8FA71
:10A48000C1A1BC4808F0CAF9BA48F8F7A1FAC2A1BC
:10A49000B84808F0C3F9B748F8F79AFAC2A1B54826
:10A4A00008F0BCF9B348F8F793FAC3A1B14808F033
:10A4B000B5F9B048F8F78CFAF9F744F94DE1C2481C
:10A4C0000078B8B9C1480068A0B1C1A1A94808F096
:10A4D000A5F9A848F8F77CFAC1A1A64808F09EF9AA
:10A4E000A448F8F775FAF9F72DF94FF4FA70C04956
:10A4F00008604FE0B4480078B8B9B4480068A0B923
:10A50000BCA19C4808F08AF99A48F8F761FABDA105
:10A51000984808F083F99748F8F75AFAF9F712F9CA
:10A520004FF4FA70B249086034E0BA48007898B144
:10A53000B9A1904808F072F98E48F8F749FAA8A135
:10A540008C4808F06BF98B48F8F742FAF9F7FAF8FB
:10A550009620A74908601DE0AE480078D0B9B2A1A6
:10A56000844808F05BF98348F8F732FAB2A18148D1
:10A5700008F054F97F48F8F72BFAB3A17D4808F0AA
:10A580004DF97C48F8F724FAF9F7DCF84FF4FA7043
:10A5900097490860F9F7D6F8DFE08B480078B0B942
:10A5A0008A48006898B18AA1724808F037F9714862
:10A5B000F8F70EFA8AA16F4808F030F96D48F8F7FD
:10A5C00007FAF9F7BFF896208949086051E07E48FC
:10A5D0000078B0B97D48006898B986A1654808F050
:10A5E0001DF96448F8F7F4F986A1624808F016F9F5
:10A5F0006048F8F7EDF9F9F7A5F81E207C490860E6
:10A6000037E07B48006870B193A15A4808F006F91A
:10A610005848F8F7DDF972A1564808F0FFF8554898
:10A62000F8F7D6F923E08CA1524808F0F7F8514822
:10A63000F8F7CEF98CA14F4808F0F0F84D48F8F73C
:10A64000C7F98DA14B4808F0E9F84A4803E014E047
:10A6500010E015E040E0F8F7BBF98BA1454808F0A1
:10A66000DDF84448F8F7B4F901208B490870F9F790
:10A6700069F872E0FCF73EFC6FE0FCF7FBF86CE079
:10A6800004208649087086A13A4808F0C7F839487E
:10A69000F8F79EF978A1374808F0C0F83548F8F780
:10A6A00097F90220824908807C480078042810DC51
:10A6B0008048007880490978CDE900107F48037808
:10A6C0007F4802787FA12B4808F0A8F82948F8F7BE
:10A6D0007FF9F9F737F840E07EA1264808F09EF8A8
:10A6E0002448F8F775F964A1224808F097F8214842
:10A6F000F8F76EF902206E4908807A480078E8B9C8
:10A700007948007879490978794A1278794B1B7829
:10A71000CDE90232CDE9041066480078664909782F
:10A72000CDE90010654803786548027872A11148A8
:10A7300008F074F80F48F8F74BF90BE06948007817
:10A74000012807D1724A73A10A4808F067F809483E
:10A75000F8F73EF9F8F7F6FF00BF00BF06B010BDEE
:10A760002DE80120312052542F4144202044554DE2
:10A770005000000013200020322044574E4C44204B
:10A780004556454E54000000332054455354204153
:10A790005544494F20000000342056455253494F3C
:10A7A0004E204E4F2E000000352043484E4720508B
:10A7B00041535752440000003620554E4954204919
:10A7C000442020202000000036070020180500202B
:10A7D0004348434B494E20504452495645000000DF
:10A7E000504C45415345205741495420200000001A
:10A7F00014050020202050454E2044524956452043
:10A80000200000004E4F54204445544543544544D5
:10A81000200000005407002055504C4F4144494E41
:10A820002044415441000000444154412055504CC3
:10A830004F4144454400000053554343455353465C
:10A84000554C4C592000000052454D4F5645204470
:10A8500052495645200000002044422044554D50A6
:10A86000494E47202000000020434F4D504C455496
:10A8700045442020200000002020202020202020EF
:10A8800020202020200000005245534554204445FC
:10A89000564943452000000021010020A208002065
:10A8A0004E45572050415353574F5244000000002B
:10A8B000A0070020260100202501002024010020FF
:10A8C00023010020256325632563256320202020A4
:10A8D00000000000454E54522049442020202020F2
:10A8E00020000000AF0700202A01002029010020DD
:10A8F00028010020270100202563256325632563A7
:10A9000025632563256325632020202000000000A7
:10A91000A5070020257320202020000010B57F48C7
:10A92000007B0B287ED2DFE800F0F606C7CAD9F616
:10A93000CDD6D0D3DC007A480068032808D1794806
:10A940000088042804DC77480088401C754908808A
:10A9500073480068022808D172480088002804DD86
:10A9600070480088401E6F4908806D4800680428C0
:10A970007ED16C48008838BB0520684948730320A5
:10A9800008730120684908704FF4FA70674908603D
:10A990006748007820F008000830654908700020FA
:10A9A000644908706448408B40F480706249488371
:10A9B000FBF72AFD0120614908705D48007820F00E
:10A9C000400040305A4908705648008801282BD171
:10A9D000052052494873022008734FF4FA70534916
:10A9E00008600120504908705148007820F00800A4
:10A9F00008304F49087000204E4908704E48408B7F
:10AA000040F480704C494883FBF7FEFC01204C4920
:10AA10000870F8F73FFE4648007820F040004030CC
:10AA2000434900E077E008703E48008802280DD1D5
:10AA300005203A49487308200873042088710120D2
:10AA40004049087040490870374908703548008807
:10AA5000032807D1052031494873092008730120D4
:10AA6000314908702F480088042809D1052000E0EA
:10AA700015E02A4948730620087301202A49087006
:10AA800028480088052806D1244948730420087303
:10AA90000120254908700020224908800BE0204849
:10AAA0000068012807D114201C49487300201D4963
:10AAB00008801A4988712EE006F0EEF82BE0F9F7CD
:10AAC00063F828E0FBF79EFD25E0FBF749FF22E055
:10AAD000FBF7D0FE1FE0FBF711FF1CE008F0C2FB04
:10AAE00019E03120194908703220487033208870ED
:10AAF0003420C8704FF4FA7015490860FFF7F8F871
:10AB000014480078C0F3800020B101200349087385
:10AB1000FEF758F800BF00BF10BD00002DE801206F
:10AB200010050020A00700200801002018050020C3
:10AB300000000020360700200000024044070020EB
:10AB40005407002030070020470700208A07002014
:10AB5000140500204882002010B51248006840F01B
:10AB600001001049086000200E49083108600D48B6
:10AB700000680D4908400B4908600C48091D086031
:10AB8000081F006820F48020091F08600020054984
:10AB90000C310860FFF73EFB4FF00060044908608D
:10ABA00010BD000000380240FFFFF6FE1030002408
:10ABB00008ED00E0FBF720FC00BFFEE710B504F055
:10ABC00027FA10BD10B500248D480068642802D013
:10ABD0008B48006810B920208A490880884800689E
:10ABE000782806D320208749891E088000208449C0
:10ABF000086083480068401C814908600121824840
:10AC000000F06BFA002879D001217F4800F056FA55
:10AC10007E480078401CC0B27C4908700A2830DBAE
:10AC2000002008707A48006858B324E04FF400719F
:10AC300074481A38F9F713FFE8B14FF4806071498E
:10AC4000891E0880891C088071490A680968491CA6
:10AC50006F4B19606F49885CFEF76EFA6C480068AC
:10AC60006D490968884206D30020694908600120BF
:10AC70006A49087004E0601C0446B0F57A7FD5DDAF
:10AC800000BF674801880088401C654A1080B1F504
:10AC9000FA7F7DDD0020114608806248007808B107
:10ACA000F7F718FC6048006820B15F480068401E54
:10ACB0005D4908605D48007820B15C480078401E1E
:10ACC0005A4908705A48007820B159480078401E07
:10ACD000574908705748006820B156480068401E20
:10ACE000544908605448007848B15448008830B14D
:10ACF00052480088401E5149088010E07FE04E48CD
:10AD0000007860B14D48008848B94D48007830B9A6
:10AD10004C480088494908800120494908704A4840
:10AD2000007820B148480078401E474908704748DD
:10AD3000007888B1464801780078401C444A107079
:10AD40000C2909DD0020114608704049087041496E
:10AD500008700120404908704048007888B13C489C
:10AD600001780078401C3A4A1070042909DD00205F
:10AD70001146087039490870394908700120364970
:10AD800008703848007888B137480178007800E0CA
:10AD900017E0401C344A1070042907DD00201146DA
:10ADA0000870304908700120304908703048018827
:10ADB0000088401C2E4A1080F02902DD0020114638
:10ADC00008802C48007838B12B48008820B12A48E8
:10ADD0000088401E284908802848007838B1284853
:10ADE000008820B126480088401E25490880254853
:10ADF000007820B123480078401E2249087010BD19
:10AE0000340600201A1402400004004038060020D6
:10AE100074050020CCA200207805002052050020F7
:10AE200020060020F4050020500000207D000020B6
:10AE30007E00002078000020A80800202C060020BA
:10AE4000610800202E0600207C000020B5070020AD
:10AE500019060020E1040020C0070020B6070020EA
:10AE600012060020B70700201A060020C1070020A4
:10AE7000240600206201002076010020C507002082
:10AE8000D6070020DC05002010B501214B4800F05A
:10AE900024F9002873D00121484800F00FF9FAF78F
:10AEA000ADFD4748807860B145488078401EC0B20B
:10AEB0004349887028B90846007820F00100401CFA
:10AEC00008703F48C07850B33D48C078401E3C49A8
:10AED000C8700846C07810BB6420887008460078A7
:10AEE00020F00100087008468079401C88710846EF
:10AEF000407A092803D00846407A072803D1052064
:10AF00002F49087202E004202D4908722C488079EC
:10AF10002B49097A884202DB002029498871294897
:10AF20000088401C80B22749088032283CD100208C
:10AF300008802548007820F0200020302249087041
:10AF40002248006820B121480068401E1F4908605F
:10AF50001F480078A0B91F48007838B14FF48040EE
:10AF60001D49088000201B4908700DE04FF4804007
:10AF70001949891E088001201649087004E01BE069
:10AF80004FF48040144908801448007860B1134899
:10AF90000078401E114908700846007820B900204A
:10AFA0000F4908700A4908700E48006820B10D4822
:10AFB0000068401E0B49086010BD000000080040FA
:10AFC000488200200C05002000000020140500200D
:10AFD00001060020240500201A1402401001002060
:10AFE000D4C501201805002010B50121194800F032
:10AFF00074F870B3FDF7BAFA1748007838B100203A
:10B00000154908704FF480501449088006E001206B
:10B010001149087000031149891E08801048007802
:10B020000E2812D1002201210A4800F067F8002101
:10B03000084800F046F800200949087009480078DF
:10B0400020F00100401C074908700121014800F070
:10B0500035F810BD000C0040270500201A140240EE
:10B06000260500200000002010B501210A4800F04C
:10B0700034F880B10121084800F020F80748006842
:10B0800020B106480068401E044908600448007862
:10B0900008B1FBF7B9F910BD0014004014010020FD
:10B0A000E300002021B1028842F08002028004E027
:10B0B00002884FF67F731A4002807047CA430282AB
:10B0C000704721B1028842F00102028004E0028848
:10B0D0004FF6FE731A400280704730B502460020DA
:10B0E00000230024158A05EA0103958905EA010475
:10B0F00013B10CB1012000E0002030BD1AB18389EA
:10B100000B43838102E083898B43838170470185F0
:10B110008282704700220288184B98420ED0184B4A
:10B1200098420BD0B0F1804F08D0164B984205D012
:10B13000154B984202D0154B984204D14FF68F73AD
:10B140001A404B881A43124B984207D0114B984231
:10B1500004D04FF6FF431A400B891A4302804B6814
:10B16000C3620B880385054B984202D0044B98427A
:10B1700001D18B7A0386012383827047000001404E
:10B18000000401400004004000080040000C0040A2
:10B19000001000400014004010B51048407C012809
:10B1A00002D0082818D114E00D48C079312805D103
:10B1B00008200A494874F8F75BFC09E00848007861
:10B1C000C0F3800020B1012004490874FDF7FAFCA7
:10B1D00002E0F8F757FB00BF00BF10BD2DE80120CB
:10B1E0004882002070B5002400250026264800680B
:10B1F000032808D125480088012804DC234800885A
:10B20000401C2249088020480068022808D11F48B5
:10B210000088002804DD1D480088401E1B49088066
:10B2200019480068042810D11848008820B9002067
:10B23000174908701749087014480088012822D15E
:10B2400013490870134908701DE00F480068012871
:10B2500008D114201049487300200C4908800E4979
:10B26000887110E00848006801280CD114200A49B0
:10B27000487300200549088008490870F7F750FB1B
:10B2800001200749087070BD10050020A0070020AC
:10B2900088000020840000202DE801207407002091
:10B2A0003307002070B5002400254948007C0128A0
:10B2B00004D0062858D0072855D184E04548C079E5
:10B2C000312846D106204249087400243EE005EBAF
:10B2D0004500000400F5C02114223F48FEF7A2F803
:10B2E0003E4800EB04103C490A680260097901718C
:10B2F0003A4800EB04100078FF2806D1374901EBEB
:10B30000041020220521F4F77BFF601CC0B2044624
:10B31000324901EB00103049D1F80A200260897BE4
:10B3200001712E4800EB04100078FF280AD12B4948
:10B3300001EB041020220521F4F762FFA01E28492A
:10B34000087005E0601CC4B2681CC5B2142CBEDBDA
:10B3500009E020480078C0F3800020B100201C499B
:10B360008871FDF72FFC31E01A480078C0F3801097
:10B3700048B11C480078002816DD1A480078401EA5
:10B380001849087010E0134800780121B1EBD01F74
:10B390000AD11448007812490978884204DA114821
:10B3A0000078401C0F4908704FF4FA700E4908608D
:10B3B00008480078C0F3800020B1012004490874D7
:10B3C000FDF700FC02E0FFF7E7FE00BF00BF70BD25
:10B3D0002DE801204882002000D501205DDB0120FE
:10B3E0003807002074070020140500201FB504460C
:10B3F00001212020FDF7DCF837208DF80000022025
:10B400008DF801008DF8020001208DF803006846D8
:10B41000FCF788FF04EB8400400002900020ADF8A8
:10B420000400ADF80C00ADF8060001A90848FFF7CC
:10B4300071FE012205210648FFF769FE012211462F
:10B440000348FFF75BFE01210148FFF73AFE1FBDED
:10B45000001400402DE9FF4104460D4616461F46E4
:10B46000DDF82880B4F1804F11D101210846FDF7A5
:10B470009FF81C208DF80C008DF80D508DF80E6093
:10B4800001208DF80F0003A8FCF74CFF52E037486D
:10B49000844211D101210220FDF78AF81D208DF888
:10B4A0000C008DF80D508DF80E6001208DF80F0006
:10B4B00003A8FCF737FF3DE02D48844211D101215C
:10B4C0000420FDF775F81E208DF80C008DF80D5046
:10B4D0008DF80E6001208DF80F0003A8FCF722FF05
:10B4E00028E02448844211D101210820FDF760F8AA
:10B4F00032208DF80C008DF80D508DF80E60012073
:10B500008DF80F0003A8FCF70DFF13E01A488442E2
:10B5100010D101212020FDF74BF837208DF80C00C9
:10B520008DF80D508DF80E6001208DF80F0003A8E6
:10B53000FCF7F8FE0197ADF800800020ADF8080098
:10B54000ADF8020069462046FFF7E4FD01224146BE
:10B550002046FFF7DCFD012211462046FFF7CEFD15
:10B5600001212046FFF7ADFDBDE8FF81000400404A
:10B5700000080040000C00400014004010B507F027
:10B5800091F80B4803780B4802780BA1144807F098
:10B5900045F925201249487781F8250011A1104866
:10B5A000273007F03BF90E48F7F76EFD10BD00009D
:10B5B0004B070020AC000020204E4F52544820433F
:10B5C000454E5452414C205241494C574159532009
:10B5D000423A2564202020563A256420202020006D
:10B5E000132000202020000070B504460E460025E0
:10B5F00003E0FAF709FF681CC5B2A542F9DB70BD8C
:10B6000010B5002440F22551704800F003FF0028D7
:10B610007ED06E4800F0B8FFC4B26D48007820B10B
:10B62000012819D0022816D1B9E0242C0ED169487E
:10B63000007858B9012068490870002067490870EF
:10B640006749087001206249087004E0532C02D158
:10B6500002205F490870ABE05F480078002877D08F
:10B660005E4801780078401C5C4A10705D48445484
:10B670002C2C60D11046007806285CD159480078FF
:10B68000472851D15748407850284DD155488078A7
:10B69000522849D15348C0784D2845D151480079A6
:10B6A000432841D1002050490870242208460178DF
:10B6B0000078401C4C4B18704C48425447211846A7
:10B6C00002780078401C1870484881545021184670
:10B6D00002780078401C1870444881545221184662
:10B6E00002780078401C1870404881544D2118465B
:10B6F00002780078401C18703C4881544321184659
:10B7000002780078401C1870384881542C2100E0E1
:10B710004FE0184602780078401C18703348815476
:10B7200001202F49087002E000202D4908700020F8
:10B730002949087032E02948007807282EDD0020CA
:10B7400026490870224908702349087026E0FFE75F
:10B7500023480078E8B11F480078D0B92248007823
:10B760004E2816DA204801780078401C1E4A1070D6
:10B770001E4844542A2C11D11046007807280DDDAC
:10B7800001201449087000201149087014490870FC
:10B7900004E000200E4908700F49087008E0482CAA
:10B7A00002D101201249087000200949087000BF29
:10B7B00000BF40F22771054800F02CFE28B100229E
:10B7C00040F22771014800F04FFE10BD004C0040D0
:10B7D000DC040020E1050020E5040020E604002050
:10B7E000E4040020BB810020E904002010C50120F2
:10B7F000E104002010B5002440F22551B04800F0CB
:10B8000009FE00287ED0AE4800F0BEFEC4B20A2079
:10B81000AC490870582C02D10720AB490870AA48DF
:10B82000007830B1012815D003286CD0072810D13A
:10B8300022E1242C0DD1A548007850B90120A4495B
:10B8400008700020A3490870A349087001209E4990
:10B85000087027E19E48007800287DD09D48017837
:10B860000078401C9B4A10709C4844542C2C74D186
:10B87000104600780628FAD198480078472816D153
:10B8800096484078502812D19448807847280ED1A5
:10B890009248C07853280AD190480079562806D19A
:10B8A00003208949087000208D49087077E08B4893
:10B8B0000078472855D1894840784E2851D187488B
:10B8C000807852284DD18548C0784D2849D1834889
:10B8D0000079432845D100208149087024218048FF
:10B8E00002780078401C7E4B18707E4881544721B6
:10B8F000184602780078401C18707A48815450210C
:10B90000184601E0CFE081E002780078401C187012
:10B91000744881545221184602780078401C1870EF
:10B92000704881544D21184602780078401C1870E8
:10B930006C4881544321184602780078401C1870E6
:10B94000684881542C22184601780078401C1870F1
:10B9500064484254012001E031E024E05E4908706F
:10B960001DE05E480078472816D15C4840784E2894
:10B9700012D15A48807854280ED15848C078582897
:10B980000AD156480079542806D107204E4908703C
:10B9900000205349087002E000204F490870002041
:10B9A0004B49087031E04B48007807282DDD002016
:10B9B00048490870444908704549087025E04648E0
:10B9C0000078E8B141480078D0B9454800784E2861
:10B9D00016DA434801780078401C414A107041480B
:10B9E00044542A2C11D11046007807280DDD01207F
:10B9F000364908700020344908703749087004E05F
:10BA0000002031490870324908704BE03648007810
:10BA1000502808DA344801780078401C324A107007
:10BA20003248445427E000202F49087030480078FD
:10BA3000401C2F490870F9F787FF2E490968084410
:10BA40002C490860002020490870294800780A28FD
:10BA500011D1284800682821B0FBF1F02649086080
:10BA600008460068632801D90020086000202149A9
:10BA700008601F49087015E0204800781E2808DA81
:10BA80001E4801780078401C1C4A10701C48445421
:10BA900007E00020194908700B4908700120194976
:10BAA000087000BF00BF40F22771054800F0B2FCEB
:10BAB00028B1002240F22771014800F0D5FC10BDEA
:10BAC0000010014010010020DC040020E1050020EE
:10BAD000E5040020E6040020E4040020BB810020EF
:10BAE000E904002010C501200205002060C50120E6
:10BAF00003050020F8040020FC04002001050020BC
:10BB00001F8200200005002010B5002440F22551BE
:10BB1000684800F07FFC00287ED0664800F034FDC5
:10BB2000C4B26548007810B1012810D110E0242C6F
:10BB30000DD16248007850B9012061490870002099
:10BB4000604908706049087001205B490870A2E0F4
:10BB50005B480078002877D05A4801780078401C6C
:10BB6000584A1070594844542C2C60D11046007823
:10BB700006285CD155480078472851D15348407871
:10BB800050284DD151488078522849D14F48C0782B
:10BB90004D2845D14D480079432841D100204C49DA
:10BBA000087024214A4802780078401C484B1870DD
:10BBB000484881544721184602780078401C187084
:10BBC000444881545022184601780078401C18706F
:10BBD000404842545222184601780078401C1870A0
:10BBE0003C4842544D22184601780078401C187099
:10BBF000384842544322184601780078401C187097
:10BC0000344842542C21184602780078401C1870A1
:10BC100030488154012000E03EE02B49087002E0EA
:10BC200000202949087000202549087032E0254885
:10BC3000007807282EDD0020224908701E49087070
:10BC40001F49087026E0FFE71F480078E8B11B484D
:10BC50000078D0B91E4800784E2816DA1C480178C2
:10BC60000078401C1A4A10701A4844542A2C11D1EA
:10BC70001046007807280DDD0120104908700020CB
:10BC80000D4908701049087004E000200A49087046
:10BC90000B49087000BF00BF40F22771054800F053
:10BCA000B9FB28B1002240F22771024800F0DCFB0A
:10BCB00010BD000000440040DF040020E10500202A
:10BCC000E5040020E6040020E4040020BB810020FD
:10BCD000E904002010C5012010B5002440F22551D0
:10BCE000684800F097FB00287ED0664800F04CFCC6
:10BCF000C4B26548007810B1012810D110E0242C9E
:10BD00000DD16248007850B90120614908700020C7
:10BD1000604908706049087001205B490870A2E022
:10BD20005B480078002877D05A4801780078401C9A
:10BD3000584A1070594844542C2C60D11046007851
:10BD400006285CD155480078472851D1534840789F
:10BD500050284DD151488078522849D14F48C07859
:10BD60004D2845D14D480079432841D100204C4908
:10BD7000087024214A4802780078401C484B18700B
:10BD8000484881544721184602780078401C1870B2
:10BD9000444881545022184601780078401C18709D
:10BDA000404842545222184601780078401C1870CE
:10BDB0003C4842544D22184601780078401C1870C7
:10BDC000384842544322184601780078401C1870C5
:10BDD000344842542C21184602780078401C1870D0
:10BDE00030488154012000E03EE02B49087002E019
:10BDF00000202949087000202549087032E02548B4
:10BE0000007807282EDD0020224908701E4908709E
:10BE10001F49087026E0FFE71F480078E8B11B487B
:10BE20000078D0B91E4800784E2816DA1C480178F0
:10BE30000078401C1A4A10701A4844542A2C11D118
:10BE40001046007807280DDD0120104908700020F9
:10BE50000D4908701049087004E000200A49087074
:10BE60000B49087000BF00BF40F22771054800F081
:10BE7000D1FA28B1002240F22771024800F0F4FA0A
:10BE800010BD000000480040DC040020E105002057
:10BE9000E5040020E6040020E4040020BB8100202B
:10BEA000E904002010C5012070B540F22551594821
:10BEB00000F0B0FA002877D0564800F065FB5649EC
:10BEC00008704FF41670554908805548007830B115
:10BED000032821D004282BD0052864D13EE04E4809
:10BEE0000078AA2806D103204D49087000204D494A
:10BEF000087010E0484801784A4802780078401CF1
:10BF0000484B18704848815418460078F82802DDDC
:10BF100000201946087046E03F480078CC2803D13D
:10BF200004203F49087002E000203D4908703AE0D3
:10BF3000394801783B4802780078401C394B18702A
:10BF40003948815418460078012806DD0520344917
:10BF50000870354840783549087024E02E4802784A
:10BF6000304801780078401C2E4B18702E484254FF
:10BF70002E480078401E19460978884212DA0020BF
:10BF80002749087001202A490870002029490870B3
:10BF900001202949087000202849087028490870A4
:10BFA0001946087000BF00BF40F22771194800F021
:10BFB00031FA70B323480078002818DD224C0220A3
:10BFC0002249087022480588681C214A1080615D5A
:10BFD000104800F0DEFA1B480078401E194908702E
:10BFE00008460078A8B900201949088011E000200F
:10BFF00017490880002240F22771064800F034FA01
:10C00000012240F22551034800F02EFA01200F4989
:10C01000087070BD00140140DE040020EE04002012
:10C02000DD040020DA040020C1800020E3040020A9
:10C03000DB040020D804002005060020D9040020DD
:10C0400007060020090600208AC60120D10600202C
:10C05000F004002030B587B004460D46204600F0BD
:10C060007FF900950020ADF80400ADF80600ADF8AA
:10C070000800ADF80C000C20ADF80A00A948844275
:10C080003CD101210220FCF773FA01211020FCF7BA
:10C09000AFFA07220621A448F8F7BEFC0722114692
:10C0A000A148F8F7B9FC00208DF81A0001208DF89E
:10C0B0001B0002208DF818004020059002208DF80A
:10C0C000190005A99848F8F749FC02208DF81800D6
:10C0D0008020059005A99448F8F740FC25208DF8AC
:10C0E000100002208DF8110000208DF812000120B0
:10C0F0008DF8130004A8FCF715F9FDE08B48844285
:10C100003CD101214804FCF753FA01210846FCF711
:10C110002FFA072202218648F8F77EFC0722032126
:10C120008348F8F779FC00208DF81A0001208DF87B
:10C130001B0002208DF818000420059002208DF8C5
:10C14000190005A97A48F8F709FC02208DF81800B3
:10C150000820059005A97648F8F700FC26208DF800
:10C16000100002208DF8110000208DF8120001202F
:10C170008DF8130004A8FCF7D5F8BDE06D488442A3
:10C180003CD101218804FCF713FA01210220FCF7BD
:10C19000EFF907220A216448F8F73EFC07220B2139
:10C1A0006148F8F739FC00208DF81A0001208DF85D
:10C1B0001B0002208DF818004002059002208DF827
:10C1C000190005A95848F8F7C9FB02208DF8180096
:10C1D0008002059005A95448F8F7C0FB27208DF888
:10C1E000100002208DF8110000208DF812000120AF
:10C1F0008DF8130004A8FCF795F87DE04E488442C2
:10C200003CD10121C804FCF7D3F901210420FCF73B
:10C21000AFF908220A214948F8F7FEFB08220B2152
:10C220004648F8F7F9FB00208DF81A0001208DF838
:10C230001B0002208DF818004002059002208DF8A6
:10C24000190005A93D48F8F789FB02208DF8180070
:10C250008002059005A93948F8F780FB34208DF855
:10C26000100002208DF8110000208DF8120001202E
:10C270008DF8130004A8FCF755F83DE030488442DF
:10C280003AD101212020FCF793F901214020FCF74D
:10C290006FF908220E212B48F8F7BEFB082209216E
:10C2A0002848F8F7B9FB00208DF81A0001208DF816
:10C2B0001B0002208DF818004003059002208DF825
:10C2C000190005A91F48F8F749FB02208DF818004E
:10C2D0000002059005A91B48F8F740FB47208DF8A0
:10C2E000100002208DF8110001208DF812008DF849
:10C2F000130004A8FCF716F86946204600F0DAF8A7
:10C30000012240F22551204600F0AEF8002240F212
:10C310002771204600F0A8F80121204600F014F80B
:10C3200007B030BD0010014000040240004400404E
:10C330000000024000480040004C0040000802405D
:10C34000001401400018024021B1828942F40052D9
:10C35000828104E082894DF6FF731A408281704722
:10C3600010B504462548844208D101211020FCF76D
:10C370004FF900211020FCF74BF93EE020488442A1
:10C3800009D101214804FCF723F900214FF40030C2
:10C39000FCF71EF931E01B48844209D101218804D1
:10C3A000FCF716F900214FF48020FCF711F924E086
:10C3B0001548844209D10121C804FCF709F900217C
:10C3C0004FF40020FCF704F917E01048844209D12B
:10C3D00001210805FCF7FCF800214FF48010FCF760
:10C3E000F7F80AE00A48844207D101212020FCF72F
:10C3F0000FF900212020FCF70BF910BD00100140BF
:10C400000044004000480040004C00400050004004
:10C410000014014070B502460024002300250020CE
:10C4200040F66A16B14200D100BFC1F3421501F0D7
:10C430001F03012606FA03F3012D02D1968933402A
:10C4400006E0022D02D1168A334001E0968A33407D
:10C450000C12012606FA04F41688344013B10CB10C
:10C46000012000E0002070BDF0B503460024002646
:10C470000025002040F66A17B94200D100BF1846D7
:10C48000C1F3421401F01F06012707FA06F5012C3B
:10C4900001D10C3004E0022C01D1103000E0143046
:10C4A0001AB107682F43076002E00768AF430760CF
:10C4B000F0BD00002DE9FF4705460E460024A146C9
:10C4C00000BFA046B08900B100BF2C8A24F44054BC
:10C4D000F08804432C82AC8941F20C608443B0881C
:10C4E00031890843718908430443AC81AC8A24F440
:10C4F0004074B0890443AC826846FCF799F8204840
:10C50000854202D01F48854202D1DDF80C9001E03F
:10C51000DDF80890A88900F4004040B109EBC9009B
:10C5200000EB091031684900B0FBF1F707E009EBB7
:10C53000C90000EB091031688900B0FBF1F76420F5
:10C54000B7FBF0F004012009642101FB1078A889F1
:10C5500000F4004040B1322000EBC800B0FBF1F025
:10C5600000F00700044308E0322000EB08106421CB
:10C57000B0FBF1F000F00F0004432C81BDE8FF8711
:10C58000001001400014014001468888C0F30800F3
:10C590007047C1F3080282807047000008B51E484A
:10C5A0000078C0F3C00090B11B48007820F008006C
:10C5B0001949087040F6FF7005F09EFF1748184BA8
:10C5C000184A00210090184800F07AFC1AE012483E
:10C5D0000078C0F30010A8B10F48007820F01000D8
:10C5E0000D4908700F49104800F083F90E4802F019
:10C5F00096FC0C490C4800F07CF90B4802F08FFCCB
:10C6000001F0BCFD04480078C0F3801008B104F0CC
:10C610000BFAF9F7F9FE08BD00000020080400201D
:10C62000800400209C0D0020EC08002070B5054619
:10C630000E46284600F0CCF904464FF6FF708442BF
:10C6400005D046F4004105F28C4020F81410E0B209
:10C6500070BD2DE9F04105460E4617461C460121E6
:10C6600005F52B7000EB4410817005F52B7000EB85
:10C670004410C66005F52B7000EB4410076105F50A
:10C680002B7000EB4410007E30B9002105F52B70B3
:10C6900000EB4410017205E0022105F52B7000EB60
:10C6A0004410017221462846F9F795FE0020BDE8A6
:10C6B000F0812DE9F04105460E4617461C46002143
:10C6C00005F52B7000EB4410817005F52B7000EB25
:10C6D0004410C66005F52B7000EB4410076105F5AA
:10C6E0002B7000EB4410407E28B905F52B7000EB51
:10C6F0004410017205E0022105F52B7000EB441097
:10C70000017221462846F9F766FE0020BDE8F08157
:10C710002DE9F04105460C4616461F4602212175BB
:10C72000012161750021E1822683618306F080008A
:10C73000802805D105F52B7000EB4710017605E048
:10C74000002105F52B7000EB4710417600231A46B7
:10C750002146284600F02FF8BDE8F081014601236C
:10C76000D1F8AC2413720023D1F8AC249372704733
:10C770002DE9F04105460E4617461C46012105F5F8
:10C780002B7000EB44108170022105F52B7000EB3B
:10C790004410017205F52B7000EB4410C66005F5DE
:10C7A0002B7000EB4410076121462846F9F713FE71
:10C7B0000020BDE8F0812DE9F04780460C46164682
:10C7C0001F46002561794046F9F7B9FD05464FF04F
:10C7D0000109E078012802D002281FD109E03A4679
:10C7E0003146204601F0ADFC0220E0704FF0010917
:10C7F00015E0012D04D10120E0704FF000090CE09C
:10C80000032D04D10120E0704FF0020905E0042D52
:10C8100003D10120E0704FF0030900E000BF00BF2A
:10C820004846BDE8F0872DE9F04105460F4616461B
:10C830001C46002105F52B7000EB4410817005F5B6
:10C840002B7000EB4410C76005F52B7000EB441013
:10C8500006612EB9012105F52B7000EB44104176DD
:10C8600005F52B7000EB4410407E30B9002105F532
:10C870002B7000EB4410017205E0022105F52B70CE
:10C8800000EB4410017221462846F9F7A4FD002070
:10C89000BDE8F08170B505460E461446002105F549
:10C8A0002B7000EB44108170032105F52B7000EB19
:10C8B0004410017205F52B7000EB4410C66008218E
:10C8C00005F52B7000EB4410016121462846F9F76D
:10C8D00082FDC0B270BD0246022106E0002302F2D2
:10C8E0008C4020F81130481CC1B20829F6DB00202A
:10C8F000704770B505460C46002020706070A0702F
:10C900000120E070012121774021A171002084F8ED
:10C9100020000121212001552179284600F027F827
:10C920006179284600F023F8002070BD01460123FC
:10C93000D1F8AC2453720023D1F8AC24D3727047E1
:10C9400070B504460D46052D01D0042D06D1D4F84E
:10C950008010486C80470C20207007E0062D05D120
:10C960000C202070D4F880100868804770BD024603
:10C97000082909DA02F28C4030F81100C0F30E03E6
:10C9800002F28C4020F81130002070472DE9F0476A
:10C9900080460C4616461D46DDE9089746F08001A4
:10C9A000217506216175E58205F47F40B0F5407F71
:10C9B00003D140F20941218301E0002121836783F3
:10C9C0003B464A4621464046FFF7F5FEBDE8F08764
:10C9D0000246002100BF0AE002F28C4030F811004C
:10C9E00000F4004008B908467047481CC1B2082945
:10C9F000F2DB4FF6FF70F7E710B502460B881478AC
:10CA000023440B801378981810BD2DE9FC4105468E
:10CA10000C46164605F588704FF400730022214637
:10CA2000CDE900062846FFF7B1FF071E0AD105F53C
:10CA3000887304F1500204F13E0104F134000096C1
:10CA400001F0ABF93846BDE8FC812DE9FC41044614
:10CA50000D46164604F588704FF48073002229466F
:10CA6000CDE900062046FFF791FF071E06D13246AA
:10CA700004F5887105F1220001F0FCF93846BDE8A3
:10CA8000FC812DE9FC470446884615461E460A9F50
:10CA900004F5887045F4407300224146CDE9000753
:10CAA0002046FFF773FFB0F1000905D13A46314641
:10CAB00004F5887001F02DFA4846BDE8FC870000B7
:10CAC0002DE9F04106460C464FF0000800250021F4
:10CAD000A174207F0C287DD2DFE800F0FE060F3D18
:10CAE00046657D969FC3DAEE627904F11401304603
:10CAF000FFF7D0FE02212177EFE061793046F9F7A8
:10CB00001EFC0546012D1FD1207D00F08007608BA3
:10CB100058B141F2883073490880802F02D1032137
:10CB200021770CE00521217709E032206D4908804A
:10CB3000802F02D10921217701E00721217730469A
:10CB4000F9F7EEFB208205E0032D03D10B212177BD
:10CB50000521A174C1E02379227B3046A168FFF74B
:10CB600007FE04212177B8E021793046F9F7E7FB89
:10CB70000546012D01D109212177042D02D16078CC
:10CB800020700FE0032D02D10B2121770AE03046FF
:10CB9000F9F7C6FB218A401A52490988884201D90F
:10CBA0000B21217799E0617906F52B7000EB41109C
:10CBB000407E80F00101627906F52B7000EB421097
:10CBC00041766379227B3046A168FFF72CFE06216F
:10CBD000217782E080E061793046F9F7B0FB0546C5
:10CBE000012D02D1072121770DE0042D02D16078BB
:10CBF000207008E0022D02D10521217703E0032DEA
:10CC000001D10B21217768E02379002211463046BB
:10CC1000FFF7AEFD082121775FE021793046F9F773
:10CC20008EFB0546012D02D16078207018E0032D9F
:10CC300002D10B21217713E03046F9F771FB218AED
:10CC4000401A28490988884202D90B21217707E038
:10CC5000042D05D1607820700421A1744FF00308E1
:10CC60003BE0617906F52B7000EB4110407E80F0CF
:10CC70000101627906F52B7000EB42104176637971
:10CC8000002211463046FFF7CEFD0A21217724E02D
:10CC900061793046F9F753FB0546012D02D16078E2
:10CCA000207008E0022D02D10921217703E0032D35
:10CCB00001D10B21217710E0A07B401CC1B2A173F0
:10CCC000022902DC0121217705E00821A1746078A6
:10CCD00020704FF0020800E000BF00BF4046BDE8F2
:10CCE000F08100006004002070B592B005460C464B
:10CCF0000126A0780A2877D2DFE800F00528375A05
:10CD0000637794B1CED8082221462846FFF79DFECE
:10CD1000D8B994F82910A1712846F9F755FB0120DC
:10CD2000A070A0790021CDE90010617900231A4696
:10CD3000284600F057FFA0790021CDE900102179A5
:10CD400000231A46284600F04DFFB2E01222214689
:10CD50002846FFF77AFE38B9D4F88000C16904F19B
:10CD6000220088470220A070A3E001222146284625
:10CD700001F0C1F9D8B90120A41CA077D4F87E1025
:10CD8000086A804703202070002000900190A27F55
:10CD9000A1780346284600F025FF0020009001906E
:10CDA000A27FA41E61790346284600F01BFF80E0A5
:10CDB000092221462846FFF728FE08B90420A07062
:10CDC00077E0E28E21462846FFF71FFE58B9D4F8D7
:10CDD000800004F1500204F13E01436A04F1340082
:10CDE00098470520A07064E062E094F8300088B1B4
:10CDF000FF20009094F8302002AB21462846FFF730
:10CE000040FE70B9D4F88000816A02A888470620E5
:10CE1000A07006E0D4F88000816A28A08847062028
:10CE2000A07046E094F8310088B1FF20009094F89B
:10CE3000312002AB21462846FFF723FE70B9D4F813
:10CE40008000C16A02A888470720A07006E0D4F8D5
:10CE50008000C16A19A088470720A07029E094F8D3
:10CE6000320088B1FF20009094F8322002AB2146B6
:10CE70002846FFF706FE70B9D4F88000016B02A8BF
:10CE800088470820A07006E0D4F88000016B0BA052
:10CE900088470820A0700CE094F8392021462846E5
:10CEA00001F03CF908B90920A07002E0002600E07A
:10CEB00000BF00BF304612B070BD00004E2F4100D1
:10CEC0002DE9F04105460F4614461E46DDF8188050
:10CED000284602F051F8002002F020F821462846AA
:10CEE000FFF707FDE667C4F880800B49C5F8AC146E
:10CEF0000021D5F8AC040172D5F8AC044172394672
:10CF00002846F9F727FAD4F88010086880472846A1
:10CF100002F01CF8BDE8F0815404002070B505460D
:10CF20000C4621212175FF2161750021E1822183B9
:10CF3000618300231A4621462846FFF73CFC70BD5A
:10CF40002DE9F04105460E461446012714B1012C87
:10CF500012D108E010480378C27831462846FFF71E
:10CF6000D7FB074609E00C484378827831462846CB
:10CF7000FFF7CEFB074600E000BF00BF0748006890
:10CF8000401C0649086008460068042800D90427A8
:10CF90003846BDE8F0810000447B00206404002096
:10CFA00010B5024600200023014C237010BD000084
:10CFB000347B00202DE9F04105460F460026012470
:10CFC0002846F9F7FDF920B3154801782846F9F706
:10CFD000BBF906460D2E01D002241CE01148006862
:10CFE0001149884216D10F48406810494968884263
:10CFF00011D10C48007B08B900240CE00948007BE3
:10D00000012801D1012406E00648007B022802D154
:10D01000022400E002240648C4732046BDE8F081E3
:10D02000447B0020247B002055534253047B002086
:10D03000347B0020012812D10D490978491C0C4A83
:10D040001170114609780A2905DA0621094A11707A
:10D050000121D1700AE00A21064A117006E0022877
:10D0600003D10A21034A117000E000BF704700009D
:10D070007C040020347B002070B505460C46A121BD
:10D080002175FE2161750021E182218301216183E7
:10D090000123034A21462846FFF78DFB70BD00009F
:10D0A0004C7B00202DE9F04781460F463E46012487
:10D0B00003254FF000084846F9F782F9002878D098
:10D0C000604800780B2875D2DFE800F0060D1E5589
:10D0D00066798A999E44B400484600F043FA0120DC
:10D0E00058490870A9E039464846FFF717FF04463B
:10D0F00014B9022053490870032C04D1022051496D
:10D1000048700920087098E039464846FFF7B4FF98
:10D110000446BCB94C48007A4B4981F808020846DD
:10D1200090F8080200280ADD4848007838B9012044
:10D1300046490870D6F88010086C80477DE00320CF
:10D1400040490870032C04D103203E49487009204F
:10D15000087072E07379002239464846FFF7D8FA22
:10D1600004463CB90020384981F808023548407827
:10D170003449087061E0484600F06AFC05463DB954
:10D18000042030490870002031490870002402E072
:10D190002846FFF74FFF50E0484600F07BFB05466E
:10D1A0004DB905202749087000202949087000243E
:10D1B00004E043E040E02846FFF73CFF3DE04846FE
:10D1C00000F080FA05463DB908201E49087000208D
:10D1D0001F490870002402E02846FFF72BFF2CE0CF
:10D1E000484600F0C5FB05462DB91648407815495C
:10D1F0000870002402E02846FFF71CFF1DE03946B6
:10D20000484600F027F818E044F6206006F0D6FD06
:10D21000D6F88010C86B804700F0FF08B8F1000F07
:10D2200003D108200749087003E0B8F1010F00D1CD
:10D23000062402E0042400E000BF00BF2046BDE851
:10D24000F0870000347B0020447B00209004002005
:10D250007C0400202DE9F04704468946002520463D
:10D26000F9F7AEF800287DD0B648007909287AD2BF
:10D27000DFE800F07905124E9DF8F6F5F400B248AB
:10D2800043781F22B1492046FFF713FA0120AD4928
:10D2900048710220087152E1AB4841782046F9F705
:10D2A0004EF80546012D23D10020A949086002202F
:10D2B000A4494871A548007B00F08008A348806815
:10D2C00090B1A2488068A34908609E488068A2493E
:10D2D0000860B8F1800F03D103209A49087116E065
:10D2E00004209849087112E00520964908710EE063
:10D2F000022D04D1934840799249087107E0042D2A
:10D3000005D101209549087008208E49087116E161
:10D310008D4801782046F9F712F80546012D03D013
:10D3200088484079032837D00020894908600320C5
:10D3300084494871A08887490968884217D2824881
:10D340000378A288844801682046FFF782F9A08804
:10D3500080490968081A7F490860A0887E490968E1
:10D36000084401E0ECE0E9E07B4908601EE0794810
:10D37000006818B905207349087117E072480378EE
:10D380007448008882B2744801682046FFF761F94A
:10D3900000207049086009E0042D07D100206F4982
:10D3A000087007206749087105204871C7E0664882
:10D3B00041782046F8F7C3FF0546012D34D10020FF
:10D3C0006349086004205F494871A0886149096881
:10D3D000884214D25C484378A2885F48016820469E
:10D3E000FFF767F9A0885C49096808445A49086052
:10D3F000A08858490968081A564908602DE0554820
:10D40000006818B905204F49087126E04E48437856
:10D410005048008882B2504801682046FFF749F919
:10D4200000204C49086018E0022D0CD14648437892
:10D43000A288DFF824C1DCF800C0ACEB0201204672
:10D44000FFF737F909E0042D07D10120434908709F
:10D4500008203C4908710520487170E05CE041E01B
:10D460001FE0FFE70520374948713D4888603F20AD
:10D4700088810D2704E000203949C855781EC7B2BD
:10D48000002FF8D10020364908702F4803782D4826
:10D490003F2281682046FFF7DCF806202949087101
:10D4A0004DE0294801782046F8F749FF0546012D4F
:10D4B0000FD10020264908600520224948710846FE
:10D4C0008078087049462046FFF774FD1D49C873EF
:10D4D00007E0042D05D100202049087007201949D4
:10D4E00008712CE0002249462046FFF729FD064638
:10D4F00066B91A480078022803D10820114908713A
:10D5000009E0104840790F49087104E0042E02D167
:10D5100002200C49C87312E0012249462046FFF759
:10D520000FFD064626B9074840790649087104E010
:10D53000042E02D102200349C87300E000BF00BFDF
:10D54000BDE8F087347B0020447B0020047B002072
:10D5500064040020680400206C0400207004002093
:10D56000247B002010B504462046F8F729FF48B177
:10D5700007480849086008484860002048730120AF
:10D580000649C8700020064908600649087010BDA9
:10D5900055534243047B002050403020347B002010
:10D5A000640400207C04002070B504460D46104839
:10D5B000407860B10E484178204601F0FEFF0C48EB
:10D5C00041782046FFF7D3F9002009494870084800
:10D5D000007860B106480178204601F0EEFF04486B
:10D5E00001782046FFF7C3F900200149087070BD9B
:10D5F000447B00207CB506460D462C4694F843003B
:10D60000082856D194F84500502852D194F8520079
:10D6100000F0800038B194F852002949C870B4F87D
:10D620005400888006E094F8520025498870B4F8C8
:10D630005400C88094F85A0000F0800038B194F883
:10D640005A001F49C870B4F85C00888006E094F85E
:10D650005A001B498870B4F85C00C880184881786B
:10D660003046FEF7E3FF164948700846C178304659
:10D67000FEF7DCFF124908700846C0880221CDE998
:10D6800000102120035D94F820200D484178304699
:10D6900000F036FB0A4880880221CDE900102120E5
:10D6A000035D94F8202006480178304600F028FBFE
:10D6B00003E0D4F88010086C804700207CBD000097
:10D6C000447B002070B5054603262846F8F778FE0F
:10D6D000002855D02B48C078012802D002284DD10F
:10D6E00027E03F2028498860802008730A2088733B
:10D6F00026482449886005208870102405E0002110
:10D7000021480F300155601EC4B2002CF7D11A20F9
:10D710001D49C8733F211C484174C1740120194937
:10D720000871072008700320C8730220C870032600
:10D7300025E01448C07B80B91448807800F0800050
:10D7400018B101201249087302E000201049087343
:10D7500001200C49C87000260FE00A48C07B012850
:10D7600003D10849C870012607E00648C07B02289B
:10D7700003D101200349C870022600E000BF00BFAA
:10D78000304670BD347B0020047B002004770020ED
:10D79000F4760020FFB581B007460E461D460320F3
:10D7A000394908703846F8F70BFE002867D037482B
:10D7B000C078012802D002285FD139E03448856062
:10D7C0008020334908730A2088733048866010240B
:10D7D00005E000212E480F300155601EC4B2002C18
:10D7E000F7D128202A49C8739DF80F1028484174A2
:10D7F0009DF80E1081749DF80D10C1749DF80C10E9
:10D800000175C5F34F2000909DF8011020488175E7
:10D810009DF80010C17501201C490871072008708F
:10D820000320C8730220C87003201749087025E040
:10D830001648C07B50B93846F8F7C2FD30B1012018
:10D840001249C87000201049087015E00F48C07BCD
:10D85000012807D13846F8F7B3FD18B101200B496C
:10D86000C87009E00948C07B022805D1012007499A
:10D87000C87002200449087000E000BF00BF0248E1
:10D88000007805B0F0BD000063040020347B002068
:10D89000047B002070B5054603262846F8F790FD66
:10D8A00000285AD02E48C078012802D0022852D130
:10D8B00023E008202B498860802008730A208873A1
:10D8C00029482749886004208870102405E0002139
:10D8D00024480F300155601EC4B2002CF7D125201A
:10D8E0002049C87301201E490871072008700320D1
:10D8F000C8730220C87003262EE01948C07BC8B93F
:10D90000194800781949C870174840788870164837
:10D91000807848701448C07808701348817913489B
:10D9200041721148C0791149087201200C49C87030
:10D9300000260FE00A48C07B012803D10849C870BF
:10D94000012607E00648C07B022803D101200449D4
:10D95000C870022600E000BF00BF304670BD000066
:10D96000347B0020047B002004770020F476002024
:10D9700070B5054603262846F8F722FD00285DD03D
:10D980002F48C078012802D0022855D12BE03F2033
:10D990002C498860802008730A2088732A48284907
:10D9A000886008468078487006208870102405E05A
:10D9B000002124480F300155601EC4B2002CF7D15D
:10D9C00003202049C87300211E4801743F21C174FF
:10D9D00001201B490871072008700320C87302202A
:10D9E000C870032629E01648C07BA0B91648017804
:10D9F0001648C171144841781448817112488178E1
:10DA0000124841711048C0781049087101200C4932
:10DA1000C87000260FE00A48C07B012803D10849DE
:10DA2000C870012607E00648C07B022803D1012008
:10DA30000349C870022600E000BF00BF304670BD39
:10DA4000347B0020047B002004770020F476002043
:10DA500070B5054603262846F8F7B2FC002846D0E4
:10DA60002448C078012802D002283ED124E00020BA
:10DA70002149886008730620887320481D49886002
:10DA80003F20888103208870102405E000211A4877
:10DA90000F300155601EC4B2002CF7D1002016498A
:10DAA000C873012013490871072008700320C87348
:10DAB0000220C870032619E00E48C07B20B901205F
:10DAC0000C49C87000260FE00A48C07B012803D12A
:10DAD0000849C870012607E00648C07B022803D128
:10DAE00001200449C870022600E000BF00BF304694
:10DAF00070BD0000347B0020047B0020247B0020CC
:10DB00002DE9FF4182B007460E461D464FF003083F
:10DB10003846F8F755FC00285BD03048C07801281B
:10DB200002D0022853D138E02D48856000202C49CE
:10DB300008730A20887329488660102405E00021B4
:10DB400027480F300155601EC4B2002CF7D12A209F
:10DB50002349C8739DF81310214841749DF8121091
:10DB600081749DF81110C1749DF810100175C5F3F2
:10DB70004F2001909DF80510194881759DF80410FB
:10DB8000C175012015490871072008700320C8736A
:10DB90000220C8704FF003081AE01048C07B28B973
:10DBA00001200E49C8704FF000080FE00B48C07B01
:10DBB000012802D10949C87008E00848C07B022842
:10DBC00004D101200549C8704FF0020800E000BFF1
:10DBD00000BF404606B0BDE8F0810000347B002065
:10DBE000047B00202DE9F04704460D4617461E46EB
:10DBF000DDE9089827B104F52B7000EB451007709C
:10DC000004F52B7000EB4510C088404508D0B8F1F2
:10DC1000000F05D004F52B7000EB4510A0F806802E
:10DC200004F52B7000EB4510C078B04205D026B14A
:10DC300004F52B7000EB4510C6702946204601F014
:10DC4000FBFC0020BDE8F08738B505460024002025
:10DC50000090012029490870284601F018FF00288B
:10DC600047D0284601F01DFF0090009808B9002019
:10DC700038BD0098C0F3C00018B1284602F0A5FED8
:10DC800004430098C0F3001018B1284602F0EBFDE1
:10DC900004430098C0F3401018B1284602F02AFC53
:10DCA00004430098C0F3806018B1284602F044FD98
:10DCB00004430098C0F3406018B1284602F017F8FA
:10DCC00004430098C0F3006018B1284602F0A8FC95
:10DCD00004430098C0F3407018B1284601F0CDFF0E
:10DCE00004430098C0F3405018B1284601F0DCFF0F
:10DCF00004430220014908702046B9E7620400206D
:10DD00002DE9F04704460D4617461E46DDE9088911
:10DD100004F28C4010F8150000F07F0104F52B7020
:10DD200000EB4510417004F28C4010F81500C0F370
:10DD3000C01104F52B7000EB4510817004F52B70B9
:10DD400000EB4510077004F52B7000EB451080F8D0
:10DD5000058004F52B7000EB4510A0F8069004F543
:10DD60002B7000EB4510C670002104F52B7000EB02
:10DD70004510017604F52B7000EB451041762EB965
:10DD8000012104F52B7000EB451001712946204656
:10DD900001F052FC0020BDE8F0872DE9FC5F05464C
:10DDA0008A4693461E46344600BF30782870707805
:10DDB0006870B178F07801EB0020688030792871C4
:10DDC00070796871B079A871F079E871307A287249
:10DDD0000C9809284CDD092000902879022847DC9E
:10DDE0004FF0000800272879022841DC3DE0694611
:10DDF0002046FEF701FE0446607804282FD108EB88
:10DE0000C80000EB0A072146384600F06FF84FF0D3
:10DE10000009387902281DDC19E069462046FEF722
:10DE2000EBFD0446607805280BD10BEBC90001908F
:10DE30002146019800F04AF809F101004FFA80F9F3
:10DE400005E02078BDF80010084480B200903879D1
:10DE50004845E2DC08F101004FFA80F805E020783F
:10DE6000BDF80010084480B2009028794045BEDC1F
:10DE7000BDE8FC9F10B50B7803704B7843708C782D
:10DE8000CB7804EB032343800B7903714B79437107
:10DE90008B798371CB79C371082A16DD0C7A4B7AA2
:10DEA00004EB032303818C7ACB7A04EB03234381B5
:10DEB0000C7B4B7B04EB032383818B7B8373CB7BBA
:10DEC000C3730B7C03744B7C437410BD0A780270DF
:10DED0004A7842708A788270CA78C2700B794A791F
:10DEE00003EB022282808A79827170470A7802707D
:10DEF0004A7842708A788270CA78C2700A79027150
:10DF00004A7942718A798271CA79C2710A7A027237
:10DF1000704730B513464578032D14D10578AD1EF2
:10DF20009D4202DC0578AD1E00E01D46ACB2801CAF
:10DF3000002204E0855C0D70491C951CAAB2A24227
:10DF4000F8DB00250D7030BD3EB505460C460220BD
:10DF5000029020780D2879D2DFE800F00E0718AC87
:10DF6000ACAC5D798B97699C9D002846F8F72CFA3C
:10DF700008B9002020709EE02846F8F721FA20B169
:10DF80002846FEF7A8FC0220207094E0D4F8801008
:10DF9000886880470021D5F8AC0441720121D5F88A
:10DFA000AC04817200212846FEF740FB607180219D
:10DFB0002846FEF73BFB20712846F8F705FA48BBD8
:10DFC000D4F88010C86880472846F8F7AEF9C1B287
:10DFD00021200155062020702122105DD4F88020D8
:10DFE00091698847A0790021CDE900102120035DC7
:10DFF00094F8202021792846FFF782FEA07900219D
:10E00000CDE900102120035D94F820206179284695
:10E01000FFF776FE4FE021462846FEF765FE28B959
:10E02000D4F88010486B80470A20207043E0D4F871
:10E030008010886B8047012807D1E06F2146026875
:10E040002846904708B90720207034E032E0E06F9E
:10E05000214682682846904702909DF8080010B932
:10E060000820207004E09DF808102046FEF768FCA8
:10E0700021E0E06F2146C2682846904702909DF853
:10E0800008102046FEF75CFC15E021462846FEF706
:10E0900017FD10E00FE021462846FEF72AFCD4F8D1
:10E0A000801048688047E06F04F1200142682846EC
:10E0B000904700E000BF00BF2846F8F781F9C8B9D3
:10E0C000D5F8AC04C07AA8B9D4F8801008698047A4
:10E0D0000121D5F8AC04C17221462846FEF709FC9F
:10E0E000D4F8801048688047E06F04F1200142684E
:10E0F000284690473EBD70B506460C4615460021A1
:10E10000217505216175E58200212183618300234A
:10E110001A4621463046FEF74EFB70BD70B50646E6
:10E120000C4615460021217509216175E582002103
:10E130002183618300231A4621463046FEF73BFBCC
:10E1400070BD10B503461878587009201870996092
:10E150009A8101241C77002010BD2DE9F04106466C
:10E160000C46174625466879082804D10821002066
:10E1700007F090FE00E000BFBDE8F08100200149FB
:10E1800008707047E5030020704710B50421002097
:10E1900007F080FE10BD000000B5034805F05FF8F1
:10E1A00000200249087000BDD72E02083607002063
:10E1B00000B502A005F053F800BD00003E20446504
:10E1C00076696365206E6F7420737570706F7274FA
:10E1D00065642E0010B5044674B1012C07D10521E9
:10E1E000002007F057FE01200449087004E0022CCB
:10E1F00002D0034805F033F810BD000036070020B8
:10E20000D72E020870B5044625462889062107F056
:10E2100041FE6889072107F03DFE70BD10B50C2155
:10E22000002007F037FE10BD10B50948007870B91E
:10E230000120074908700121002007F02BFE022170
:10E24000002007F027FE0321002007F023FE10BD69
:10E25000500400202DE9F8430027B946B8460024B1
:10E260000025F8F7D1F8FD48007830B101282FD00B
:10E2700002284ED003287DD1FEE3F949002006F0A4
:10E280002FFA30B1F7A004F0EAFF4FF0FF30BDE8FD
:10E29000F883FD480068FD490860FB480089FC4997
:10E2A00008600D21002007F0F5FD0E21002007F089
:10E2B000F1FD0F21002007F0EDFDF348007B012860
:10E2C00002D1F44804F0CBFF0120E4490870FDE3DB
:10E2D000F1480078012803D10220EF49087006E0D8
:10E2E000ED480078022802D10020EB490870EBA12C
:10E2F000F148F1F7E1FFF04804F0B1FF0121EFA090
:10E30000F5F7E8FD0020EE4908700220D3490870B7
:10E31000DDE7642000F098FEEAA004F0A0FFDA48F0
:10E32000007B012806D1CFA004F099FF0320CB4940
:10E330000870CCE7F8F768F8EB48007800287DD043
:10E34000EAA0ED490860ED480078002877D0002069
:10E35000EA490870EA4908800A22E7480168E94862
:10E3600006F0D4F900286BD14FF40050E64908605C
:10E37000E64900E0EFE3086041F28831E448F1F754
:10E3800046FF0922E3A1E248F1F71AFFF3F7A0FAEA
:10E39000DF48E34909680844E2A109680160F3F72E
:10E3A00097FADB48DE4909680844E0A10968016082
:10E3B000F3F78EFAD648DA4909680844DDA10A68FD
:10E3C000026049684160F3F783FAD148D44909688B
:10E3D0000844DBA10A6802604A684260097A017257
:10E3E000F3F776FACA49CE4A126888181522D7A1DF
:10E3F000F1F7E6FEF3F76CFAC549C94A12688818C6
:10E400001422D8A1F1F7DCFEF3F762FAF3F74CFA25
:10E41000C34800881FFA80F8C1480088D74908809F
:10E420004FF40050B84908600020D54908704146B3
:10E430004A1C1FFA82F8B64A881802E0A5E3E0E019
:10E44000D7E00122B0490968FAF7ECFF44460125FC
:10E4500018E0AD4A12685119AD4A10190122FAF7B5
:10E46000E1FFAB48005D10B92020A9490855C34819
:10E47000008800F58050A84200D108E0601C84B2FA
:10E48000681C85B2601EA249085CFF28E1D100BF6C
:10E490009F48F1F7E5FEBB49088008460088BA4965
:10E4A0000880B8480088401EB649088008460088A1
:10E4B00041F2511188420CDD0846B24908800846F5
:10E4C0000088B14908809048006800F580508E4966
:10E4D0000860AC480088642190FBF1F0C7B2A948FD
:10E4E000008890FBF1F201FB120000F0FF09B9F186
:10E4F000000F01D0781CC7B20A227F48016881480A
:10E5000006F004F9002874D17D4801887D4806F0A2
:10E5100006F8064600244BE0642004FB00F179482D
:10E5200005F0FDFF97480088642818DD04EBC4005F
:10E5300000EB0410764A02EB80016B4664227148BE
:10E5400006F062FB0646BDF8000000B11EB18FA0C8
:10E5500004F085FE1CE098A004F081FE18E004EBB6
:10E56000C40000EB04106A4A02EB80016B46854848
:10E570000288644806F048FB0646BDF8000000B17A
:10E580001EB182A004F06BFE02E08BA004F067FED7
:10E590007C480088642805DD7A4800886438794919
:10E5A000088003E07748008876490880601C84B2C0
:10E5B000BC42B1DB52480088401C51490880514898
:10E5C00005F0A2FF0021084606F08AF80020234942
:10E5D0000870002410E04E48005DFF2802D04C482F
:10E5E000005D38B901207E49087000203E4908705E
:10E5F00006E0B7E2601C84B2634800888442EADB2C
:10E60000E0E339480078002826D0754800780028D3
:10E6100022D174480068B0F5BE2F1ED341F2883174
:10E620003B48F1F7F4FD01226F4801683848FAF7DA
:10E63000F9FE0125DEE06C4A12685119344A50197E
:10E640000122FAF7EFFE3248405D10B92020304930
:10E650004855B5F5805FC9E085E29EE1E5030020FD
:10E66000A07000203E2043616E6E6F7420696E6959
:10E670007469616C697A652046696C6520537973A9
:10E6800074656D2E0A000000F4760020140000204E
:10E690001800002007300208440700203E2045787B
:10E6A000706C6F72696E67206469736B20666C6151
:10E6B0007368202E2E2E0A005C700020303A2F0046
:10E6C000E40300203E2057726974696E6720466932
:10E6D0006C6520746F206469736B20666C6173686D
:10E6E000202E2E2E0A00000054070020303A6576B6
:10E6F000656E742E786C7300D4030020C80300206C
:10E7000052040020D0720020F803002004040020EE
:10E71000D45C0020545241494E204E6F2E00000020
:10E72000F0030020446174650000000054696D65C9
:10E73000000000006C61746974756465000000007D
:10E740006C6F6E6769747564650000005370656571
:10E7500064206F6620747261696E20286B6D70682A
:10E76000290000004C616E64204D61726B204E6187
:10E770006D6520202020202000000000EC030020F8
:10E78000CA030020E6030020E80300203E20486F73
:10E7900073745F57726974655F44656D6F2E54586A
:10E7A000542043414E4E4F54206265207772697465
:10E7B000656E2E0A000000003E2027486F73745FCC
:10E7C00057726974655F44656D6F2E5458542720E5
:10E7D00066696C6520637265617465640A00000097
:10E7E000C903002000040020FC03002000D107E042
:10E7F000681C85B2681EFD49085CFF287FF41BAFCA
:10E8000000BFFA48F1F72CFDF94908800846008856
:10E81000F8490880F6480088B0F5805F0EDD4FF4B7
:10E820008050F349088008460088F2490880F24881
:10E83000006800F58050F049086004E0EC4800886A
:10E84000401EEB490880EA480088642190FBF1F003
:10E85000C7B2E748008890FBF1F201FB120000F01C
:10E86000FF09B9F1000F01D0781CC7B20A22E348B2
:10E870000168E34805F04AFF002877D1E1480088A5
:10E8800040F2511202EB0031DD4805F048FE064629
:10E89000002458E0DB48008840F2511202EB0030BF
:10E8A00004EBC40202EB041200EB8201D44805F031
:10E8B00036FECF48008864281ADD04EBC40000EB64
:10E8C0000410CA4A02EB80016B466422CC4806F071
:10E8D0009BF90646BDF8000000B126B1AFF2541016
:10E8E00004F0BDFC1FE0AFF2301004F0B8FC1AE0F9
:10E8F00004EBC40000EB0410BC4A02EB80016B4641
:10E90000BB480288BE4806F07FF90646BDF8000005
:10E9100000B126B1AFF28C1004F0A1FC03E0AFF21D
:10E92000681004F09CFCB2480088642805DDB048FB
:10E9300000886438AE49088003E0AD480088AC49DF
:10E940000880601C84B2BC42A4DBAE480088401C36
:10E95000AC490880AA4805F0D7FD0021084605F01B
:10E96000BFFE0020A8490870A849087000240FE0E5
:10E970009E48005DFF2802D09C48005D30B9012010
:10E98000A34908700020A349086005E0601C84B218
:10E99000984800888442EBDB14E241F288319348C6
:10E9A000F1F735FC01229C4801689048FAF73AFDDE
:10E9B000994800689749086008460068401C08604C
:10E9C00001251EE0944A12685119884A5019012203
:10E9D000FAF728FD8548405D10B920208349485545
:10E9E0008C480068401C8B490860B5F5805F00D1F9
:10E9F0000CE088480068B0F5BE2F00D306E0681C24
:10EA000085B2681E7949085CFF28DBD100BF7748D2
:10EA1000F1F726FC76490880084600887549088089
:10EA200073480088B0F5805F0EDD4FF48050704968
:10EA30000880084600886F4908807748006800F51C
:10EA400080507549086004E069480088401E6849A4
:10EA5000088067480088642190FBF1F0C7B26448E1
:10EA6000008890FBF1F201FB120000F0FF09B9F100
:10EA7000000F03D0781C00E0A5E1C7B20A225F486E
:10EA800001685F4805F042FEF0BB002400252EE03F
:10EA90004FF4005000EB042142115448FAF7C2FC35
:10EAA00052480078FF2820D0681C85B240F25110EF
:10EAB00000EB0521524805F032FD06466B464FF447
:10EAC00080724A494E4806F09FF800E091E1064600
:10EAD000BDF8000000B126B1AFF2503004F0BFFB2A
:10EAE00003E0AFF22C3004F0BAFB601C84B240F2B9
:10EAF000DC508442CCDB0120454908704148008845
:10EB0000401C4049088000E00BE03D4805F0FCFC5B
:10EB10000021084605F0E4FD00203B4908703B4910
:10EB2000087000241AE04FF47C40FAF7E5FB38B196
:10EB30002E48005DFF280FD101203549087011E0F3
:10EB40002A48005DFF2802D02848005D20B9012036
:10EB50002F49087006E04BE1601C84B2254800880C
:10EB60008442E0DB2EE12A4800780028FAD0002019
:10EB7000274908702949087024490870012028494C
:10EB800008700320204908701CE1264800780028FE
:10EB90007ED025A01949086021480078002878D047
:10EBA00001201F4908700020164908800A221348D6
:10EBB0000168134805F0AAFD0028D3D14FF4E00006
:10EBC000154908601D49086041F288310748F1F78E
:10EBD0001EFB09221AA10548F1F7F2FAF2F778FEB6
:10EBE000024819490968084430E00000D45C00205C
:10EBF000E6030020E8030020FC030020D4030020EB
:10EC0000D072002052040020E503002053070020AA
:10EC1000C903002000040020F8030020540700204E
:10EC2000C8030020AD070020303A6770735F6C6F37
:10EC3000675F646174612E786C73000004040020C7
:10EC4000536C2E4E6F2E0000F00300206AA10A685C
:10EC5000026049684160F2F73BFE6A486A49096808
:10EC600008446AA10A6802604A684260097A01722F
:10EC7000F2F72EFEF2F718FE634800881FFA80F8BC
:10EC800061480088644908804FF4E000634901E06E
:10EC900095E083E008600020614908700A2261481D
:10ECA0000168614805F032FD002886D15F4801887F
:10ECB0005D4805F034FC0646002421465A4805F01C
:10ECC0002EFC06466B4642464E49574805F09CFFCF
:10ECD0000646BDF8000000B126B1AFF2505004F076
:10ECE000BEFA03E0AFF2305004F0B9FA4446002512
:10ECF0002AE041F288314348F1F789FA4748006831
:10ED0000411920223F48FAF78DFB2146464805F07D
:10ED100006FC06466B4620223A49434805F074FF3C
:10ED20000646BDF8000000B126B1AFF2A05004F0D5
:10ED300096FA03E0AFF2805004F091FA04F120005B
:10ED400084B205F1200085B239480068B0F5E00FC3
:10ED50000BD937480068B0F5E20F06D22F4800689B
:10ED60002844334909688842C3D330480088401C8E
:10ED70002E4908802C4805F0C7FB0021084605F005
:10ED8000AFFC00202B49087001202B49087000209F
:10ED90002A49087001202A49087013E026480078A3
:10EDA00080B1002024490870244908702549087062
:10EDB00001202549087003201E49087002E0032045
:10EDC0001C49087015E00DE02049002005F088FC82
:10EDD00018B14FF0FF30FFF75ABAAFF22070F7F7D3
:10EDE00029FBF8E71A48F7F7EBFA0028ECD100E026
:10EDF00000BF00BF0020EEE74C6174697475646564
:10EE000000000000D45C0020F00300204C6F6E670F
:10EE10006974756465000000EC030020F8030020AD
:10EE2000CA030020D4030020D07200205204002026
:10EE3000DC000020E5030020C9030020AD0700200E
:10EE4000E000002053070020C8030020A07000202D
:10EE5000EC08002010B50446034804600921002096
:10EE600007F018F810BD0000D803002000B502A07C
:10EE700004F0F5F900BD00004F766572637572729B
:10EE8000656E742064657465637465642E000000AB
:10EE900010B50446034804600A21002006F0FAFF7A
:10EEA00010BD0000DC0300207047000010B50446D0
:10EEB000034804600B21002006F0ECFF10BD0000A9
:10EEC000E003002000B5024804F0C9F900BD0000CD
:10EED0002630020800200120704700001CB50E48B3
:10EEE000406AC0F30B010C48416201210846F9F762
:10EEF0003FFB02208DF8050001208DF80400002062
:10EF00008DF8060001208DF8070000020090694688
:10EF10000148F5F723FD1CBD00000240704738B5DD
:10EF200004464FF4C060F9F735FA4D208DF8000023
:10EF300001208DF8010003208DF8020000208DF8DB
:10EF400003006846F9F7EEF938BD704738B5044656
:10EF50004FF4C060F9F71EFA4D208DF80000032031
:10EF60008DF801008DF8020001208DF8030068463D
:10EF7000F9F7D8F938BD00001CB50446012102207C
:10EF8000F9F7F6FA4FF47040009003208DF8050071
:10EF900002208DF8040069460E48F5F7DFFC0C22CC
:10EFA00011460C48F5F738FD0C220D210948F5F7FC
:10EFB00033FD0C220E210748F5F72EFD0C220F2100
:10EFC0000448F5F729FD01214807F9F7D1FA00F0C7
:10EFD00003F81CBD0004024008B500214FF000609A
:10EFE000F9F7E2F94FF4A060F9F7D4F91C208DF895
:10EFF000000001208DF801008DF802008DF803005B
:10F000006846F9F78FF901210846F9F7D1FA08BDEA
:10F0100010B501218807FCF760F888B10121880745
:10F02000FCF74CF80748006828B106480068401E05
:10F030000449086004E000214FF08040FCF741F8EB
:10F0400010BD0000BC04002010B50446012120467C
:10F05000F3F7DEF910BD10B5044602212046F3F7A0
:10F06000D7F910BD7FB5044600250020039002901B
:10F070000090207A012850D1E068806B02900298BD
:10F0800020F480300290607A28B1029820F4801039
:10F0900000F5801002900298E168886300200390D8
:10F0A000E068C0680390039820F040000390039844
:10F0B00020F4801000F580100390039820F4800065
:10F0C0000390039820F0100010300390039820F074
:10F0D00008000390039820F080000390039820F428
:10F0E00000300390039820F4002003900398E16817
:10F0F000C860204600F004F9E07801280CD100989F
:10F1000020F01E000A300090009820F020002030EF
:10F1100000900098E16888607BE0E068C068039038
:10F12000039820F04000403003900398E168C860E5
:10F13000204600F0E5F800200290029820F480308C
:10F1400000F580300290207A032805D1029820F43F
:10F15000003000F500300290029820F4802000F585
:10F1600080200290029820F4002000F500200290F8
:10F17000029820F4001000F500100290607A28B187
:10F18000029820F4801000F5801002900298E16847
:10F1900088631420FFF758FFE068C0680390207A66
:10F1A000032805D1039820F4803000F580300390C7
:10F1B0000398E168C860207A03282AD1E068006BD0
:10F1C0000190019820F0406000F18060019001986A
:10F1D00020F400000190019820F0805000F1805050
:10F1E0000190019820F4FE0000F534100190019880
:10F1F000E1680863C820FFF727FF019820F40000AA
:10F2000000F5000001900198E1680863C820FFF74D
:10F210001BFFE07801280FD1E0688068009000981B
:10F2200020F01E000A300090009820F020002030CE
:10F2300000900098E1688860284604B070BDFEB573
:10F240000446002600250020029001900090002135
:10F25000D4F80C0101600121204600F004FC606933
:10F2600000680090009820F0040000900099606908
:10F270000160E07A00BB4FF40070E16848620298D8
:10F280006FF30F0000F500700290029880B200F159
:10F29000807002900298E168886201986FF30F0015
:10F2A00000F540700190019880B200F180700190EB
:10F2B0000198E168C1F800011021204600F020F912
:10F2C000204600F0F7F800250DE04FF0FF3104F183
:10F2D000900050F825008160002104F1900050F862
:10F2E0002500C1606D1C2078A842EED8012120467F
:10F2F00000F04FF8204600F0A3F83046FEBD0000B5
:10F30000F8B50446002600250020009000BF032029
:10F31000FFF7A1FEE06800690090681C05461349EC
:10F32000884201D90020F8BD0098C00F0028EED017
:10F330000025009820F00100401C00900098E16832
:10F34000086100BFE06800690090681C0546074935
:10F35000884200D904E0009800F001000028F1D1B3
:10F3600000BF0320FFF777FE3046DCE7400D0300C7
:10F3700008B50146002000220092009A22F0010206
:10F38000521C0092CA689268009B9A43CB689A60AC
:10F3900008BD38B505460C46002000902146284699
:10F3A000FFF7D3FD284600F084FB00900098C0F3DF
:10F3B000003058B9012C09D1009820F4805000F594
:10F3C000805000900099D5F8CC0001600098C0F3FF
:10F3D000003040B13CB9009820F480500090009972
:10F3E000D5F8CC000160C820FFF72EFE38BD08B567
:10F3F00000210091491EC2685160C26851610099A4
:10F4000021F0004101F100410091009921F40061D7
:10F4100001F5006100910099C268916108BD08B5CD
:10F420000146002000220092009A22F00102521CA4
:10F430000092CA689268009B1A43CB689A6008BD24
:10F4400038B50446002500200090E1688861401E20
:10F45000E16848612046FFF7CAFFE07820B90098CC
:10F4600020F0100010300090009820F0807000F123
:10F4700080700090009820F0007000F10070009003
:10F48000009820F0005000F100500090009820F00B
:10F4900008000090009820F4001000F50010009083
:10F4A000E0688069009988430843E16888612846DC
:10F4B00038BD0000F8B50446002500260020009065
:10F4C000009820F01000103000900098E16808616A
:10F4D00000BFE06800690090701C0646074988423A
:10F4E00000D904E00098C0F300100028F1D100BF5B
:10F4F0000320FFF7B0FD2846F8BD0000400D0300D3
:10F50000F8B504460D46002600270020009000981C
:10F5100020F0200020300090009865F38A100090C1
:10F520000098E168086100BFE06800690090781CFD
:10F5300007460749884200D904E00098C0F340100C
:10F540000028F1D100BF0320FFF785FD3046F8BD4C
:10F55000400D03000146C868406900F00100704793
:10F560001CB50246002000230093009B23F00043BB
:10F5700003F1004300930124009B64F3DC430093F8
:10F5800002F1900353F82130009C1C6102F19003BA
:10F5900053F821301B680193019B23F0004303F1D2
:10F5A00000430193019B23F08043019302F19003F8
:10F5B00053F82130019C1C601CBD1EB50246002082
:10F5C00000230293019302F1900353F821301B684A
:10F5D0000093009B23F0004303F100430093009B42
:10F5E00023F0804303F180430093009BC3F38143E6
:10F5F00023B1009BC3F38143022B0BD1D368DB6A99
:10F600000293029BC3F307437BB9009B23F00043A3
:10F6100000930AE053691B690193019BC3F30743FD
:10F620001BB9009B23F00043009302F1900353F8B1
:10F630002130009C1C601EBD3FB502460020002307
:10F640000024029403940194441E009402F1900457
:10F6500054F82140009DA56000240394D478012C27
:10F6600004D1039C24F00404241D039402F52B749C
:10F6700004EB4114647934B1012C6AD0022C03D01C
:10F68000032C38D138E000BF039C24F00104641C33
:10F690000394039C24F0080408340394039C24F08E
:10F6A000800480340394039C24F4806404F5806413
:10F6B0000394039C24F010041034039402F52B747B
:10F6C00004EB4114A47834B1039C24F4807404F551
:10F6D000807403940FE0039C24F0400440340394AE
:10F6E00002F52B7404EB4114247924B1039C24F01B
:10F6F0002004203403944EE0039C24F00104641C95
:10F700000394039C24F0100410340394039C24F00D
:10F71000080408340394039C24F080048034039488
:10F72000039C24F4806404F580640394039C24F413
:10F73000007404F50074039402F52B7404EB411477
:10F74000A4782CB1039C24F4807404F58074039491
:10F7500021E0039C24F00104641C0394039C24F422
:10F76000007404F500740394039C24F020042034F6
:10F77000039402F52B7404EB4114A47854B1039C58
:10F7800024F0800480340394039C24F4807404F5F2
:10F790008074039400BF00BF02F1900454F821402C
:10F7A000039DE560012404FA01F35469A4691C4334
:10F7B0005569AC61029C24F0007404F10074029459
:10F7C000D468A469029D2C43D568AC6100240194DF
:10F7D00002F52B7404EB41142578019C65F39C54CD
:10F7E000019402F52B7404EB41146578019C65F3D8
:10F7F000CE24019402F52B7404EB4114A578019CEE
:10F8000065F3CF34019402F52B7404EB4114E478D2
:10F81000022C01D1012500E00025019C65F3514433
:10F82000019402F52B7404EB41146579019C65F396
:10F830009344019402F52B7404EB4114E588019C78
:10F8400065F30A04019402F52B7404EB4114647906
:10F85000032C05D1019C24F0005404F100540194C0
:10F8600002F1900454F82140019D256004B030BDA0
:10F870002DE9F04385B004460D464FF00009C84617
:10F880004FF48077002003900490009004F52B70D3
:10F8900000EB4510006910B304F52B7000EB451028
:10F8A000016904F52B7000EB4510C0880144491E26
:10F8B00004F52B7000EB4510C088B1FBF0F086B268
:10F8C000BE420DDD3E4604F52B7000EB4510C188AD
:10F8D000714304F52B7000EB4510016100E0012637
:10F8E00004F52B7000EB4510807850B104F52B70B7
:10F8F00000EB4510C188714304F52B7000EB4510F7
:10F90000016104F52B7000EB45100169039861F368
:10F9100012000390039866F3DC40039004F52B700B
:10F9200000EB4510017A039861F35E70039004F1D7
:10F93000900050F8250003990161E078012809D171
:10F9400004F52B7000EB4510C16804F1900050F8ED
:10F950002500416104F1900050F8250000680490F2
:10F96000204600F08CF8049960F35D7104910498CE
:10F9700020F0004000F100400490049820F0804006
:10F98000049004F1900050F8250004990160E0789B
:10F99000002864D104F52B7000EB45108078002816
:10F9A0005DD104F52B7000EB45100069002856D09E
:10F9B00004F52B7000EB4510407930B1012821D0BF
:10F9C000022803D0032839D11BE000BFE068C06AD9
:10F9D000029004F52B7000EB45100069C01CC0F3C9
:10F9E0008F08029880B240450ADA009820F0200083
:10F9F00020300090E068806900990843E1688861E0
:10FA00001DE000BF60690069019004F52B7000EBF8
:10FA100045100069C01CC0F38F08019880B24045B2
:10FA20000BDA009820F0806000F180600090E068C0
:10FA3000806900990843E168886100E000BF00BF69
:10FA400004F52B7000EB4510008A83B204F52B708F
:10FA500000EB45102A46C168204600F0C4FF484626
:10FA600005B0BDE8F08308B5426912680092009ABB
:10FA700061F301020092009B4269136008BD0146D8
:10FA80004869806800F0010080F00100704700B50F
:10FA900002461046FFF75EFD012800D100BD0020A0
:10FAA000FCE701460020CA685069CA6892691040A4
:10FAB000704708B50146D1F8CC0000680090009866
:10FAC00020F004000090009820F0020000900098C0
:10FAD00020F008000090009820F02000009000988E
:10FAE00008BD0146486940697047F0B503460024E7
:10FAF000D01CC71700EB9777BD10D3F8D06000BFBC
:10FB000003E030680860641C091DAC42F9D3084664
:10FB1000F0BD38B504462046FFF7CBFF00900098B3
:10FB200020F4807000F5807000900099D4F8CC002B
:10FB300001600A20FFF788FA009820F48070009096
:10FB40000099D4F8CC0001601420FFF77DFA012061
:10FB500038BD000070B502460C4600230020002589
:10FB6000D5700125957040259580012C0CD14FF062
:10FB7000A0430125D57208251570042555709D15E3
:10FB8000D580022515720EE06CB9274B0025D57281
:10FB90000C251570062555704FF4A065D5800225FB
:10FBA00015720125D570D36003F50065156100213C
:10FBB00010E003F5106505EB411602F1180545F854
:10FBC000216003F5306505EB411602F1540545F857
:10FBD0002160491C55788D42EBD803F5806555614D
:10FBE0004035C2F8CC50002108E003F5A06505EBD4
:10FBF000411602F1900545F82160491C15788D42A7
:10FC0000F3D8002108E003F5805505EB013602F139
:10FC1000D00545F82160491C15788D42F3D803F5CD
:10FC20006065C2F80C5170BD00000440F8B5044690
:10FC30000D460026E068C0680090009820F0005053
:10FC40000090009820F080400090012D06D100988F
:10FC500020F0005000F10050009006E02DB900980F
:10FC600020F0804000F1804000900098E168C8607A
:10FC70003220FFF7E9F93046F8BD38B504460021D7
:10FC8000C4F8101200200090D4F8AC04016820469B
:10FC90008847009820F0005000F100500090009834
:10FCA000E1684861012038BD0CB50146D1F89000EB
:10FCB00000680090009820F0004000F100400090A3
:10FCC000009820F0804000F180400090009AD1F828
:10FCD0009000026000200190019820F4001000F5CF
:10FCE000001001900198CA68506101200CBD7CB5DC
:10FCF0000546002400262846FFF7F3FE019000BFCA
:10FD00001BE0019880B20121A1400840A0B105F19B
:10FD1000900050F82400006800900098C0F3C030B4
:10FD200028B12146284600F00DF8064304E021469C
:10FD3000284600F01BFA0643641C2878A042E0D84D
:10FD400030467CBD70B586B005460C4605F1900086
:10FD500050F82460B0680590F0680490DDE9041064
:10FD60000840059005F1900050F8240000680390C9
:10FD7000002004900598C0F38000D0B100200190CD
:10FD8000019820F00400001D01900198B06005F179
:10FD9000900050F82400C0680190019820F0020003
:10FDA000801C019005F1900050F824000199C16079
:10FDB00073E00598C0F3401048B10020019001980D
:10FDC00020F02000203001900198B06065E0059897
:10FDD000C0F3C00078B305F1900050F82400C0686B
:10FDE0000190019820F00200801C019005F1900024
:10FDF00050F824000199C160052105F523700155D3
:10FE000000200190019820F010001030019001981E
:10FE1000B06000200190019820F0080008300190A7
:10FE20000198B060059820F010000590E1B22846D6
:10FE3000FFF7C3FB31E0FFE70598C0F3802060B314
:10FE400005F1900050F82400C0680190019820F05E
:10FE50000200801C019005F1900050F824000199E7
:10FE6000C160E1B22846FFF7A8FB0020019001988D
:10FE700020F01000103001900198B060082105F5C5
:10FE80002370015500200190019820F4806000F556
:10FE9000806001900198B06000BF0598C0F34020D9
:10FEA000F8B105F1900050F82400C0680190019865
:10FEB00020F00200801C019005F1900050F8240011
:10FEC0000199C160E1B22846FFF777FB002001905D
:10FED000019820F4007000F5007001900198B06066
:10FEE00041E1059800F00100002871D0E878012870
:10FEF00012D105F1900050F824000069029005F538
:10FF00002B7000EB441000690299C1F31201411AF1
:10FF100005F5147040F82410012105F523700155F2
:10FF20000021783840F8241000200190019820F03A
:10FF30000100401C01900198B0600398C0F381401B
:10FF400020B10398C0F3814002282AD105F1900026
:10FF500050F82400C0680190019820F00200801C35
:10FF6000019005F1900050F824000199C160E1B2C0
:10FF70002846FFF722FB00200190019820F0100096
:10FF8000103001900198B06005F52B7000EB441023
:10FF9000007E80F0010105F52B7000EB4410017626
:10FFA000E1E00398C0F38140032899D1039820F041
:10FFB000005000F10050039005F1900050F824002B
:10FFC00003990160012105F29B200155CBE0FFE779
:10FFD0000598C0F34000002851D005F1900050F87A
:10FFE0002400C0680190019820F00200019005F102
:10FFF000900050F824000199C16005F52370005D60
:020000040801F1
:10000000012804D1012105F29B2001552DE005F5C1
:100010002370005D052804D1042105F29B200155C1
:1000200023E005F52370005D062804D005F5237054
:10003000005D082808D1002105F5057040F824105E
:1000400003218730015510E00398C0F38140032855
:100050000BD105F52B7000EB4410007E80F0010100
:1000600005F52B7000EB44100176002001900198FB
:1000700020F00200801C01900198B06073E00598A8
:10008000C0F3C01040B305F1900050F82400C068E0
:100090000190019820F00200801C019005F1900071
:1000A00050F824000199C16005F5057050F824103E
:1000B000491C40F82410062178300155E1B2284649
:1000C000FFF77BFA00200190019820F0800080303B
:1000D00001900198B06046E00598C0F30010E8B3C5
:1000E0000398C0F3814003281ED105F1900050F819
:1000F0002400C0680190019820F00200801C01904B
:1001000005F1900050F824000199C160E1B2284641
:10011000FFF753FA00200190019820F010001030F2
:1001200001900198B06018E00398C0F3814020B1BD
:100130000398C0F3814002280FD1039820F00040BB
:1001400000F100400390039820F08040039005F1F7
:10015000900050F824000399016000E003E00321BF
:1001600005F523700155012006B070BD7FB5054629
:100170000C4605F1900050F82460B0680390F068D8
:100180000290DDE902100840039005F1900050F85C
:100190002400006801900398C0F38000D0B10020D3
:1001A0000090009820F00400001D00900098B060BE
:1001B00005F1900050F82400C0680090009820F0ED
:1001C0000200801C009005F1900050F82400009976
:1001D000C1608CE10398C0F3401048B1002000904A
:1001E000009820F02000203000900098B0607EE160
:1001F000039800F0010038B3002105F5057040F8C0
:10020000241005F1900050F82400C0680090009878
:1002100020F00200801C009005F1900050F82400AE
:100220000099C160E1B22846FFF7C7F900200090AD
:10023000009820F00100401C00900098B06001215F
:1002400005F52370015552E10398C0F3C00010B3C7
:1002500000200090009820F00800083000900098DE
:10026000B06005F1900050F82400C068009000983C
:1002700020F00200801C009005F1900050F824004E
:100280000099C160E1B22846FFF797F9052105F50D
:10029000237001552BE10398C0F3001038B30021FF
:1002A00005F5057040F8241005F1900050F8240081
:1002B000C0680090009820F00200801C009005F1BA
:1002C000900050F824000099C160E1B22846FFF781
:1002D00074F900200090009820F010001030009079
:1002E0000098B060032105F523700155FFE00398E5
:1002F000C0F3C01040B305F1900050F82400C0686E
:100300000090009820F00200801C009005F1900001
:1003100050F824000099C160E1B22846FFF74DF97A
:1003200005F5057050F82410491C40F824100621EA
:100330007830015500200090009820F08000803037
:1003400000900098B060D2E00398C0F3801038B3FA
:10035000002105F5057040F8241005F1900050F8D3
:100360002400C0680090009820F00200801C0090DB
:1003700005F1900050F824000099C160E1B22846D0
:10038000FFF71BF900200090009820F0400040305B
:1003900000900098B060042105F523700155A6E097
:1003A0000398C0F3802060B305F1900050F824005A
:1003B000C0680090009820F00200801C009005F1B9
:1003C000900050F824000099C160E1B22846FFF780
:1003D000F4F800200090009820F0100010300090F9
:1003E0000098B060082105F52370015500200090A9
:1003F000009820F4806000F5806000900098B06064
:1004000075E00398C0F34000002870D005F190001B
:1004100050F82400C0680090009820F0020000907E
:1004200005F1900050F824000099C16005F5237093
:10043000005D012815D1012105F29B20015501988D
:10044000C0F38140022848D105F52B7000EB441021
:10045000407E80F0010105F52B7000EB44104176E1
:100460003BE005F52370005D032804D1022105F26D
:100470009B20015531E005F52370005D04280FD164
:1004800005F52B7000EB44100079012803D1E1B28F
:100490002846FFF765F8022105F29B2001551CE074
:1004A00005F52370005D052804D1042105F29B2089
:1004B000015512E005F52370005D06280DD105F504
:1004C000057050F82400032807D1032105F29B2072
:1004D00001550021873840F8241000200090009832
:1004E00020F00200801C00900098B06000BF012046
:1004F00004B070BD7CB50446E068C06A0090009806
:10050000C0F3417104F52B7000EB41100069C01C71
:10051000C0F38F0673E04FF6FF71009801EA800583
:100520000098C0F3417104F52B7000EB4110006995
:10053000A84215D20098C0F3417104F52B7000EB6E
:100540004110008A85B200200190019820F020001F
:1005500020300190E068806901998843E1688861F2
:100560000098C0F3417104F52B7000EB4110006955
:10057000C01CC0F38F060098C0F34172C0F34173F2
:1005800004F52B7000EB43102B46C168204600F0A9
:100590002AFA0098C0F3417104F52B7000EB41106A
:1005A000C06841190098C0F3417204F52B7000EB4C
:1005B0004210C1600098C0F3417104F52B7000EB4C
:1005C00041100069411B0098C0F3417204F52B7083
:1005D00000EB421001610098C0F3417104F52B70EB
:1005E00000EB4110406941190098C0F3417204F5D5
:1005F0002B7000EB42104161E068C06A00900098E7
:1006000080B2B0420ADD0098C0F3417104F52B704E
:1006100000EB4110006900287FF47DAF01207CBD14
:10062000FEB50446002600250020009002900190AF
:10063000D4F8CC0000680290D4F8CC000068019097
:10064000019820F004000190019820F00200019030
:10065000019820F008000190019820F020000190FE
:100660000298C0F3400060B1D4F8AC044168204661
:100670008847019820F00200801C0190012645F077
:1006800001050298C0F3C000002840D0019820F076
:100690000800083001900298C0F38000002836D08E
:1006A0000121C4F810120298C0F34140022804D07E
:1006B0000298C0F34140012828D160690068009089
:1006C0000298C0F34140022811D141F27071606973
:1006D0004160009800F00300022818D0E07A012859
:1006E00003D102212046FFF7BEF901260FE04BF6A9
:1006F000803160694160009800F00300012806D055
:1007000001212046FFF7AFF9012600E001260298FB
:10071000C0F3401030B1019820F02000203001904B
:1007200045F0010516B12046FFF7F3F90199D4F819
:10073000CC0001602846FEBD7CB5044660690069B6
:1007400000900098C0F3417104F52B7000EB41104C
:100750000069C01CC0F38F0674E04FF6FF7100986B
:1007600001EA80050098C0F3417104F52B7000EB9D
:1007700041100069A84216D20098C0F3417104F5F7
:100780002B7000EB4110008A85B200200190019887
:1007900020F0806000F180600190E068806901993C
:1007A0008843E16888610098C0F3417104F52B70BB
:1007B00000EB41100069C01CC0F38F060098C0F325
:1007C0004172C0F3417304F52B7000EB43102B46CC
:1007D000C168204600F007F90098C0F3417104F5A4
:1007E0002B7000EB4110C06841190098C0F34172B2
:1007F00004F52B7000EB4210C1600098C0F341710A
:1008000004F52B7000EB41100069411B0098C0F308
:10081000417204F52B7000EB421001610098C0F3A7
:10082000417104F52B7000EB4110406941190098AB
:10083000C0F3417204F52B7000EB42104161606916
:1008400000690090009880B2B0420ADD0098C0F3C1
:10085000417104F52B7000EB4110006900287FF412
:100860007CAF01207CBD30B585B0044600200090EF
:100870000390039820F0100010300390E068806926
:1008800003998843E1688861E068006A04900498ED
:1008900000F00F00009004F190009DF8001050F857
:1008A0002100006801900498C0F34340022806D05C
:1008B000032878D0052877D0072873D175E00498ED
:1008C000C0F30A10002869DD04F52B709DF80010B4
:1008D00000EB4110C068002860D00498C0F30A12F1
:1008E00004F52B709DF8003000EB4310C1682046E2
:1008F000FFF7FBF8049800F00F0104F52B7000EBF4
:100900004110C0680499C1F30A110144049800F031
:100910000F0204F52B7000EB4210C160049800F048
:100920000F0104F52B7000EB411040690499C1F3ED
:100930000A110144049800F00F0204F52B7000EB3B
:100940004210416104F52B709DF8001000EB41103E
:10095000456904F514709DF8001040F8215004F129
:1009600090009DF8001050F8210000690290029854
:10097000C0F3C940002811DD019820F0004000F1CB
:1009800000400190019820F08040019004F1900017
:100990009DF80020019950F82200016006E002E075
:1009A00002E0FFE700BF00BF00BF00BF00BF039829
:1009B00020F0100010300390E0688069039908432C
:1009C000E1688861012005B030BD08B5014600200E
:1009D0000090009820F00800083000900098CA6845
:1009E0005061012008BD2DE9F04104460026E07861
:1009F000B0B900270020DD1C4FEAE57805EB9878B8
:100A00004FEAA80704F1D00555F822C000BF04E062
:100A10000D68CCF80050401C091DB842F8D300BF47
:100A20003046BDE8F08100002DE9F04753495448B5
:100A3000FDF78AFA5348006853490968884275D01F
:100A400052485049096850F8210010287CD2DFE84C
:100A500000F07B080E141A20262D343A41484F55D9
:100A60005A744B4801684B4801F0D8FE6DE04A4883
:100A70000168484801F0D2FE67E0484801684548EF
:100A800001F0CCFE61E046480168424801F0C6FE34
:100A90005BE0444801683F4801F0C0FE55E0424831
:100AA00042A142693B4801F0B9FE4EE03E4843A1F5
:100AB0008269384801F0B2FE47E044480168354891
:100AC00001F0ACFE41E0424842A10268314801F029
:100AD000A5FE3AE0454846A102682E4801F09EFE78
:100AE00033E0484848A102682A4801F097FE2CE00C
:100AF0004B480168274801F091FE26E049A12548AE
:100B000001F08CFE21E04F480068EFF760FE0446DC
:100B10000D464D480068EFF75AFE064622462B4622
:100B2000EFF75EFD804642460B4601E01DE00BE01C
:100B300046A1184801F072FE07E042484BA1026846
:100B4000144801F06BFE00E000BF00BF11484E49A1
:100B500008600C480068401C0A49086008460068A4
:100B6000B0F5006F01D300200860484800780128E4
:100B700002D1002045490870BDE8F0879C0D002097
:100B8000EC080020100000200C00002020110020A4
:100B90001C0000202A0F002020000020240000203C
:100BA0003400002038000020900F00203E205649DD
:100BB00044203A2025303458680A24003E20504909
:100BC00044203A2025303458680A24003C00002094
:100BD000D80300203E204D616E75666163747572A6
:100BE0006572203A2025730A24000000DC030020EF
:100BF0003E2050726F64756374203A2025730A2476
:100C000000000000E00300203E2053657269616C23
:100C1000204E756D626572203A2025730A2400000B
:100C2000400000203E2046696C652053797374654E
:100C30006D20696E697469616C697A65642E0A2435
:100C40000000000018000020140000203E2044692D
:100C5000736B206361706163697479203A20252E7B
:100C6000304C662042797465730A24003E2050613E
:100C70006765204C656E677468203A2025642042C1
:100C8000797465730A240000040000200800002025
:100C9000F9F790FF00BFFEE705480068012805D17D
:100CA000142004494873002003490880704700005D
:100CB000100500202DE80120A00700203221484324
:100CC00000BF011EA0F10100FBD170472DE9F04FDC
:100CD00093B0FBA2D2E900109268CDE90A02099113
:100CE000FA48C07A012807D006282BD008286ED0F1
:100CF000132841F08B83C3E0F5A1F94801F08EFD84
:100D0000F748F1F765FEF7A1F54801F087FDF448D3
:100D1000F1F75EFEF7480078002808DDF548027814
:100D2000F5A1EF4801F07AFDED48F2F7ADF9FDA12C
:100D3000EB4801F073FDEA48F1F744FFF2F702FDDA
:100D400001F068BBE2A1E64801F068FDE448F1F774
:100D50003FFEFBA1E24801F061FDE148F1F738FEFA
:100D6000FB48007838B9FBA1DD4801F057FDDC48AD
:100D7000F1F72EFE7AE0F6480078502876DAF94846
:100D80000078072841DDF7480078C01FC6B2002070
:100D9000129036E0701CEE49097888422BDC00275F
:100DA00018E006EBC60000EB0610EF490844C05DF2
:100DB00070B909E0202006EBC60101EB0611EA4AF2
:100DC0001144C855781CC7B2172FF3DB04E0F8E0D4
:100DD000781CC7B2162FE4DD00BF06EBC60000EB9F
:100DE0000610E1494318721CE0A1BD4801F016FD50
:100DF000BB48F1F7E7FE701CC6B21298401CC0B2A7
:100E0000129012980828C5DB30E000262CE000275D
:100E100017E006EBC60000EB0610D3490844C05D9E
:100E200068B909E0202006EBC60101EB0611CE4AA5
:100E30001144C855781CC7B2172FF3DB03E0781CA8
:100E4000C7B2162FE5DD00BF06EBC60000EB0610AB
:100E5000C5494318721CC5A1A14801F0DFFCA04898
:100E6000F1F7B0FE701CC6B2082ED0DBC1A19C48C1
:100E700001F0D4FC9A48F1F7A5FEF2F763FC5FE7B6
:100E8000C3A1974801F0CAFC9548F1F7A1FDACA1B8
:100E9000934801F0C3FC9248F1F79AFD9548007819
:100EA00038B9ACA18E4801F0B9FC8D48F1F790FD3E
:100EB0007DE090480078502879DAAA480078072821
:100EC00040DDA8480078C01FC6B20020129035E06F
:100ED000701C8849097888422ADC002717E006EB55
:100EE000C60000EB0610A0490844C05D68B909E0DF
:100EF000202006EBC60101EB06119B4A1144C855A0
:100F0000781CC7B2172FF3DB03E0781CC7B2162F8B
:100F1000E5DD00BF06EBC60000EB06109F49431855
:100F2000721C92A16E4801F079FC6D48F1F74AFEFF
:100F3000701CC6B21298401CC0B2129012980828B9
:100F4000C6DB34E0002630E06A48007886422ADAC0
:100F5000002717E006EBC60000EB061082490844A4
:100F6000C05D68B909E0202006EBC60101EB06115F
:100F70007D4A1144C855781CC7B2172FF3DB03E034
:100F8000781CC7B2162FE5DD00BF06EBC60000EBEC
:100F9000061082494318721C74A1514801F03EFCAE
:100FA0004F48F1F70FFE701CC6B2082ECCDB71A1C2
:100FB0004B4801F033FC4A48F1F704FEF2F7C2FB5C
:100FC000BEE600207649088076480078012876D170
:100FD000002005907448006903904FF0000BF6E381
:100FE00000BF0BEBCB0000EB0B11039800F2764037
:100FF00000EB8100029014226C480299F8F712FA73
:101000000A226A496A48EFF71FF90BEBCB0000EBA5
:101010000B11039800F5906000EB810002901E22F6
:1010200062480299F8F7FEF91E22002160481E3836
:10103000EFF70AF920221E215D483C38EFF7E0F86F
:1010400020221E215A481E38EFF7DAF859A15748D6
:10105000EFF7E8F88246BAF1000F16D09AF80000D0
:101060004B2812D05148AAEB000008904F49504835
:101070003C38089AEFF7E8F80898C0F11E0251468C
:101080004B481E38EFF7E0F805E01422474948487E
:101090003C38EFF7D9F80BEBCB0000EB0B110398C2
:1010A00000F2AF4000EB810002900A223F48029913
:1010B000F8F7B8F90A223D493D480A307EE0FDE3E1
:1010C0002020202020202020200000002DE80120CA
:1010D0004D414E55414C20524F5554452000000083
:1010E000132000204155544F20524F555445202085
:1010F00020000000820000202564204155544F202C
:10110000524F5554455320524541445920202020E8
:1011100020202020202020202020202020202020CF
:10112000000000002020202020202020202020203F
:10113000202020202020202020202020000000002F
:1011400020202020202020202020202020000000FF
:10115000A10800204E4F5420415641494C41424C79
:1011600045202000740700205DE0012025642E202A
:101170002573000020202020202020202020202057
:10118000202020202020202020202020202000009F
:101190004155544F20524F555445200032150020E0
:1011A000A00700208800002040ED0120E01A002068
:1011B000A8F101204B4D204E6F000000EFF744F8DE
:1011C0000522AFF21001FE48EFF77FF828B10522A3
:1011D000FCA1FB48EFF779F810B90BF1010B00E720
:1011E000F7484630F2F740F90BF1010000EBC0017F
:1011F00001EB0011039800F2764000EB81000290B1
:101200001422F2480299F8F70DF90A22EF49EC4846
:10121000A030EFF719F80BF1010000EBC00101EB72
:101220000011039800F5906000EB810002901422F9
:10123000E6480299F8F7F6F81E220021E0488230CD
:10124000EFF702F820221E21DD486430EEF7D8FFC8
:1012500020221E21DA488230EEF7D2FFAFF2AC0135
:10126000DA48EEF7DFFF8246BAF1000F16D09AF89F
:1012700000004B2812D0D548AAEB00000890D349B3
:10128000CF486430089AEEF7DFFF0898C0F11E02DD
:101290005146CB488230EEF7D7FF04E01422CB4909
:1012A000C748EEF7D1FF0BF1010000EBC00101EBE5
:1012B0000011039800F2AF4000EB810002900A2277
:1012C000C2480299F8F7AEF80A22C049BC48AA30D1
:1012D000EEF7BAFFBA48AA30F2F7C6F80020BC49C8
:1012E0000870F1F7D1F9BA4908701422B449B94825
:1012F000EEF766FF6421B848EEF789FFB44800783E
:10130000012806D10822B5A1B3485030EEF758FFA6
:1013100082E0AF480078022806D10722B2A1AE4889
:101320005030EEF74DFF77E0A9480078032806D14A
:101330000722AFA1A8485030EEF742FF6CE0A44866
:101340000078042806D10722A9A1A3485030EEF75F
:1013500037FF61E09E480078052806D10822A6A143
:101360009D485030EEF72CFF56E09948007806284B
:1013700006D10722A3A198485030EEF721FF4BE099
:1013800093480078072806D10822A0A1924850303F
:10139000EEF716FF40E08E480078082806D10B22B1
:1013A0009DA18D485030EEF70BFF35E0884800785E
:1013B000092806D10C229BA187485030EEF700FF88
:1013C0002AE0834800780A2806D10C2299A1824895
:1013D0005030EEF7F5FE1FE07D4800780B2806D16F
:1013E0000B2298A17C485030EEF7EAFE14E07848D2
:1013F00000780C2806D10C2295A177485030EEF7E2
:10140000DFFE09E0724800780D2805D10D2293A176
:1014100071485030EEF7D4FE6D480078002825DD85
:101420006B4800780E2821DA04EB84016A4A02EB4B
:101430008100EEF715FF019004EB8400664A02EB91
:1014400080018A48019AEEF7BBFE8848F1F7C0FA9E
:10145000F2F778F904EB84005F4A02EB8001002088
:1014600005F020FA20218148EEF7D1FE5848007897
:1014700000287DD1524890F84700202802D1012051
:10148000059016E04E4890F84800202802D102202E
:1014900005900EE04A4890F84900202802D1032028
:1014A000059006E0464890F84A00202801D1042023
:1014B00005900598012806D101224149463140484E
:1014C000EEF703FFF0B90598022806D102223C4945
:1014D00046313B48EEF7F9FEA0B90598032806D13E
:1014E0000322374946313648EEF7EFFE50B90598EA
:1014F000042863D10422324946313148EEF7E5FE33
:1015000000285BD000240025CEE000200490804617
:101510001DE02B484630405D3A280FD02846691C14
:10152000CDB2274946310A5C04EB84002A4901EB1D
:101530008003404608F101081A5401E0681CC5B256
:101540000498401CC0B20490132800DD04E01C483D
:101550004630405D2028DCD100BF681CC5B2B8F120
:10156000000F12D004EB84011B4A02EB810000E063
:101570008AE1EEF775FE019004EB8400164A02EB57
:1015800080013A48019AEEF71BFE04EB8401124AEF
:1015900002EB810101EB0800042211A1EEF710FE1D
:1015A0003248F1F715FAF2F7CDF804EB84000A4A55
:1015B00002EB8001002005F075F959E0EDE0000034
:1015C0006CF101204B4D206E6F000000E01A0020EE
:1015D000F0070020F4E801202F1F00204355525649
:1015E0002E6D7033000000005053522E6D7033008A
:1015F00043544C2E6D7033004354524C2E6D703357
:10160000000000005248532E6D7033004C45535378
:101610002E6D7033000000005741524E2D42442E73
:101620006D7033005741524E204252442E6D70333C
:101630000000000048414C54204252442E6D70334B
:101640000000000044495354414E542E6D70330045
:10165000474154455349472E6D70330048414C541F
:101660003A42484C502E6D70330000001320002089
:101670004FF6FF7000F040FF4FF6FF7000F03CFFA8
:101680004FF6FF7000F038FF4FF6FF7000F034FFA8
:101690004FF6FF7000F030FF20224FF49671FC48A7
:1016A000EEF7AEFD601CC4B2012CFFF62EAF012494
:1016B00000256FE00020049080461BE0F548405D67
:1016C0003A280ED02846691CCDB2F2490A5C04EBD8
:1016D0008400F14901EB8003404608F101081A54E7
:1016E00001E0681CC5B20498401CC0B204901328E5
:1016F00000DD03E0E748405D2028DFD100BF681C23
:10170000C5B2B8F1000F10D004EB8401E24A02EB3D
:101710008100EEF7A5FD019004EB8400DE4A02EBA8
:101720008001DB48019AEEF74BFD04EB8401DA4AB5
:1017300002EB810101EB08000422AFF25C11EEF72D
:101740003FFD04EB8400D44A02EB8001002005F049
:10175000A9F8CF48F1F73CF9F1F7F4FF4FF6FF7025
:1017600000F0CAFE4FF6FF7000F0C6FE4FF6FF70A5
:1017700000F0C2FE4FF6FF7000F0BEFE4FF6FF70A5
:1017800000F0BAFE20224FF49671C148EEF738FD02
:10179000601CC4B2032C8DDBF1E00024002570E056
:1017A0000020049080461CE0BA48405D3A280FD0E3
:1017B0002846691CCDB2B7490A5C04EB8400B649DF
:1017C00001EB8003404608F101081A5402E059E396
:1017D000681CC5B20498401CC0B20490132800DDF8
:1017E00003E0AC48405D2028DED100BF681CC5B2D4
:1017F000B8F1000F10D004EB8401A74A02EB81007E
:10180000EEF72EFD019004EB8400A34A02EB800169
:101810009F48019AEEF7D4FC04EB84019E4A02EB48
:10182000810101EB08000422AFF24C21EEF7C8FC65
:1018300004EB8400984A02EB8001002005F032F8A6
:101840009348F1F7C5F8F1F77DFF4FF6FF7000F010
:1018500053FE4FF6FF7000F04FFE4FF6FF7000F0A2
:101860004BFE4FF6FF7000F047FE4FF6FF7000F0A2
:1018700043FE20224FF496718548EEF7C1FC601CB0
:10188000C4B2032C8CDB7AE00024002575E0002034
:10189000049080461CE07F48405D3A280FD02846DF
:1018A000691CCDB27B490A5C04EB84007A4901EBE8
:1018B0008003404608F101081A5402E0F4E2681C73
:1018C000C5B20498401CC0B20490132800DD03E0A8
:1018D0007048405D2028DED100BF681CC5B2B8F159
:1018E000000F04D04FF496716948EEF790FC04EBBA
:1018F0008401694A02EB8100EEF7B2FC019004EB2F
:101900008400654A02EB80016148019AEEF758FCB9
:1019100004EB8401604A02EB810101EB0800042220
:10192000AFF24431EEF74CFC04EB84005A4A02EB70
:101930008001002004F0B6FF5548F1F749F8F1F7AF
:1019400001FF4FF6FF7000F0D7FD4FF6FF7000F07B
:10195000D3FD4FF6FF7000F0CFFD4FF6FF7000F0A3
:10196000CBFD4FF6FF7000F0C7FD20224FF49671BB
:101970004748EEF745FC601CC4B2032C87DB4648A1
:1019800090F8280018B902204449087002E00320AA
:10199000424908704048007D10B901203F49087055
:1019A0000020069063E23B4A069950180222AFF6E7
:1019B0002401EEF78AFCA8B90698092812DB012059
:1019C00007900BE033490798085C202802D11420C7
:1019D000069006E00798401CC0B2079007981428AC
:1019E000F0DB00BFF0F7F6FE2D49087014222949FC
:1019F00064312C48EEF7E4FB64212B48EEF707FC3A
:101A000027480078012807D10822AFF23041264844
:101A10005030EEF7D5FB95E021480078022807D139
:101A20000722AFF23C4120485030EEF7C9FB89E075
:101A30001B480078032807D10722AFF24C411A480F
:101A40005030EEF7BDFB7DE015480078042807D143
:101A50000722AFF2644114485030EEF7B1FB71E059
:101A60000F480078052807D10822AFF274410E48CC
:101A70005030EEF7A5FB65E009480078062815D13F
:101A80000722AFF2804108485030EEF799FB59E049
:101A9000132000206CF101202F1F0020E5070020FB
:101AA000F0070020F4E80120931F0020F848007898
:101AB000072806D10822AFF2AC41F648EEF780FBCA
:101AC00040E0F3480078082806D10B22AFF2B84175
:101AD000F048EEF775FB35E0ED480078092806D1AF
:101AE0000C22AFF2C041EB48EEF76AFB2AE0E8486F
:101AF00000780A2806D10C22AFF2C841E548EEF77B
:101B00005FFB1FE0E24800780B2806D10B22AFF202
:101B1000CC41E048EEF754FB14E0DD4800780C2897
:101B200006D10C22AFF2D841DA48EEF749FB09E0C2
:101B3000D74800780D2805D10D22AFF2E041D548F5
:101B4000EEF73EFBD2480078002870D1D24890F8DA
:101B5000AB00202802D10120059016E0CE4890F875
:101B6000AC00202802D1022005900EE0CA4890F86F
:101B7000AD00202802D10320059006E0C64890F869
:101B8000AE00202801D1042005900598012807D136
:101B90000122C149AA31A1F14600EEF796FB00BB34
:101BA0000598022807D10222BB49AA31A1F14600BB
:101BB000EEF78BFBA8B90598032807D10322B64995
:101BC000AA31A1F14600EEF780FB50B90598042830
:101BD00045D10422B049AA31A1F14600EEF775FBC8
:101BE000E8B3002400253FE00020049080461FE079
:101BF000A948AA30405D3A2810D02946681CC5B2D1
:101C0000A548AA30425C04EB8400A249503901EB9C
:101C10008003404608F101081A5401E0681CC5B26F
:101C20000498401CC0B20490132801DD05E09DE03B
:101C30009948AA30405D2028DAD100BF681CC5B29F
:101C4000B8F1000F0ED004EB8401924A503A02EB37
:101C5000810101EB08000422AFF27C6100E045E065
:101C6000EEF7AEFA601CC4B2012CBDDB01240025E6
:101C700039E00020049080461EE087486430405DD3
:101C80003A2810D02846691CCDB2834964310A5CD9
:101C900004EB84007F49503901EB8003404608F192
:101CA00001081A5401E0681CC5B20498401CC0B277
:101CB0000490132800DD04E077486430405D20285C
:101CC000DBD100BF681CC5B204EB8401714A503AF5
:101CD00002EB810101EB08000422AFF2FC61EEF798
:101CE0006FFA601CC4B2032CC3DB7EE00024002525
:101CF00039E00020049080461EE067486430405D73
:101D00003A2810D02846691CCDB2634964310A5C78
:101D100004EB84005F49503901EB8003414608F130
:101D200001085A5401E0681CC5B20498401CC0B2B6
:101D30000490132800DD04E057486430405D2028FB
:101D4000DBD100BF681CC5B204EB8401514A503A94
:101D500002EB810101EB08000422AFF27C71EEF787
:101D60002FFA601CC4B2032CC3DB3EE00024002524
:101D700039E00020049080461EE047486430405D12
:101D80003A2810D02846691CCDB2434964310A5C18
:101D900004EB84003F49503901EB8003404608F1D1
:101DA00001081A5401E0681CC5B20498401CC0B276
:101DB0000490132800DD04E037486430405D20289B
:101DC000DBD100BF681CC5B204EB8401314A503A34
:101DD00002EB810101EB08000422AFF2FC71EEF787
:101DE000EFF9601CC4B2032CC3DB2A48503890F8CA
:101DF000280018B902202949087002E00320274969
:101E0000087024485038007D10B90120234908701B
:101E10000020069024E020496431069A88180222A6
:101E2000AFF69841EEF751FAB0B90698092813DBDE
:101E3000012007900CE0184864300799405C202886
:101E400002D11420069006E00798401CC0B207900B
:101E500007981428EFDB00BF0698401CC0B206901C
:101E600006981428D7DB0698401CC0B20690069846
:101E70001428FFF698AD0A480068012800D1EEE268
:101E80000BF1010B074800688345FFF4A9A8BCE2E9
:101E9000F0070020E31F00206CF10120D800002093
:101EA000100500209C080020FE48007810B3002098
:101EB000FD490870AFF67851FC4800F0AFFCFB48D4
:101EC000F0F786FDFAA1F94800F0A8FCF748F0F712
:101ED0007FFDFB4800F010FB0120FA490870142038
:101EE000F94948730020F9490880EE490870F8491B
:101EF000087088E2F748007801281DD1AFF6C0517C
:101F0000EA4800F08BFCE948F0F762FDF2A1E748EF
:101F100000F084FCE548F0F75BFDF3A1E34800F036
:101F20007DFCE248F0F754FDF3A1E04800F076FCB8
:101F3000DE48F0F74DFD66E2F348007800287BD1DB
:101F4000F24800780128FAD1F9F718FBF8F726FAD9
:101F5000F8F724FAEE48006818B9EE48006800283F
:101F60006BD1F8F71BFAF8F719FAF8F717FAF8F740
:101F700015FA0020109081460F9045E01098022835
:101F800028D0E54810F809000CA901F80900E2483A
:101F900010F80900202804D0DF4810F809003A287A
:101FA00018D11098401CC0B210901098022811D17E
:101FB00009F1010000F0FF09CDF8449007E020216D
:101FC0000CAA119811541198401CC0B2119011988C
:101FD0000928F4DB1098022812D1CF4810F8090024
:101FE00020280CD00F98042809DACB4810F80920D3
:101FF0000F98411CC9B20F9109A90A5400E006E0EC
:1020000009F1010000F0FF09B9F10F0FB6DB00BFC5
:102010000CAAAFF6A461A54800F000FCBF48006818
:10202000BF49086020220721BE48EEF7E9F80020EA
:10203000BC498871032614E0B3E19CE1B84800680C
:102040000A21B0FBF1F201FB12003030B54988558E
:10205000B34800680A21B0FBF1F0B1490860701E76
:10206000C6B2AF4800680028E8D1AC48006810B993
:102070003020AC4908710F98002811DD00208DF840
:10208000290009AAAFF618718848093000F0C6FB8C
:10209000A44AAFF6247185480E3000F0BFFB05E07E
:1020A000A04AA1A18148093000F0B8FB7F48F0F7B1
:1020B00065FE9F4800689A490860202207219D48D4
:1020C000EEF79EF800209B498871032612E09448A1
:1020D00000680A21B0FBF1F201FB12003030954993
:1020E00088558F4800680A21B0FBF1F08C490860E0
:1020F000701EC6B28A4800680028E8D18D49894818
:10210000EEF7B5F810B18448807F18B100208A49F5
:10211000087002E00120884908707D4800680128A5
:1021200002D87C480068E8BBF8F738F9F8F736F9C8
:102130007948807F4B2806D0774A64327BA15B4880
:1021400000F06CFB05E0744A1E3278A1574800F09D
:1021500065FB5648F0F73CFC75480068704908601C
:10216000202207216F48EEF74BF800206D49887157
:10217000052612E06A4800680A21B0FBF1F201FB73
:102180001200303067498855654800680A21B0FB65
:10219000F1F063490860701EC6B26148006800280B
:1021A000E8D100E019E06248006810B930205D49CC
:1021B000887161480078012805D15A4A5FA13B48DF
:1021C00000F02CFB06E05C48007818B95E493748FF
:1021D00000F024FB3548F0F7FBFB4D48006802286F
:1021E00002D84C480068E8BBF8F7D8F8F8F7D6F8FA
:1021F000F8F7D4F8F8F7D2F84748807F4B280AD090
:10220000454AC83249A1294800F008FB4F480068F8
:102210004349086009E0404A643244A1234800F081
:10222000FDFA434800683E4908602048F0F7D0FBBB
:10223000202207213B48EDF7E3FF00203949887150
:10224000052614E0364800680A21B0FBF1F201FBD4
:102250001200303033498855314800680A21B0FBFC
:10226000F1F000E015E02E490860701EC6B22C485F
:1022700000680028E6D13548006810B930202949A7
:102280008871284A2DA1094800F0C8FA0748F0F7DC
:102290009FFBF8F783F8F8F781F8F8F77FF8F8F77D
:1022A0007DF855E0650800201B0100201320002068
:1022B00052555420434F4D504C4554454400000066
:1022C000FFFF0F00330700202DE80120A0070020AA
:1022D00074070020660800202057524F4E472052B6
:1022E0004F55544520000000504C45415345205364
:1022F000454C454354000000434F5252454354203F
:10230000524F55544500000064080020010600208B
:102310005C080020A40800206CF101206C0800205B
:102320003C01002098190020202020202573000067
:1023300070080020A21900201A010020202020206F
:1023400020202025734D0000401101087408002052
:10235000F8F724F8F8F70EF8F8F720F8F4F766FF26
:10236000F8F71CF8F8F71AF8F4F7C2FFF8F716F8C0
:10237000F8F700F847E04249424800F04FFA414878
:10238000F0F726FB40A13F4800F048FA3D48F0F73F
:102390001FFB3B493B4800F041FA3A48F0F718FB75
:1023A00031E03D480078012815D13549354800F025
:1023B00035FA3448F0F70CFB38A1324800F02EFA19
:1023C0003048F0F705FB39A12E4800F027FA2D48D8
:1023D000F0F7FEFA17E039480078A0B928492948F3
:1023E00000F01CFA2748F0F7F3FA35A1254800F071
:1023F00015FA2448F0F7ECFA2149224800F00EFAC9
:102400002048F0F7E5FAF1F79DF903E001203049A3
:10241000087000BF00BF2F480068052810D12E4863
:10242000007868B12D48007850B978202C49088090
:10243000084600882B49088001202849087009E0D7
:102440002548007830B12548007818B94FF4347029
:10245000234908801F48006801280DD100BF1420BF
:102460002149487300202149088021490870F0F76C
:1024700057FA01201F49087013B0BDE8F08F000023
:1024800040110108132000204E4F205354414E208C
:10249000464F554E440000006408002046494E4413
:1024A000494E204C4F4341544E00000020504C45B3
:1024B00041534520574149542000000001060020A7
:1024C0004E4F2047505320444154412020000000EB
:1024D0000801002010050020A80800203801002075
:1024E0002E0600202C0600202DE80120A007002049
:1024F000740700203307002010B50446C4EBC40461
:1025000001E0F3F781FF201EA4F10104F9D110BD11
:1025100010B55A48C07A072871D004DC012807D0CA
:1025200006286BD16DE008286AD01328F9D191E014
:1025300053480068032808D152480088022804DA6A
:1025400050480088401C4F4908804D4800680228C8
:1025500008D14C480088002804DD4A480088401E05
:102560004849088046480068042837D14548008813
:10257000C0B906204149C8720120434908700020B3
:102580004249088002203F490880002040490870E5
:10259000F0F7C6F900203F490870F1F769FA012009
:1025A0003D49087037480088012827D11320334956
:1025B000C872012034490870002034490880022084
:1025C00030490880002032490870F0F7A9F900204E
:1025D000304908700120304908700FE02848006831
:1025E00001280BD114202549487300202549088073
:1025F00001202A4908700020274908703CE038E093
:1026000018E027480078012802D1EFF733FB01E0FA
:10261000F6F71EFB1A48006801280AD11420174952
:10262000487300201749088001201C490870F0F702
:1026300077F921E01248006801280AD114200F49D7
:10264000487300200F490880012014490870F0F7F2
:1026500067F911E00A480068012807D114200749EA
:102660004873002007490880F0F75AF9F6F7CAFBCB
:1026700002E0F6F7BFFA00BF00BF10BD2DE8012051
:1026800010050020A0070020080100209C07002062
:102690007407002065080020840000203307002014
:1026A0008800002008B500200090012291036846B0
:1026B000F6F7B8FE9DF80000642802DD64208DF86E
:1026C00000009DF8000010490978884204D19DF867
:1026D00000000E49087012E00B4800780B490870A2
:1026E00008460078642801DD642008704FF48040BB
:1026F000F7F734F8012291030448F6F7CBFE0348BC
:10270000007800F06FF808BD4C0700204B07002050
:1027100070B506460C4615464FF400600A4908801D
:102720000220F6F709FD3046F6F706FD2046F6F7DB
:1027300003FD2846F6F700FDF6F71AFD4FF400609A
:102740000149891E088070BD1A1402401CB5012180
:102750006020F5F70DFF00208DF8060001208DF8B0
:1027600007008DF8040002208DF80500800300901A
:1027700069461A48F2F7F2F800208DF806000120A9
:102780008DF807008DF8040002208DF80500800206
:10279000009069461248F2F7E1F800208DF8060033
:1027A00001208DF807008DF8040002208DF8050047
:1027B0004002009069460A48F2F7D0F800208DF8F0
:1027C000040001208DF8070002208DF805000002AA
:1027D000009069460248F2F7C1F81CBD001802409B
:1027E0000014024010B504464FF400600A49088006
:1027F000C4F164008005000C642190FBF1F0C4B2C8
:10280000224621460B20FFF783FF4FF40060024968
:10281000891E088010BD00001A1402400FB4084B36
:1028200010B504A902AA039800F0F6F8044602A91C
:10283000002000F074FC204610BC5DF814FB000082
:102840001F31010800487047E8080020014800686F
:1028500070470000E808002002E008C8121F08C105
:10286000002AFAD170477047002001E001C1121F11
:10287000002AFBD170470000014908607047000042
:10288000E80800202DE9FF5F82B00021DDE9043077
:10289000020DDDF840B0034318D044F61050A2F208
:1028A000FF3242431514119801281FD0A5EB0B00ED
:1028B000401C5FEA000A4FF000064E4FDFF83891E7
:1028C000B046504615D5CAF1000413E01198012412
:1028D0004AA3012801D16FEA0B010298119AC0E9BD
:1028E0000031C0E9024206B0BDE8F09FCBF1000024
:1028F000DFE704460021404A491842EB0450CDE985
:10290000001012E0E00707D032463B4640464946F9
:10291000EDF766FE8046894632463B46104619462C
:10292000EDF75EFE06460F466410002CEAD1DDE9A5
:102930000401DDE90023BAF1000F06DAEDF750FEDD
:1029400042464B46EDF74CFE05E0EDF7BBFE424636
:102950004B46EDF7B7FE04460E460022284BEDF736
:10296000D3FF03D84FF0FF30014607E00022254B8C
:1029700020463146EDF78DFDEEF7F1F9102409E020
:10298000002C0ADB0A220023EEF71CF8039B3032EE
:102990001A55641E50EA0102F2D1641C039AC4F174
:1029A00011031444119A012A03D0012208430DD1C6
:1029B0000AE0084304D000204FF0110B119072E799
:1029C000A3EB0B056D1E0DE05B4504DD4FF000022F
:1029D00005F1010504E003DA4FF00002A5F101055D
:1029E000002AECD002981199C0E90231C0E90045F3
:1029F00079E70000000014400000F03F30000000C4
:102A00000000F0430000E03F30380A2801D20120E6
:102A100070470020704700002DE9FF4F95B09A469F
:102A2000884606460025EEE1252877D10024274672
:102A3000F94A0121039400E0044316F8013F203BCA
:102A400001FA03F01042F7D130782A2811D06FF044
:102A50002F033078A0F13002092A16D8039A44F0E7
:102A6000020402EB820203EB42021044761C039044
:102A7000EFE758F8042B0392002A03DA504244F49B
:102A80000054039044F00204761C30782E2816D1AE
:102A900016F8010F44F004042A280DD06FF02F021D
:102AA0003078A0F13003092B09D807EB870302EB3C
:102AB0004303C718761CF3E758F8047B761C30787C
:102AC0006C280FD006DC4C2817D068280DD06A2857
:102AD00014D104E0742810D07A280FD10DE044F40A
:102AE00000140AE044F4801401E044F440147278C5
:102AF000824202D104F58014761C761C3078662858
:102B00000BD013DC582877D009DC002875D0452875
:102B1000F6D04628F4D047281AD193E118E063286C
:102B200035D0642879D0652812D18BE1702873D014
:102B300008DC6728F1D069286FD06E280DD06F2887
:102B400006D1ACE073282CD0752874D0782853D0E7
:102B50005246179990476D1C54E1C4F30250022865
:102B600009D003280DD0D8F8001004280DD00D602E
:102B700008F1040846E1D8F80010EA17C1E900524C
:102B8000F6E7D8F800100D80F2E70D70F0E718F8BE
:102B9000041B8DF8001000208DF80100EB46012089
:102BA00003E058F804BB4FF0FF3061074FF000011D
:102BB00002D40DE009F101018946B9420FDA8145DD
:102BC000F8DB1BF809100029F4D108E009F1010134
:102BD00089468142FADB1BF809100029F6D10398D7
:102BE0005346A0EB090721463846179A00F080FAB1
:102BF000284400EB090507E044E008E10DE01BF87C
:102C0000010B524617999047B9F10109F7D2534683
:102C100021463846179AF2E039E00A21C4F30252FD
:102C20004FF0000B0091022A06D058F8040BC11790
:102C3000032A09D00AE023E008F1070020F0070288
:102C4000F2E80201904605E000B2C117042A01D162
:102C500040B2C117002906DA0A460021404261EB62
:102C600002012D2202E0220504D52B228DF804203A
:102C7000012203E0E20701D02022F7E7914657E066
:102C80000A2100E010214FF0000B00910BE0102111
:102C90004FF0000B44F004040827009103E00820E3
:102CA0004FF0000B0090C4F30252022A05D058F8EE
:102CB000040B0021032A08D008E008F1070020F0E7
:102CC0000702F2E80201904603E080B2042A00D134
:102CD000C0B24FF0000922072AD53278702A07D0F7
:102CE000DDF800C08CF0100C5CEA0B0C05D00EE097
:102CF00040228DF80420012208E050EA010306D0AA
:102D000030238DF804308DF8052002229146009B77
:102D100083F0080353EA0B030AD150EA010201D100
:102D2000620705D530228DF804204FF001097F1E7F
:102D30003278582A04D039A20C920CAA02920BE0E5
:102D40003BA2F9E75B46009AEDF73CFE0C9B9B5CCF
:102D5000029A521E0292137050EA0102F2D10298B6
:102D600004A9081A00F1200B600702D524F480346E
:102D700000E001275F4502DDA7EB0B0000E000202B
:102D800000EB0B01009003984944401A0390E003C4
:102D900006D453462146179A039800F0A9F9054432
:102DA000002706E001A85246C05D179990476D1CA8
:102DB0007F1C4F45F6DBE0030CD553462146179A9E
:102DC000039800F095F9054404E030205246179925
:102DD00090476D1C0099481E00900029F5DC08E022
:102DE0000298029952460078491C0291179990471F
:102DF0006D1CBBF10001ABF1010BF1DC5BE100F0FC
:102E000065F90544761C307800287FF40DAE19B0C2
:102E10002846BDE8F08F0000092801003031323328
:102E20003435363738396162636465660000000006
:102E300030313233343536373839414243444546F0
:102E400000000000600700D4062708F1070020F00A
:102E50000700F0E80223804603F0004C5FEA0C0014
:102E600001D097A009E0200501D596A005E0E00774
:102E700001D095A001E0AFF24C001390307823F020
:102E8000004365280CD006DC452809D046281DD013
:102E900047287FD13BE0662818D067287AD136E0F2
:102EA0000021112F01DB112000E0781CCDE9000189
:102EB00004A90CA8FFF7E6FCDDE90D010C9A4FF020
:102EC000000B07F10109109200914EE04FF0004015
:102ED0000097CDE9011004A90CA8FFF7D3FCDDE9A8
:102EE0000D020C9B0F994FF0000B9146109300922E
:102EF00011B9791C00EB0109B7EB090003D4C0F14B
:102F0000FF3B07F10109A9EB0700019042E0012F07
:102F100000DA01270021112F01DD112000E03846E1
:102F2000CDE9000104A90CA8FFF7ACFCDDE90D0117
:102F30000C9A00914FF0000BB946109221070FD464
:102F4000009A4A4503DA914601E0A9F10109B9F175
:102F5000010F05DD109AA9F10101515C3029F4D06F
:102F6000B84202DA10F1040F03DA0121CDE90110B1
:102F700010E0002803DC8344A9EB000102E0411CBF
:102F8000494500DD8946A0EB0B00401C01904FF045
:102F900000400290200705D40198484502DB4FF01D
:102FA000FF30019000208DF84B0002980DF14B0787
:102FB000B0F1004F25D002200C902B200D900298EC
:102FC00000280CDA404202902D200D9007E00A21E3
:102FD0000298EDF7E1FC3031029007F8011D0C99E1
:102FE000481E0C900029F2DC02980028EFD1791ECF
:102FF0000D980870307800F0200040F0450007F888
:10300000020D11A8C01BC01D02901398007800B1DA
:10301000012000EB0901019801EBE07102980144E5
:103020000398401A401E0390E00306D453462146FD
:10303000179A039800F05CF805441398007818B1CB
:103040005246179990476D1CE00323D553462146FD
:10305000179A039800F04CF805441BE0BBF1000FF1
:1030600007DB0098584504DD1098179910F80B00FD
:1030700001E0179930205246904701980BF1010B5F
:10308000401E05F10105019004D12E2052461799EA
:1030900090476D1CB9F10001A9F10109DEDC05E0E2
:1030A00017F8010B5246179990476D1C0299481E5C
:1030B00002900029F4DC53462146179A03989EE6B5
:1030C0002D0000002B000000200000002DE9F04141
:1030D000044600251E461746880404D405E03946F8
:1030E0002020B0476D1C641EF9D52846BDE8F0814C
:1030F0002DE9F041044600251E469046C80301D53F
:10310000302700E02027880404D505E041463846F2
:10311000B0476D1C641EF9D52846BDE8F0810A68E9
:10312000531C0B60107070472DE9F04F91B00446AE
:103130000D4692469B4600BF2046294600F00EFEF3
:10314000CDE90E01F3F760F9DDE91A0100F006FEA2
:10315000CDE90C01F3F758F95046594600F0FEFD51
:10316000CDE90A01F3F750F9DDE91C0100F0F6FDA5
:10317000CDE90801F3F748F90CA80FC8EDF72AFAD2
:103180004FF066321F4BCDE90201EDF729FA0646F2
:103190000F4608A80FC8EDF71DFA00221A4BCDE91B
:1031A0000201EDF71DFA8046894642464B464046ED
:1031B0004946EDF715FA32463B46CDE90201304665
:1031C0003946EDF70DFACDE90001DDE90223EDF70F
:1031D00060F9CDE90601F3F717F9DDE9060103F01F
:1031E000A3FDCDE90401F3F70FF90022074BDDE958
:1031F0000401EDF7F5F9064A03C2054903C911B008
:10320000BDE8F08F6646514000804A4000F09C4087
:103210005008002030B583B00446FFF717FB054681
:103220000020CDE90000024621466846EDF747FC44
:103230002846FFF721FBDDE9000103B030BD70B582
:103240000446204600F0C4FB05460DB1284670BD7B
:103250002146012001F036FE05462846F7E70146E3
:103260000020704710B508224FF44051B548F6F7DA
:10327000D9F80A20B4490870B4480068022813D16C
:103280000020B3490870B3480078002804DDB14835
:103290000078401EAF490870AE480078012802DA75
:1032A0000020AC490870F7E0A8480068032815D151
:1032B0000020A7490870A7480078A34909788842E8
:1032C00004DAA4480078401CA2490870A14800789C
:1032D0000928E8DD00209F490870DDE09B48006870
:1032E000042862D19B4800783030C1B29A480278F5
:1032F0000078401C984B1870984881549848007882
:10330000032805DA96480078401C9549087002E0C9
:1033100000209349087090480078082802DD0820B2
:103320008D4908708C480078012804D189480078BC
:1033300030308C49087088480078022804D18548CC
:10334000007830308849087083480078032804D119
:10335000804800783030854908707F48007804281C
:1033600004D17C4800783030814908707A48007870
:10337000052804D17748007830307E4908707648B7
:103380000078062804D17348007830307A490870F4
:1033900071480078072804D16E48007830307749AA
:1033A000087000206B49087076E0684800680528BE
:1033B0003CD169480078082813D14FF44050F6F703
:1033C000CDF908224FF440516448F6F763F808221B
:1033D0004FF440515B48F6F725F801205C4908702E
:1033E0005AE05E480021016041601420644948733E
:1033F00000206449088064490870EFF791FA0120C1
:103400006249087058206249087056490870564948
:103410000870564908705649087056490870564950
:103420000870564908705B49087035E047480068E5
:10343000012831D148480078082803D101204449A7
:10344000087002E000204449087014204C49487379
:1034500000204C4908803F490870EFF761FA0120CD
:103460004A49087000203C4908703C48002101602E
:1034700041605820464908703A4908703A49087036
:103480003A4908703A4908703A4908703A49087050
:103490003A4908703F4908702F48007840B92B48D6
:1034A0000068012804D02B48007830303849087073
:1034B00029480078012804D126480078303029496D
:1034C000087025480078022804D12248007830305E
:1034D0002549087020480078032804D11D48007849
:1034E0003030224908701C480078042804D119485B
:1034F000007830301E49087017480078052804D13C
:103500001448007830301B490870134800780628AA
:1035100004D1104800783030174908700E48007800
:10352000072804D10B4800783030144908700A4845
:103530000078082804D10748007830301549087011
:1035400010BD0000A5070020A208002010050020E3
:10355000AF07002022010020AE0700206C070020EA
:10356000480700202401002025010020260100201A
:103570002701002028010020290100202A01002025
:103580002DE80120A0070020740700203307002049
:10359000230100202B01002070B504460D46607801
:1035A00001232A4604F1300100F0C0FE08B10320D7
:1035B00070BD94F82E1294F82F0241EA00204AF6CA
:1035C0005521884201D00220F2E794F869000106F3
:1035D00094F8680041EA004194F8670041EA00204D
:1035E00094F86610084320F07F400E49884201D1CC
:1035F0000020DDE794F88500010694F8840041EA94
:10360000004194F8830041EA002094F882100843B6
:1036100020F07F400349884201D10020C8E7012003
:10362000C6E7000046415400024600E0521C1078F4
:1036300010B110788842F9D1107870472DE9F74F12
:1036400082B00298D0F800B09BF80000A0F13009D9
:10365000B9F1090F09D89BF801003A2805D10BF1FF
:10366000020B0298C0F800B001E04FF00009B9F178
:10367000000F03D00B2005B0BDE8F08FA54850F82F
:103680002940039804600CB90C20F4E7207878B145
:10369000607800F083FE804608F0010040B904988D
:1036A00020B108F0040008B10A20E4E70020E2E7B6
:1036B0000020207084F80190607800F0F3FD8046CF
:1036C00008F0010008B10320D5E7049820B108F004
:1036D000040008B10A20CEE74FF0000A5146204608
:1036E000FFF75AFF0546012D13D104F5F777387916
:1036F00078B1F87A0106B87A41EA0041787A41EA6D
:103700000020397A40EA010A51462046FFF744FF7B
:103710000546032D01D10120ADE745B93B20015DF0
:1037200094F83C0041EA0020B0F5007F01D00D2064
:10373000A1E74620015D94F8470041EA002676B9EA
:1037400094F85700010694F8560041EA004194F8B5
:10375000550041EA002094F8541040EA0106A661A1
:103760004020005DE070E07846433E20015D94F823
:103770003F0041EA0020504420623D20005DA070DF
:103780004120015D94F8420041EA0020208143205D
:10379000015D94F8440041EA00200190019870B95D
:1037A00094F85300010694F8520041EA004194F85D
:1037B000510041EA002094F85010084301903E2047
:1037C000015D94F83F0041EA00210198401A801BF6
:1037D0002189A0EB1110A178B0FBF1F0801C0090C2
:1037E000E061012540F6F7710098884200D3022578
:1037F0004FF6F7710098884200D30325032D0FD1AF
:1038000094F85F00010694F85E0041EA004194F8E4
:103810005D0041EA002094F85C100843606202E019
:10382000206A30446062206A3044218900EB111024
:10383000A0624FF0FF30206100202071032D5CD189
:10384000607194F8601094F8610041EA00205044DF
:1038500060616078012304F13001626900F066FD67
:10386000F0BB94F82E1294F82F0241EA00204AF699
:103870005521884241D13320005D01063220005D90
:1038800041EA00413120005D41EA002094F8301007
:1038900008432149884230D194F81702010694F870
:1038A000160241EA004194F8150241EA002094F81A
:1038B00014120843194988421FD194F81F020106C7
:1038C00094F81E0241EA004194F81D0241EA0020EA
:1038D00094F81C120843E06094F81B02010600E013
:1038E0000BE094F81A0241EA004194F8190241EA07
:1038F000002094F818120843206125700020E0622F
:1039000007480088401C80B205490880E0800020FC
:10391000B1E600009404002052526141727241618C
:10392000980400200246891ED069801E884201D872
:10393000002070479378906A01FB0300F9E70000CC
:103940002DE9F04705460C46207800F0BF00401EE8
:1039500000EB800101EBC00600274FF0010800BF1B
:103960001A48C05D205C1949C95D2144497840EA84
:103970000129B8F1000F10D0484601F087FA8046BF
:10398000FF2E07DA3146761C35F8110001F07EFA79
:10399000404508D00020BDE8F0874FF6FF70814514
:1039A00001D00020F7E7781C07460D28D8DB2078E7
:1039B00000F0400038B1B8F1000F04D035F816001F
:1039C00008B10020E7E70120E5E700000435020820
:1039D00030B585B00346002105E0585C2E2800D1A3
:1039E00003E0481CC1B20C29F7DB00BF082902DD47
:1039F000012005B030BD002204E0985C0DF8020003
:103A0000501CC2B28A42F8DB0A4604E020200DF8BE
:103A10000200501CC2B2072AF8DD481CC1B20822BD
:103A200013E0585C30B108464C1CE1B2185C0DF84C
:103A3000020008E005E020251046541CE2B20DF813
:103A400000500B2AF7DB501CC2B20B2AE9DB002125
:103A50000FE01DF80100612809DB1DF801007A283C
:103A600005DC1DF801002038C0B20DF80100481C2B
:103A7000C1B20B29EDDB002104E01DF80100585410
:103A8000481CC1B20B29F8DB0020B2E72DE9F04752
:103A900005468846D5F81C90B8F1000F05D1EE68B0
:103AA0000EB14E4510D301260EE04146284601F0E6
:103AB000F5FB0746022F02D20120BDE8F0874F45F3
:103AC00001D23846F9E74646344600BF641C4C45EF
:103AD00004D30224B44201D90020EEE7214628464F
:103AE00001F0DCFB074607B909E0781C08B1012F9B
:103AF00001D13846E1E7B442E8D10020DDE700BF5C
:103B00006FF070422146284602F028FE10B14FF0B7
:103B1000FF30D2E7B8F1000F08D0224641462846D0
:103B200002F01CFE10B14FF0FF30C6E7EC602869D0
:103B3000401C20B12869401E286101206871204680
:103B4000BBE700002DE9F34F83B081460020054616
:103B50000746049800680190D9F81CA000BF3846B9
:103B60007F1C01990C5C202C03DB2F2C01D05C2CDA
:103B700000D11CE0FF2D03DB062005B0BDE8F08F6F
:103B8000E4B20121204601F05BF904460CB906209D
:103B9000F3E7802C06DA21466AA0FFF745FD08B15D
:103BA0000620EAE728466D1C2AF81040D7E700BF38
:103BB0000198C11904980160202C01DA042000E06A
:103BC0000020064608E0681E3AF81040202C02D07B
:103BD0002E2C00D002E06D1E002DF4D100BF0DB9D7
:103BE0000620CAE700202AF815000B222021D9F868
:103BF000180002F085FC002700E07F1C3AF817004F
:103C00002028FAD03AF817002E28F6D00FB146F047
:103C1000030600E06D1E25B1681E3AF810002E283C
:103C2000F8D14FF00008CDF808804FF0080B00BF26
:103C300038467F1C3AF8104004B954E0202C03D0D9
:103C40002E2C04D1AF4202D046F00306F0E70298D2
:103C5000584501DAAF4216D1BBF10B0F02D146F045
:103C6000030640E0AF4201D046F00306AF4200DD5C
:103C700039E02F46082002904FF00B0B4FEA886086
:103C80004FEA1068D4E7802C0BDB0021204601F0BE
:103C9000D7F804461CB1A4F180002D490C5C46F015
:103CA000020600BF24B121462AA0FFF7BDFC18B1CF
:103CB0005F2446F003060FE0412C04DB5A2C02DCA3
:103CC00048F0020808E0612C06DB7A2C04DC48F09E
:103CD0000108A4F1200084B2D9F818300298411CE0
:103CE00002911C54A4E700BFD9F818000078E52819
:103CF00003D10520D9F818100870BBF1080F03D1C3
:103D00004FEA88604FEA106808F00C000C2803D0D6
:103D100008F00300032801D146F0020606F0020075
:103D200058B908F00300012801D146F0100608F048
:103D30000C00042801D146F00806D9F81800C67214
:103D400000201AE7222A3A3C3E3F7C7F0000000018
:103D5000113502082B2C3B5B3D5D00002DE9FC5F1B
:103D600004460D4620462946ECF78AFD6421B0FB47
:103D7000F1FA64200AFB00FB5846ECF728FD804668
:103D800022462B46ECF729FC06460F4600220A4B3A
:103D900030463946ECF796FC06460F465046ECF79F
:103DA00016FD804632463B46ECF773FBCDE9000139
:103DB000DDE90001BDE8FC9F00004E4000BF011E90
:103DC000A0F10100FBD170472DE9F0470446002126
:103DD000204600F018FA074617B13846BDE8F087CC
:103DE0004FF0FF09CA4600BF2169206802F092FB2C
:103DF000074607B154E065692E780EB904274FE0F5
:103E0000E87A00F03F08E52E05D008F0080028B158
:103E1000B8F10F0F02D04FF0FF093AE0B8F10F0FE1
:103E20001CD1E069A0B306F0400030B195F80DA0B8
:103E300006F0BF06B146E08820844E450AD1687B73
:103E4000504507D12946E069FFF77AFD10B1A9F185
:103E5000010000E0FF2000F0FF091AE0B9F1000FB7
:103E600005D1284603F036F8504500D118E04FF050
:103E7000FF094FF6FF702084A069C07A00F00100AE
:103E800030B90B222846A16902F01AFB00B907E0FD
:103E9000FFE70021204600F006F80746002FA3D0D8
:103EA00000BF38469AE72DE9F04104468846E0888D
:103EB000401C86B20EB1206910B90420BDE8F08123
:103EC00006F00F0000286FD12069401C2061E068D7
:103ED00028B920680089B04266DC0420EEE720683B
:103EE0008078401E00EA161000285DD1E168206845
:103EF00001F0D4F90546012D01D80220DEE7681C47
:103F000008B90120DAE72068C069A84246D8B8F1AC
:103F1000000F01D10420D1E7E1682068FFF7B6FD6A
:103F200005460DB90720C9E7012D01D10220C5E7DB
:103F3000681C08B90120C1E70021206802F0EAFAF4
:103F400008B10120BAE7216801F130004FF4007296
:103F5000002102F0D5FA29462068FFF7E3FC21682A
:103F6000C862002710E00120216808710021206844
:103F700002F0D0FA08B10120A0E72068C06A401C16
:103F80002168C862781CC7B220688078B842EADC31
:103F90002068C06AC01B2168C86200BFE56029466E
:103FA0002068FFF7BFFC2061E6802068303006F013
:103FB0000F0100EB4110606100207FE72DE9F04721
:103FC00004464FF0FF09CA4604274CE021692068E7
:103FD00002F0A0FA074607B148E0666935780DB9E6
:103FE000042743E0F07A00F03F08E52D07D02E2D9E
:103FF00005D008F0080028B1B8F10F0F02D04FF03B
:10400000FF0929E0B8F10F0F1AD105F0400030B1D7
:1040100096F80DA005F0BF05A946E08820844D451F
:104020000AD1707B504507D13146E06902F0D4FADD
:1040300010B1A9F1010000E0FF2000F0FF090BE042
:10404000B9F1000F04D1304602F044FF504502D0D0
:104050004FF6FF70208409E000212046FFF723FF80
:10406000074607B102E020690028AFD100BF0FB1B9
:10407000002020613846BDE8F0872DE9F04F85B07B
:104080000446D4F81880D4F81CB00C22414601A88C
:1040900002F029FA00BF9DF80F0000F0010030B3D4
:1040A000002088F80B00E06101270DE03B465A46EE
:1040B00001A9404601F045F82046FFF785FE054678
:1040C00005B103E0781C87B2642FEFDB00BF642FDB
:1040D00003D1072005B0BDE8F08F042D01D028469C
:1040E000F8E79DF80F0088F80B00C4F81CB09DF8A5
:1040F0000F0000F0020070B1002601E0701C86B2D3
:104100003BF816000028F9D106F119000D2190FBAB
:10411000F1F086B200E001260021204600F073F89D
:1041200005460DB12846D5E700200746049000BF9C
:104130002169206802F0EEF9054605B119E06069D1
:1041400090F80090B9F1E50F02D0B9F1000F08D155
:104150000FB9E0880490781C80B20746B04201D1C4
:1041600007E0002701212046FFF79DFE0546002DB0
:10417000DED000BF4DBB012E27DD2046049900F0A4
:1041800042F805460DBBA06902F0A4FE0090701E27
:1041900086B200BF2169206802F0BCF9054605B16E
:1041A00012E0F2B26169E069009B00F01FFF01209C
:1041B0002168087100212046FFF775FE05461DB9EC
:1041C000701E80B2061EE5D100BFD5B921692068F6
:1041D00002F0A0F90546A5B9D4F814A020220021C8
:1041E000504602F08DF90B225046A16902F07BF98E
:1041F000A069C07A00F018008AF80C00012021683C
:104200000871284666E72DE9F04104460E46E6802F
:10421000A568012D03D02068C069A84202D80220F9
:10422000BDE8F0812DB920680078032801D120680D
:10423000456A65B9E56020680089B04201DC02206A
:10424000EEE72068406A00EB1610206120E020684D
:104250008078070112E02946206801F01FF8054622
:10426000681C08B90120DBE7022D03D32068C06970
:10427000A84201D80220D3E7F01B86B2BE42EADA98
:10428000E56029462068FFF74DFB00EB1610206122
:104290002068303006F00F0100EB41106061002013
:1042A000BEE7000010B504460648F2F789F828B1C9
:1042B0000548007820F001000349087002480078A2
:1042C00010BD0000EC0800209104002010B503464A
:1042D00000240BB1042010BD01241248007800F026
:1042E000010008B10320F6E731B1012906D0022907
:1042F00009D0032910D10BE000240FE00A48006820
:10430000106000240AE04FF400701080002405E0E3
:104310004FF40070106001E0042400BF00BF20468D
:10432000D9E7000091040020F47600202DE9F04147
:1043300004460F4690461D46002604B915B90420D0
:10434000BDE8F0811248007800F0010008B10320B8
:10435000F6E71048F2F734F8A0B100BF4FF400734D
:10436000424639460B48F9F715FA06460A49094804
:10437000F8F770FF0748F2F723F808B90120DFE7E4
:10438000032EEBD00EB90020DAE70120D8E70000B9
:1043900091040020EC0800209C0D0020014609B18A
:1043A0000120704701480078FBE7000091040020DD
:1043B0002DE9F04104460F4690461D46002604B9FB
:1043C00015B90420BDE8F0811548007800F001001F
:1043D00008B10320F6E71248007800F0040008B1A5
:1043E0000220EFE70F48F1F7EBFFA0B100BF4FF459
:1043F0000073424639460B48F9F782FB06460A49E4
:104400000848F8F727FF0748F1F7DAFF08B9012055
:10441000D8E7032EEBD00EB90020D3E70120D1E777
:1044200091040020EC0800209C0D002010B54620CF
:1044300001F052F8002001F079F8002001F076F840
:1044400020A12448FEF7EAF92248EEF7C1FA2249F2
:104450002048FEF7E3F91F48EEF7DCFE19A11D48DE
:10446000FEF7DCF91B48EEF7B3FA1C491948FEF7D2
:10447000D5F91848EEF7CEFE12A11648FEF7CEF990
:104480001448EEF7A5FA16491248FEF7C7F9114885
:10449000EEF7C0FE0BA10F48FEF7C0F90D48EEF78E
:1044A00097FA08A10B48FEF7B9F90A48EEF790FA17
:1044B0000CA10848FEF7B2F90648EEF7ABFEEFF79D
:1044C00041F910BD20202020202020202020202065
:1044D000200000001320002094200408202004085D
:1044E000DC1F040820202020205052455353204533
:1044F0004E54455220544F20434F4E54494E55453B
:10450000202020202000000070B50446204600F046
:104510001FFB05460DB900202060284670BD2DE91F
:10452000F04704460E46A188206802F00BFE824642
:10453000BAF1000F02D05046BDE8F087A07900F034
:10454000800008B10220F7E7E068B04204D2A07909
:1045500000F0020000B9E668D4F808904FF00008B7
:10456000C4F80880FF20E071002E7DD0206880789C
:104570004702B9F1000F11D0701EB0FBF7F1A9F19D
:104580000100B0FBF7F0814208D3A9F10100791EC8
:104590008843A060A068361A656918E02569ADB93E
:1045A00000212068FFF772FA0546012D05D1A07998
:1045B00040F08000A0710220BEE7681C28B9A079F5
:1045C00040F08000A0710120B6E725616561002DF3
:1045D0004AD029E0A07900F0020038B129462068CD
:1045E000FFF754FA054635B93E461FE029462068D4
:1045F00000F054FE0546681C28B9A07940F0800000
:10460000A071012098E7012D03D92068C069A84254
:1046100005D8A07940F08000A07102208CE7656188
:10462000A0683844A060F61BBE42D3D800BFA06883
:104630003044A060C6F34720E071C6F3080068B1BB
:1046400029462068FFF76EF98046B8F1000F06D1C1
:10465000A07940F08000A07102206DE704E0E079CD
:104660008044E079401CE0712089C0F3080050B319
:10467000A069404527D0A07900F0400090B12168A2
:104680004878012304F12401A269FFF791FE28B1C3
:10469000A07940F08000A07101204DE7A07920F0C2
:1046A0004000A071216848780123424604F12401AA
:1046B000FFF73CFE28B1A07940F08000A0710120F6
:1046C0003AE7C4F81880D4E90201884205D9A06805
:1046D000E060A07940F02000A07150462CE7000077
:1046E0000246012A01DB0B207047074850F82230B0
:1046F0000BB10020187009B100200870024840F882
:1047000022100020F0E70000940400202DE9F74774
:104710008DB005461646DFF88CA10020286006F013
:104720001F0606F01E0204A90EA8FEF787FF074623
:104730001FB1384610B0BDE8F08701A80A90CDF847
:104740002CA004A80E9900F091FC074606F01C006E
:10475000002868D067B1042F03D104A8FFF78DFCAF
:1047600007460FB13846E5E746F00806099C41E0E8
:1047700006F0040008B10820DCE7099C1CB1E07ACF
:1047800000F0110008B10720D4E706F0080080B35C
:10479000A17EE07E41EA0021227D607D42EA002088
:1047A00041EA00490020207500216175A076E1767C
:1047B00020776177A177E177012004990871049847
:1047C000D0F82C80B9F1000F0BD04946049802F0C4
:1047D000FBF807460FB13846ACE7A9F10100049990
:1047E000C8604146049801F095FE07460FB138466F
:1047F000A0E7FFE706F00800A0B10020E07200F09B
:10480000D6FD804684F80E804FEA1821E1734FEA06
:10481000184121744FEA18616174012004990871EC
:1048200046F0200613E00FB1384683E7099C1CB11F
:10483000E07A00F0100008B104207BE706F00200E7
:1048400028B1E07A00F0010008B1072072E704986F
:10485000C06AE86109982862AE71A17EE07E41EAF3
:104860000021227D607D42EA002041EA004028616B
:10487000E07F0106A07F41EA0041607F41EA00201D
:10488000217F08430849E86008600020A860FF20F5
:10489000E8710020A861049828600498C088A88066
:1048A000002047E74E7D0020F4030020F3B583B0DD
:1048B0000446194F0022214604A8FEF7BFFE064613
:1048C0003EBBC4F818D0E7612046049900F0CEFB47
:1048D0000646DEB9656985B1E87A00F0100058B186
:1048E000A97EE87E41EA00212A7D687D42EA002017
:1048F00041EA0040A06000E005263EB92068C0887B
:10490000A08000212046FFF77EFC0646042E00D141
:104910000526304605B0F0BD4E7D00202DE9FF4F45
:1049200083B0044615469946DDF810A00020C9F86A
:104930000000A188206802F005FC0290029818B1DE
:10494000029807B0BDE8F08FA07900F0800008B1B0
:104950000220F6E7A07900F0010008B90720F0E78F
:10496000D4E90210401A01900198854200D9019DB6
:10497000B8E02089C0F3080000287BD1E0792168E5
:10498000897888421EDBA06808B9206903E0616964
:10499000206800F083FC8346BBF1010F05D8A079A5
:1049A00040F08000A0710220CBE70BF1010028B994
:1049B000A07940F08000A0710120C2E7C4F814B0D3
:1049C0000020E07161692068FEF7ACFF06462EB951
:1049D000A07940F08000A0710220B2E7E07906449F
:1049E0004FEA5528B8F1000F31D0E07940442168F2
:1049F0008978884204D920688078E179A0EB0108A1
:104A000008F0FF032168487832465146FFF78EFCD4
:104A100028B1A07940F08000A071012091E7A07931
:104A200000F0400068B1A069801B404509D2A1692F
:104A3000891B0AEB41204FF4007204F1240101F0BC
:104A400052FDE0794044E0714FEA482740E0A07908
:104A500000F0400098B121684878012304F1240156
:104A6000A269FFF7A5FC30B1A07940F08000A071E9
:104A7000012066E719E0A07920F04000A071A0694C
:104A8000B0420ED0216848780123324604F1240157
:104A9000FFF74CFC28B1A07940F08000A071012004
:104AA0004FE7A661E079401CE0712089C0F308005F
:104AB000C0F50077AF4200D92F462089C0F3080225
:104AC00004F1240011183A46504601F00CFD00BFD5
:104AD000BA44A0683844A060D9F800003844C9F846
:104AE0000000ED1B002D7FF444AF002029E70000FB
:104AF000FEB504460E46154FA188206802F022FB41
:104B000005460DBBC4F818D0E7612EB90021204638
:104B1000FFF779FB054617E02046FFF74FFA0546F9
:104B2000042D02D10020206100256DB931462046B8
:104B300000F03FFC00212046FFF7B5F90546042DA3
:104B400002D10020206100252846FEBD4E7D0020B8
:104B50002DE9F0410446A188206802F0F3FA0746E7
:104B6000002F4FD1A07900F0200000284AD0A07972
:104B700000F0400078B121684878012304F1240155
:104B8000A269FFF715FC10B10120BDE8F081A07902
:104B900020F04000A071E169206801F0BBFC0746ED
:104BA000002F2FD1256AE87A40F02000E872207BA0
:104BB0002877A089010A6977E068010CA977E06885
:104BC000010EE977207CA876208A010AE97620691F
:104BD000000C28752069010E697500F0E8FB064697
:104BE000AE75310AE975310C2976310E6976A079F6
:104BF00020F02000A071012021680871206802F0D7
:104C00007EF907463846C0E72DE9FF4F83B00446DA
:104C100016469B46DDF810A00020CBF80000A188C6
:104C2000206802F08FFA0290029818B1029807B03B
:104C3000BDE8F08FA07900F0800008B10220F6E70F
:104C4000A07900F0020008B90720F0E7E0683044DE
:104C5000E168884200D20026E1E02089C0F3080024
:104C600000287AD1E0792168897888422CDBA06815
:104C700058B9D4F81090B9F1000F0BD10021206879
:104C8000FEF704FF8146206104E061692068FEF7B9
:104C9000FDFE8146B9F1000F00D1C3E0B9F1010F6B
:104CA00005D1A07940F08000A0710220BFE709F192
:104CB000010028B9A07940F08000A0710120B6E77A
:104CC000C4F814900020E071A07900F0400090B189
:104CD00021684878012304F12401A269FFF768FBE9
:104CE00028B1A07940F08000A07101209FE7A07951
:104CF00020F04000A07161692068FEF713FE0546B0
:104D00002DB9A07940F08000A07102208FE7E079F2
:104D100005444FEA5628B8F1000F45D0E0794044E9
:104D200021688978884204D920688078E179A0EBED
:104D30000108CDF800A00020019016E008F0FF0364
:104D4000216848782A465146FFF732FB30B1A079F6
:104D500040F08000A071012069E73FE00AF5007A89
:104D60006D1C0198401CC0B20190206881780198A8
:104D70008142E3DCDDF800A0A069401B40450DD274
:104D8000A069401B0AEB40214FF4007204F124009B
:104D900001F0A9FBA07920F04000A071E079404427
:104DA000E0714FEA482730E0A069A84212D0D4E968
:104DB000020188420ED22168487801232A4604F174
:104DC0002401FFF7B3FA28B1A07940F08000A07168
:104DD00001202CE7A561E079401CE0712089C0F337
:104DE0000800C0F50077B74200D937462189C1F3E2
:104DF000080204F1240150183A46514601F073FBB1
:104E0000A07940F04000A07100BFBA44A0683844C7
:104E1000A060DBF800003844CBF80000F61B002E41
:104E20007FF41BAF00BFD4E90201884201D9A0681A
:104E3000E060A07940F02000A0710020F7E60000BB
:104E400010B50246802A01DA10461BE051B1FF2A54
:104E500001DD002304E0A2F180030B4C34F8133091
:104E600018460FE0002007E0074B33F8103093425C
:104E700000D103E0431C98B28028F5DB00BF00F1AD
:104E80008003D8B210BD0000423002080246002163
:104E900000E0491C094830F8110020B1074830F8FB
:104EA00011009042F5D1054830F8110018B10448BE
:104EB00030F8110070471046FCE70000423102084C
:104EC000223302082DE9FC4180460F4600260020CF
:104ED00040490880032048800220888008460168F5
:104EE00000918088ADF8040001233B48019AEFF758
:104EF00083FA0320054669E0022462E035484580D4
:104F00008480701C86B23348016800918088ADF8B7
:104F1000040001233048019AEFF76EFA2E480F3053
:104F2000EFF7C2F82D48007838B12C480078FF28F8
:104F300003D02A4800787B281FDD294800682046D6
:104F400004EBD0714910A4EB410119B901202549A6
:104F5000087002E0212023490870304606EBD0712A
:104F60004A10E91EC1EB411104EB41011E31891ABF
:104F70001D4A11800020BDE8FC8139461748EBF737
:104F800076F9E0B9204604EBD0714910A4EB410159
:104F900019B901201349087002E021201149087055
:104FA000304606EBD0714A10E91EC1EB411104EB0B
:104FB00041011E31891A0C4A11800120DBE7601C77
:104FC000C4B2402C9ADB681C80B20546202D93DDCC
:104FD00000BFD0E7A80500206892002044C101204E
:104FE000940500205005002068050020F0B5044617
:104FF0001D464D730F27CF7200270F738F76BC4667
:1050000081F81BC0571E07EB870C0CEBC706002767
:1050100038463B4600BF4FF6FF77B84203D03746CD
:10502000761C34F81700DFF840C01CF803C001F804
:105030000C000712DFF830C01CF803C08C448CF859
:10504000017008B94FF6FF705F1C3B460D2FE2DB85
:105050004FF6FF77B84202D034F816700FB942F01D
:1050600040020A70F0BD0000043502082DE9F3414A
:10507000044600BF00BF019800782F2803D0019894
:1050800000785C2802D10198401C01900020A060AB
:1050900001980078202807D200212046FFF7B3F8B6
:1050A0000646002060612BE000BF01A92046FEF704
:1050B00049FD064606B122E02046FEF785FE06467B
:1050C000A069C07A00F0040726B1042E01D107B907
:1050D000052614E007B112E06569E87A00F01000D7
:1050E00008B905260BE0A97EE87E41EA00212A7D69
:1050F000687D42EA002041EA0040A060D5E700BF99
:105100003046BDE8FC810246002000BF16E0135C7B
:10511000202B01D15F231354135C412B02DB135C62
:105120005A2B0ADD135C302B02DB135C392B04DDB8
:10513000135C2D2B01D020231354401C8842E6DB46
:1051400070472DE9FC478046894617461C460B22CE
:105150004946404601F0C7F9052C0ADD00BF601042
:1051600000EBC43137F8022B881884B23888002845
:10517000F5D1072500BF0A2094FBF0F100FB114098
:105180003030C2B228466D1E0DF800200A2094FB74
:10519000F0F084B2002CEED17E200DF80500002640
:1051A00000E0761CAE4203DA18F806002028F8D199
:1051B00000BF082D04DA28466D1C1DF8000000E031
:1051C00020203146761C08F80100082EF1DBBDE8EE
:1051D000FC87000010B50024062029490870084605
:1051E0000078643027490870002027490870084675
:1051F000007810302549087021480078244908704B
:1052000035E0214800782349087025E0F1F7FCF8E3
:105210001F4800780404204601F032FD1E48007843
:10522000FF280CD11C484078FF2808D11A48807804
:10523000FF2804D12046F4F7C5F8204610BD1648D3
:10524000807820B92046F4F7BDF82046F6E71148EB
:105250000078401C0F4908700E4800780B49097807
:105260008842D3DB0A480078C01C09490870084806
:105270000078044909788842C3DB0020DEE700009B
:105280002607002027070020290700202A070020E2
:105290002507002028070020CED201202DE9F0416B
:1052A00005460C46022C02D3E869A04202D8012030
:1052B000BDE8F0812F6A2878012804D002282AD07E
:1052C000032870D140E0264606EB560607EB562130
:1052D000284601F01FF900B165E0C6F3080105F1A9
:1052E000300010F80180761C07EB5621284601F0AB
:1052F00011F900B157E0C6F3080105F13000405C38
:1053000048EA002804F0010010B14FEA1810CFE776
:10531000C8F30B00CCE707EB1421284601F0FAF89C
:1053200000B140E040F2FF1000EA440105F1300016
:10533000415C40F2FF1000EA440205F130001044E5
:10534000407841EA0020B3E707EBD411284601F08A
:10535000E1F800B127E040F2FF1000EA840105F116
:1053600030000844C078010640F2FF1000EA8402D1
:1053700005F130001044807841EA004140F2FF100E
:1053800000EA840205F130001044407841EA002030
:1053900040F2FF1101EA840205F13001895C084303
:1053A00020F0704084E700BF4FF0FF3080E700201E
:1053B00070472DE9FC5F81460F4607F10908D9F8CF
:1053C0001000002851D0D9F81440207B019000260D
:1053D00014E0A55D202D00D112E0052D00D1E525BA
:1053E000019800F0080030B1412D04DB5A2D02DC99
:1053F00005F12000C5B208F8015B761C082EE8DB39
:1054000000BF207A202819D02E2008F8010B08268A
:1054100011E0A55D202D00D10FE0019800F01000F3
:1054200030B1412D04DB5A2D02DC05F12000C5B25C
:1054300008F8015B761C0B2EEBDB00BFE07A3872BC
:10544000E07F0106A07F41EA0041607F41EA002041
:10545000217F08433860217E607E41EA0020B880C9
:10546000A17DE07D41EA0020F880002088F800005E
:10547000B86970B3B86900900026D9F8100020B35D
:10548000B9F820004FF6FF7188421ED0D9F81CB041
:1054900015E000215046FFF7D3FC8246BAF1000F19
:1054A00001D1002610E000BFF869401EB04201DCC7
:1054B000002609E03046761C009901F800A03BF870
:1054C000021BB1F1000AE4D100BF00210098815510
:1054D00000BFBDE8FC9F000010B504464FF400502B
:1054E0000F4948830F48006800F47F4040EA0401F8
:1054F0000C481438EFF7C0FA4FF400700A490880DE
:105500008000074908830A20FBF7D8FB4FF400709E
:105510000549891E088000010149088310BD00006B
:1055200000100240140802401A0C024010B5044654
:105530004FF4005010494883EFF758FA0F480068BD
:1055400000F47F4040EA04010C481438EFF794FA65
:105550004FF40060084948838010094908800A20F8
:10556000FBF7ACFB4FF400700549891E0880000171
:105570000149088310BD00000010024014080240D9
:105580001A0C024070B500244620FFF7A5FF00204A
:10559000FFF7CCFF0020FFF7C9FF5D20FFF79CFF5E
:1055A0004C20FFF799FF4220FFF796FF4FF4165566
:1055B00005E01D49085DFFF7B9FF601C84B2AC42ED
:1055C000F7DD4FF6FF70FCF797FF4FF6FF70FCF723
:1055D00093FF4FF6FF70FCF78FFF4FF6FF70FCF75D
:1055E0008BFF4FF6FF70FCF787FF4FF6FF70FCF75D
:1055F00083FFEEF7A7F84FF6FF70FCF77DFF4FF63D
:10560000FF70FCF779FF4FF6FF70FCF775FF4FF660
:10561000FF70FCF771FF4FF6FF70FCF76DFF4FF660
:10562000FF70FCF769FF70BD910802082DE9FC4787
:10563000002440F26C717048EAF7E9FD4620FFF75C
:105640004BFF0020FFF772FF0020FFF76FFF5D2088
:10565000FFF742FF4C20FFF73FFF4220FFF73CFFE0
:105660004FF4165A04E06549085DFFF75FFF641CBC
:105670005445F8D962A16D48FDF7D0F86B48EDF7B5
:10568000C9FD6BA16948FDF7C9F86848EDF7C2FD8F
:10569000AC2642274FF0B8084FF0F6090F216348B7
:1056A000EAF7B5FD3B4632466BA16048CDE900897B
:1056B000FDF7B4F800240DE05C48005D612808DBCC
:1056C0005A48005D662804DC5848005D2038574978
:1056D0000855641C0F2CEFD35448EDF7D5FC54A1AA
:1056E0005248FDF79BF85148EDF7CEFC64A14F48B6
:1056F000FDF794F84D48EDF7C7FC4DA14B48FDF779
:105700008DF84A48EDF7C0FC68A14848FDF786F8D7
:105710004648EDF7B9FC46A14448FDF77FF84348F9
:10572000EDF7B2FC4620FFF7D7FE5520FFF7FEFE4F
:105730001620FFF7FBFE5020FFF7F8FE0020FFF7D2
:10574000F5FE4C20FFF7C8FE4220FFF7C5FE644877
:10575000007880B163480088C0EB001085012C46BA
:1057600005E06148005DC0435F490855641C05F5CC
:1057700070708442F5D3002404E05B49085DFFF7B4
:10578000D5FE641C42F25C508442F6D942F210719C
:105790005548EAF73CFD0020544908804FF6FF7059
:1057A000FCF7AAFE4FF6FF70FCF7A6FE4FF6FF705F
:1057B000FCF7A2FE4FF6FF70FCF79EFE4FF6FF705F
:1057C000FCF79AFE4FF6FF70FCF796FE4FF6FF705F
:1057D000FCF792FE4FF6FF70FCF78EFE4FF6FF705F
:1057E000FCF78AFEEDF7AEFF40F26C710248EAF773
:1057F0000EFDBDE8FC8700005155002091BD010859
:105800000909200909202020534F46545741524589
:105810002056455253494F4E20202D20352E322EF2
:1058200030202020202020202020200013200020B5
:1058300009092009092020202020202020202020C4
:105840002020202020202020202020202020202058
:105850002020202020200000202020202020202088
:105860002020434845434B53554D202D203058416F
:1058700043343242384636202009090920200000EE
:105880000909200909202020202020202020202074
:1058900044422D5631372E33202020202020202036
:1058A00020202020202020200000000009092009BD
:1058B00020204D46442042593A2053555259412008
:1058C000454C454354524F4E4943532C204859446C
:1058D00020202020202020202020202020202000E8
:1058E00033070020A0070020892C00209E03002001
:1058F00010B500240E480078C0B14FF4E00404E075
:105900002046F3F72BFF04F580540A4800688442D0
:10591000F6D34FF4E00007490860002004490870FE
:1059200001200549087000200449086010BD0000EE
:105930002C070020DC0000202D0700201C01002087
:1059400010B51CA11F48FCF769FF1E48EDF740F891
:105950001DA11C48FCF762FF1A48EDF739F81EA19B
:105960001848FCF75BFF1748EDF732F81EA1154801
:10597000FCF754FF1348EDF72BF81F481FA10268EE
:105980001048FCF74BFF0F48EDF722F8EDF7DAFE71
:105990001E480068052806D11D48007800F0010067
:1059A00008B101F0E7F919480068042801D1F2F7BD
:1059B000EFF810BD202020202020202020202020B3
:1059C0002000000013200020505245535320564F12
:1059D0004C204B455900000020202020544F204CE3
:1059E0004F472020200000002020475053204441F2
:1059F00054412020200000001C010020204C4F4179
:105A00004445442025303464200000001005002067
:105A1000D4C501202DE9F04788B0CE48007800F0C9
:105A2000010000287ED0CB498869CB49EAF7C1FC48
:105A30000546CA49EAF7EFFC0446EAF7EEFEC84914
:105A40000860C4498869EAF7E8FEC6490870084654
:105A5000007802287FDDC449086EEAF72AFF044671
:105A60000D46C149C86DEAF724FF06460F46B949FD
:105A70000869EAF71EFFCDE90601B649C868EAF7EA
:105A800018FFCDE90067CDE90245CDE90401DDE964
:105A90000623FDF749FB8046EAF7F2FEB3490860AA
:105AA000B149D1F8C400EAF704FFCDE90401AE49D9
:105AB000D1F8C000EAF7FDFE04460D46A549086985
:105AC000EAF7F7FE06460F46A249C868EAF7F1FE74
:105AD00080468946DDE9040132463B46CDE9004572
:105AE000CDE9020140464946FDF71EFBCDE906011E
:105AF000EAF7C6FE9E4908609B49D1F82801EAF7FB
:105B0000D8FE04460D469849D1F82401EAF7D1FEA3
:105B1000CDE904018F490869EAF7CBFE8046894642
:105B20008C4901E012E116E0C868EAF7C2FE0646B9
:105B30000F46CDE90245DDE9040142464B46CDE979
:105B4000000130463946FDF7EFFACDE90601EAF7E4
:105B500097FE884908608248006838B18348006829
:105B60007F490968B0FBF1F0834908607D480078FF
:105B7000282802DD4FF0280A0CE07A48007828280F
:105B800002DA4FF0140A05E076480078142801DAAA
:105B90004FF0050A7548006814282CD9734801682D
:105BA000764802780078401C744B1870744840F8AE
:105BB0002210184600780A2822DB002019460870B7
:105BC0006F4800686E498968884219DA6C488068B5
:105BD0006B494969884213DA694840696849096A2A
:105BE00088420DDA67480068401C66490860012059
:105BF0006549087004E00020644908705F49087036
:105C00005A480068504520D8002061490870614812
:105C10000068012807D16049087060490870F2F7F0
:105C2000D1FFECF77DFE01205749087000205C4948
:105C300008705C4908705C4908705C48007820B9BD
:105C400001205A490870F3F7A3FE484800685849F4
:105C500008604D480078A8BB4348806D43490968F7
:105C600088422FD301205349087000205249087000
:105C70004C48007830BB51A13B48EAF7D3FA20B931
:105C800050A13948EAF7CEFA60B138480068B0F55B
:105C9000967F03D800204449087006E0012042495D
:105CA000087002E001204049087001203D49087059
:105CB00046480088464908803A480078012801D1C2
:105CC000F3F766FE3048007801282CD12748006899
:105CD000012828D900202C49087034490870294827
:105CE00000683C49096888421DD226480068401C6B
:105CF000244908600846006836490968884208D087
:105D0000344800681F4A1268811A1E480068EEF77E
:105D1000B5FE304800681B490968401A1D490860F3
:105D200000202449087011480068052806D8164844
:105D30000078012802D100200C4908600120264982
:105D400008702649087000202549088008B0BDE881
:105D5000F0870000D4C501200000A0400000904161
:105D600038080020690800206CF101206C08002030
:105D700070080020740800203C08002067080020FC
:105D80006CE90120A4080020A0080020660800207B
:105D9000E10700205C080020650800203307002090
:105DA00060080020E407002061080020E3070020CD
:105DB00078080020A8080020380100204C2058490D
:105DC0004E470000444A204F50454E002E0600200A
:105DD0002C0600209C080020E20700200C06002072
:105DE0002406002070B50646304601F069FA4220CC
:105DF000FFF772FB00240AE0002504E00020FFF713
:105E000095FB681CC5B2282DF8DD601CC4B2F02CCF
:105E1000F2DD70BD1CB5FF20009002208DF805005A
:105E200000208DF8070001208DF8040000208DF877
:105E3000060069461448EEF791FD43F60400009011
:105E400002208DF8050000208DF8070001208DF854
:105E5000040000208DF8060069460C48EEF77EFD30
:105E60004FF44070009002208DF8050000208DF85E
:105E7000070001208DF8040000208DF80600694617
:105E80000348EEF76BFD1CBD000802400010024005
:105E9000000C024010B50B4A0B4B1B6842F8230064
:105EA000094A13681268521C074C2260074A42F8DC
:105EB000231022461268B2F5006F02D30022234657
:105EC0001A6010BD900F00200C000020201100204F
:105ED0001CB5002401214020F2F74AFB0420009069
:105EE00001208DF8040002208DF807006946F9486A
:105EF000EEF734FDF2F7F2FAF2F76AFC47F6FF70BC
:105F0000FCF7FAFA0421F448EEF7B4FD47F6FF7007
:105F1000FCF7F2FA0421F048EEF7AAFD40F6FF7014
:105F2000FCF7EAFA1E220021EC48F3F77BFAEBF7C4
:105F300083FAF4F747FA0020E9490860FFF776FB97
:105F4000FFF720FB4FF6FF70FCF7D6FAFEF76EFA6C
:105F50004FF6FF70FCF7D0FA4FF6FF70FCF7CCFA63
:105F60004FF6FF70FCF7C8FA4FF6FF70FCF7C4FA63
:105F70004FF6FF70FCF7C0FADA48008B40F48070EF
:105F8000D8490883F3F78CFF0020D7490870D74918
:105F900008704FF6FF70FCF7AFFAEDF783FBEDF7F3
:105FA00067FD6CE2F0F74EF9D048007800287DD10B
:105FB000CD48007820B90020CD490870CD4908703F
:105FC000C9480078CC490978884270DACB49C8685A
:105FD0004FF07E51EAF7D6FC69D20120C84908701B
:105FE000C848C14A127800EB02110522C648EAF7F8
:105FF0002BF9C548F3F7F8FEC44908700846007845
:10600000002854D00020C2490870BF48EFF7B0FD07
:10601000C0480078EFF7ACFFBF4908600846006849
:1060200088B1BE4A12680B461B68D11ABA4A126878
:10603000501EEEF723FDB9480068B7490968401AB9
:10604000B749086013E0B748006880B1B34A1268E6
:10605000B44B1B68D11AB34A1268501EEEF70EFDFE
:10606000AE480068AF490968401AAD490860AB48BE
:106070000068AB490968401AC3D0A94800680128E4
:1060800015D9A7480068B0F5FA6FA5D298480078EE
:10609000401C974908709448007800EBC00202EB5E
:1060A0000010A14A81181922A04801E08EE07FE08B
:1060B000EAF7CAF800209E4908702FE09B489C49E7
:1060C0000978405C412805DB984899490978405C8B
:1060D0005A281EDD954896490978405C2D2818D02D
:1060E00093480078142814DC00219048904A1278D4
:1060F00081548F490978405C302805DB8B488C49F6
:106100000978405C392804DD00218848884A1278E3
:10611000815487480078401C85490870844800787D
:106120001428CBDB00240DE08048005D40B904E07A
:1061300020207E490855601CC4B2172CF8DB03E010
:10614000601CC4B2162CEFDD00BF6E4A664B1B7894
:1061500002EB0311774A674B1B7802EB0310052211
:10616000EAF772F86349097801EBC10202EB011109
:10617000714A881819226D49EAF766F85D48007877
:10618000401C5C4908706B495A4A127801EB0210B6
:1061900005222021EAF758F85649097801EBC10297
:1061A00002EB0111644A881819222021EAF74CF801
:1061B0000020564908705B490860574908605849F3
:1061C000086049480078401C47490870EBF734F9EB
:1061D0005A480078012858D15948007830B1012830
:1061E0000FD0022819D003284ED126E05548007858
:1061F00018B15549002000F055FB012050490870A6
:1062000042E05248006838B94F495039002000F048
:1062100049FB02204A49087036E04C48006858B9EA
:106220004B480078012804DD47493C39002000F044
:1062300039FB03204249087026E04448006810BB3F
:1062400043480078022819DD032242A13E4828383D
:10625000EAF73BF890B104223FA13B482838EAF71F
:1062600034F858B104223EA137482838EAF72DF80F
:1062700020B135492839002000F014FB00203049B6
:1062800008702E49087000BF00BF2C480078022813
:106290006CD12B48007830B101280FD0022866D08D
:1062A00003280AD172E02748007818B12E4900204F
:1062B00000F0F8FA01202249087091E023480068B4
:1062C00038B929495039002000F0ECFA02201C4965
:1062D000087085E0001802400010024014150020EC
:1062E00010050020000002407F00002084000020F4
:1062F0008100002082000020A1080020B8C50120F4
:10630000890000205DDB012079070020800000204B
:10631000EF070020B0080020A40800209C080020FF
:106320005C080020CC0800205DE0012066180020F9
:10633000830000202617002032150020610800206D
:106340004C000020F00700207F1F00207405002073
:10635000E507002043544C004354524C0000000019
:106360004355525600000000E31F002039E0444826
:10637000006850B943480078012803DD42490020F5
:1063800000F090FA03204149087029E03C48006879
:1063900028BB3C48007802281CDD0322AFF24C01E8
:1063A00039481430E9F791FFA0B10422AFF2580147
:1063B00035481430E9F789FF60B10422AFF260017B
:1063C00031481430E9F781FF20B12F491431002002
:1063D00000F068FA00202D4908702D49087000BFB0
:1063E00000BFF0F711F82B480078C8B928480078AA
:1063F000B0B92948007820B91E2027490870EBF76A
:106400001BF82648007858B92548007818B10A20AA
:106410002249087002E01E2020490870EBF7B4F909
:106420002048006830B1F0F7B1FB00201E49087029
:106430001C490860EFF7E8FFF6F7B0F81B48007852
:10644000012803D100201949087001E0F1F70AFD85
:106450001748007898B90F48007801280FD11548DF
:10646000007860B91448007800F0010038B1134892
:10647000006820B902200E490870EBF7C9FC91E5CD
:1064800074050020D8000020A71F00204C00002029
:1064900061080020A30700207D0000207E0000206E
:1064A00032070020100500201C05002000050020F8
:1064B0007C000020A4070020D4C50120500000204B
:1064C000F0B503461C460D46002000BF161EA2F183
:1064D000010207D014F8017B15F801CBA7EB0C06DD
:1064E000301EF3D0F0BD70B503460C4603E014F83F
:1064F000015B03F8015B151EA2F10102F7D170BD2B
:1065000030B5034601E003F8011B141EA2F101029D
:10651000F9D130BD2DE9F04104460D46E66AAE42A0
:106520002FD0207908B360780123324604F130017E
:10653000FDF73EFF10B10120BDE8F0810020207181
:10654000A169206A0844B0420FD9E7780AE0A0693F
:10655000064460780123324604F13001FDF728FF3C
:10656000781EC7B2012FF2DC00BF55B1607801235D
:106570002A4604F13001FDF7D9FE08B10120DBE71E
:10658000E5620020D8E7F0B502460B464FF6FF70F3
:1065900000211EE0565C3402002516E080EA040764
:1065A00007F400473FB14FF6FF7707EA400041F29A
:1065B0002107784003E04FF6FF7707EA40004FF6E7
:1065C000FF7707EA44046F1CFDB2082DE6DB4F1C81
:1065D000B9B29942DEDBF0BDF0B50346087800F0B1
:1065E0003F00401E00EB800707EBC002002501269C
:1065F00000BF1548405D085C134F7F5D0F447F78F6
:1066000040EA07244EB1FF2A01DB0020F0BD2646F8
:106610001046521C23F8104005E04FF6FF708442EC
:1066200001D00020F2E7681C05460D28E1DB087860
:1066300000F0400030B1FF2A01DB0020E6E7002037
:1066400023F812000120E1E704350208704700003A
:1066500030B5ADF5077D0446EFF7D6FE207840282B
:1066600053D1641C002034490870344908703449FF
:106670000860344908704FF4007101A8E9F7C7FDBC
:106680000A2231A12046E9F720FE30B9E41C01209E
:106690002C4908702F4908704BE020220A2181A85C
:1066A000E9F7AEFD0622214684A8E9F7CDFD84A8CE
:1066B000E9F7D6FD05462A4684A981A8E9F7C4FD75
:1066C00081A800F0EFFA1E490860084600682249D8
:1066D00008601B480068FF2804D2FEF77BFD1849BC
:1066E000086009E016480068F2F76CFE144800687C
:1066F00000F58030F2F766FE11480068C8B101204D
:106700000E4908701349087013E00C48007810B166
:10671000204600F08DF90B48007850B10020F3F7C7
:106720001DF81E2200212046F2F7B4FE012009497F
:1067300008700DF5077D30BD1407002012070020FA
:106740001C0700201007002044425F7665727369C1
:106750006F6E000013070020200700202DE9F0478E
:1067600005460C461646022C02D3E869A04201D821
:10677000022793E0D5F820A02878012804D0022829
:1067800041D003287DD157E0A04608EB58080AEB1A
:1067900058212846FFF7BEFE074607B17BE0C8F345
:1067A000080105F1300001EB000904F0010028B1F7
:1067B000F1B299F8000061F31F1000E0304689F84B
:1067C000000008F10108012028710AEB5821284631
:1067D000FFF7A0FE074607B15DE0C8F3080105F129
:1067E000300001EB000904F0010010B1C6F30710FE
:1067F00006E099F8000000F0F000C6F3032108431A
:1068000089F8000047E00AEB14212846FFF782FED2
:10681000074607B13FE040F2FF1000EA440205F1ED
:1068200030008654310A40F2FF1000EA440205F1BC
:106830003000104441702EE00AEBD4112846FFF7D7
:1068400069FE074607B126E040F2FF1000EA840225
:1068500005F130008654310A40F2FF1000EA84024C
:1068600005F1300010444170310C40F2FF1000EA95
:10687000840205F1300010448170310E40F2FF10A7
:1068800000E006E000EA840205F130001044C17027
:1068900001E0022700BF00BF012028713846BDE893
:1068A000F08700002DE9FC4781460F4600203A4959
:1068B0000860002271213948F3F735F80020384983
:1068C0000880032048800020888039460120FEF798
:1068D000F9FA8046B8F1010F02D00020BDE8FC872C
:1068E0003048806A304908600024EFF78DFD2F485A
:1068F00000882F49086042E02E48057835E0EFF720
:1069000083FD2B4800882649488008468580016819
:1069100000918088ADF8040001232748019AEDF723
:106920006BFD264901EBC4204FF400622249E9F7D0
:1069300047FC002612E0EFF767FD17480168006882
:10694000401C154A106018480068814205D3012098
:106950001B49086000240020C0E7761CB6F5006FD4
:10696000E9DB681CC5B2601CC4B2124800781F3055
:106970008542C4DB0E480068401C0D4908600C4885
:1069800000680A4909888842B6D900200C49086085
:106990000C49087000BFA1E780050020003C0040C2
:1069A000A805002044C101207805002068050020CA
:1069B0006C0500205005002068920020CCA2002029
:1069C00074050020520500202DE9F04104460E46D2
:1069D000022E02D3E069B04201D8022725E0002749
:1069E0001FE031462046FEF759FC054605B91BE07D
:1069F000012D01D1022717E0681C08B9012713E017
:106A0000002231462046FFF7A9FE074607B10BE0FA
:106A10002069401C20B12069401C20610120607168
:106A20002E46E069B042DCD800BF3846BDE8F081B0
:106A300010B50446304801683048006800F5003061
:106A4000814216D24FF400722B4801682046F2F7BB
:106A500021FD4FF400712A48E9F7D9FB4FF4007289
:106A6000254801682648F2F7DDFC0020254908701A
:106A700035E0214801682148006800F5C0208142C6
:106A800016D24FF400721C4801682046F2F702FD4E
:106A90004FF400711A48E9F7BAFB4FF40072164838
:106AA00001681748F2F7BEFC01201649087016E08D
:106AB000FEF790FB104908604FF400720846016829
:106AC0002046F2F7E7FC4FF400710D48E9F79FFB11
:106AD0004FF40072084801680948F2F7A3FC064821
:106AE000006800F50070044908600120064908703C
:106AF000EFF78AFC10BD00001C07002020070020D3
:106B000000D3012024070020130700202DE9F047BF
:106B100006468946144635464FF0000801270DE029
:106B2000322249462846E9F7B0FB05461DB108F177
:106B3000010000F0FF086D1C781CC7B2A742EFDD12
:106B4000A04502D12846BDE8F0870020FBE7000001
:106B500070B50026002400251B48C079392809DCBF
:106B60001948C079302805DB1748C07930381749F3
:106B7000087027E014480078C0F3C000B0B10026C8
:106B80000C24012012490870300400EB043528461B
:106B9000F2F7E4FD29460D480078F2F7DFFB2846BE
:106BA000F2F7AAFB01200B4908700BE006480078B9
:106BB000C0F3800030B107200749087301208871B5
:106BC000F2F700F870BD0000488200207607002030
:106BD0002E0700202F0700202DE8012070B5002689
:106BE000002400252148C079392809DC1F48C079D4
:106BF000302805DB1D48C07930381D49087033E066
:106C00001A480078C0F3C00010B300260B240120FE
:106C100018490870300400EB04352846F2F79EFD51
:106C2000294613480078F2F799FB2846F2F764FBEF
:106C30004FF6FF70FBF760FC4FF6FF70FBF75CFC54
:106C40004FF6FF70FBF758FC01200B4908700BE072
:106C500006480078C0F3800030B107200749087368
:106C600001208871F1F7AEFF70BD0000488200205E
:106C7000750700202E0700202F0700202DE8012097
:106C800070B50446282221460448F2F7CBFB044D98
:106C9000282202492846E9F793FA70BD9CD20120C8
:106CA000CED2012070B5044600250620194908708F
:106CB000084600786430184908701648007817496B
:106CC00008701EE01548007801041548007801EBB3
:106CD0000035EFF799FB2846FFF7D2FF052211494F
:106CE0002046E9F7DCFA08B9284670BD0D4814388B
:106CF000007808B12846F8E708480078801C074962
:106D0000087006480078044909788842DADB3820A0
:106D1000EBE7000002070020030700200107002026
:106D200004070020E2D201202DE9F04106460F467B
:106D3000E9F7C4FF041E0D4618BF0120284320F0C8
:106D40000040C0F17F6000F1E040C00F0ED0301C69
:106D500018BF0120384320F00040C0F17F6000F1EF
:106D6000E040C00F04BF0120FBF786FD2046294606
:106D7000BDE8F0812DE9F0418AB04549C868E9F7DE
:106D800098FD07468846EFF73FFB41480469EFF757
:106D90003BFB30220D213F48E9F732FA3022052132
:106DA0003C48401FE9F72CFA30220E2139480D30BB
:106DB000E9F726FA3022212101A8E9F721FA36481D
:106DC0000068401C34490860084634A1026801A8E4
:106DD000FBF724FD01A8E9F743FA05462A4601A975
:106DE0002C48401FE9F7ECF93022212101A8E9F7EE
:106DF00007FA3A4643462BA101A8FBF70FFD01A86D
:106E0000E9F72EFA05462A4601A92248E9F7D8F9FA
:106E10003022212101A8E9F7F3F92046E9F749FDDD
:106E200005462A460B4621A101A8FBF7F7FC01A85D
:106E3000E9F716FA05462A4601A916480D30E9F782
:106E4000BFF93022212101A8E9F7DAF919480068D1
:106E5000B0F5E20F19D217480068B0F5E00F14D36F
:106E600014480088C0F30B0018B912480068F2F704
:106E700075FC20220F4801680648401FF2F70AFB04
:106E80000C48006820300B4908600AB0BDE8F0816A
:106E9000D4C50120C51900201C0100202530346410
:106EA00009000000252E366609000000252E3666F2
:106EB000090A0000DC0000200146002201E05B1C02
:106EC000521C885C18B1501E085C0028F7D1581E6F
:106ED000C0B2704730B5014600200B2200BF4310FE
:106EE00003EBC01411F8015B6319D8B2531E1A1ECC
:106EF000F5D130BDC0F3072100020843704770B5DB
:106F0000044600212046FFF705FB0546002D59D118
:106F1000207803284FD1607900284CD00020E0620F
:106F20004FF40072002104F13000FFF7E9FA552117
:106F300084F82E12AA2184F82F12522084F83000EF
:106F40005221312001556121322001554121332048
:106F50000155722184F8141284F81512412184F825
:106F60001612612184F81712217C84F81812208AE5
:106F7000010A84F819122069010C84F81A12206998
:106F8000010E84F81B12217B84F81C12A089010ACF
:106F900084F81D12E068010C84F81E12E068010EEE
:106FA00084F81F126078012304F130016269FDF753
:106FB000FFF900206071607800221146FDF786F924
:106FC00000B10125284670BD2DE9F04704460F4663
:106FD000002240F227715248F5F746FA002240F2AB
:106FE00027715048F5F740FA25460020A4F808011B
:106FF000002603E00020A055701CC6B2062EF9DB67
:10700000AA20A071CC20E0710020A072FF20E072C5
:10701000454800782073444801780078401C424A73
:107020001070642902DD00201146087010203F49CD
:1070300008806773812F21D1C8213D48E9F7E7F81F
:107040003C48FFF703FB14223A4905F10E00E9F72B
:10705000B7F84FF014093648FFF72EFF824609F1C2
:107060000E01481952463249E9F7AAF80AEB09001D
:107070002E49098808442D49088000BF00BF2B48CD
:107080000088083820812089FFF734FF20812748B5
:107090000088083881B204F10800FFF774FA8046CE
:1070A0004FEA282121480088295420480088401CA4
:1070B00005F800801D480088801C1C49088008468F
:1070C00000880A3820812089FFF714FF20810026DC
:1070D00006E000201549098831446854701CC6B286
:1070E000062EF6DB11480088801D104908800846EE
:1070F0000088A4F8080101200F49087040020F49D8
:107100000880C0000880012240F227710448F5F78A
:10711000ABF900200A4908800120BDE8F087000093
:107120000010014000480040D20600205406002014
:1071300078010020F2D10120490600201804024005
:10714000F204002070B504460D4624B1207810B139
:10715000E088A84201D0092070BD6078FDF71EF9D3
:1071600000F0010008B10320F6E70020F4E700007A
:1071700010B50DA11148FBF751FB1048EBF728FCA7
:107180000F4802780FA10D48FBF748FB0B48EBF7BF
:107190001FFC10A10948FBF741FB0848EBF718FC5E
:1071A000ECF7D0FA10BD0000202020202020202065
:1071B000202020202020202020200000132000203C
:1071C0004B070020564F4C2056414C554520256416
:1071D00020000000454E54455220544F2053415644
:1071E0004500000008B52F48006803280DD12E483F
:1071F00000780A2803DA00202B49087050E02A485A
:1072000000780A38284908704AE0264800680228B1
:107210000DD125480078642803DB642022490870DA
:107220003EE0214800780A301F49087038E01D48C8
:107230000068042828D142F210711C48E8F7E7FFE3
:1072400000201B49088018480078FBF7CBFA164845
:107250000078009014480078164908704FF4804078
:10726000F2F77CFA012291036846F2F713F9002045
:107270001149088014201149487300200E490880E4
:107280000E49887188730BE006480068012807D111
:1072900014200A494873002007490880074988716B
:1072A00008BD0000100500204B070020892C00209D
:1072B0009E0300204C070020A00700202DE801209D
:1072C00010B504464620FEF707F9E0B2FEF72EF9A6
:1072D000240AE0B2FEF72AF94220FEF7FDF810BDBD
:1072E00000000000004000000000007800000000E6
:1072F000807F00000000F07F00000000FF7F0000A2
:1073000000E0FF7F000000FCFF7F0000C0FFFF0FD8
:107310000000F8FFFF000000FFFF1F0000F0FFFF6C
:107320001F0000FEFF9F1F00C0FFFF811F00FCFF2A
:107330003F801F00FCFF03801F00FC3F00801F00F8
:10734000FC0700801F00FC7F00801F00FCFF038003
:107350001F00F8FF3F801F00C0FFFF831F0000FEDB
:10736000FFBF1F0000E0FFFF1F000000FFFF1F0026
:107370000000F8FFFF01000080FFFF1F000000FC7D
:10738000FF7F000000E0FF7F00000000FE7F0000A4
:107390000000F07F00000000807F00000000007807
:1073A00000000000000000000000000000000000DD
:1073B0000000FCFFFFFFFF7FFCFFFFFFFF7FFCFFE4
:1073C000FFFFFF7FFCFFFFFFFF7FFCFFFFFFFF7F53
:1073D000FCFFFFFFFF7FFCFFFFFFFF7F7C00E00360
:1073E000007E7C00E003007E7C00E003007E7C00E9
:1073F000E003007E7C00E003007E7C00E003007E72
:107400007C00E003007E7C00E003007E7C00E00363
:10741000007EFC00F007007EFC00F007007EFC010F
:10742000F807007FFC03FC0F803FF8FF7F3FC03F61
:10743000F8FF7FFFFF3FF0FF3FFEFF1FF0FF3FFE23
:10744000FF0FC0FF1FFCFF0780FF07F0FF030000D6
:1074500000C0FF000000000000000000000000006D
:10746000000000000000000000000000000000001C
:10747000000000F8FFFF3F0000FFFFFFFF01C0FF1B
:10748000FFFFFF03E0FFFFFFFF0FF0FFFFFFFF1F06
:10749000F8FFFFFFFF1FF80F0000F03FFC030000A4
:1074A000C03FFC010000007FFE000000007EFE00E7
:1074B0000000007E7E000000007E7E000000007E56
:1074C0007E000000007E7E000000007EFE000000C6
:1074D000007EFE000000007EFC010000007FFC0337
:1074E0000000807FFC0F0000F03FF87F0000FC1FD1
:1074F000F07F0000FC1FE07F0000FC0FC07F000059
:10750000FC07007F0000FC01007C00003C00000044
:10751000000000000000000000000000000000006B
:10752000000000000000000000000000000000005B
:107530000000FCFFFFFFFF7FFCFFFFFFFF7FFCFF62
:10754000FFFFFF7FFCFFFFFFFF7FFCFFFFFFFF7FD1
:10755000FCFFFFFFFF7FFCFFFFFFFF7F7C000000C1
:10756000007E7C000000007E7C000000007E7C002D
:107570000000007E7C000000007E7C000000007E99
:107580007C000000007E7C000000007EFC0000000B
:10759000007EFC000000007EFC000000007FFC017B
:1075A0000000003FF8030000803FF80F0000F03FAC
:1075B000F8FFFFFFFF1FF0FFFFFFFF0FE0FFFFFFE0
:1075C000FF0FC0FFFFFFFF0300FFFFFFFF0100F8F9
:1075D000FFFF3F000000000000000000000000006E
:1075E000000000000000000000000000000000009B
:1075F0000000FCFFFFFFFF7FFCFFFFFFFF7FFCFFA2
:10760000FFFFFF7FFCFFFFFFFF7FFCFFFFFFFF7F10
:10761000FCFFFFFFFF7FFCFFFFFFFF7F7C00E00719
:10762000007E7C00E007007E7C00E007007E7C009E
:10763000E007007E7C00E007007E7C00E007007E23
:107640007C00E007007E7C00E007007E7C00E00715
:10765000007E7C00E007007E7C00E007007E7C006E
:10766000E007007E7C00E007007E7C00E007007EF3
:107670007C00E007007E7C000000007E7C000000B3
:10768000007E7C000000007E000000000000000082
:1076900000000000000000000000000000000000EA
:1076A00000000000000000000000000000000000DA
:1076B0000000FCFFFFFFFF7FFCFFFFFFFF7FFCFFE1
:1076C000FFFFFF7FFCFFFFFFFF7FFCFFFFFFFF7F50
:1076D000FCFFFFFFFF7FFCFFFFFFFF7F7C00C00F71
:1076E00000007C00C00F00007C00C00F00007C0088
:1076F000C00F00007C00C00F00007C00C00F000025
:107700007C00C00F00007C00C00F00007C00C00F98
:1077100000007C00C00F00007C00C00F00007C0057
:10772000C00F00007C00C00F00007C00C00F0000F4
:107730007C00C00F00007C00000000007C00000006
:107740000000000000000000000000000000000039
:107750000000000000000000000000000000000029
:107760000000000000000000000000000000000019
:10777000000000F8FFFF7F0000FFFFFFFF01C0FFD8
:10778000FFFFFF07E0FFFFFFFF0FF0FFFFFFFF1FFF
:10779000F8FFFFFFFF1FF80F0000E03FFC030000B1
:1077A000803FFC010000007FFC000000007FFE0025
:1077B0000000007E7E000000007E7E000000007E53
:1077C0007E00800F007E7E00800F007E7E00800F96
:1077D000007EFE00800F007EFC01800F007FFC0316
:1077E000800F007FFC0F800FC03FF87F800FF83FB5
:1077F000F07F80FFFF1FF07F80FFFF0FC07F80FFC3
:10780000FF07807F80FFFF03007E80FFFF000040B6
:1078100080FF1F00000000000000000000000000CA
:107820000000000000000000000000000000000058
:107830000000FCFFFFFFFF7FFCFFFFFFFF7FFCFF5F
:10784000FFFFFF7FFCFFFFFFFF7FFCFFFFFFFF7FCE
:10785000FCFFFFFFFF7FFCFFFFFFFF7F0000C00F6B
:1078600000000000C00F00000000C00F000000007A
:10787000C00F00000000C00F00000000C00F00009B
:107880000000C00F00000000C00F00000000C00F8B
:1078900000000000C00F00000000C00F000000004A
:1078A000C00F00000000C00F00000000C00F00006B
:1078B000FCFFFFFFFF7FFCFFFFFFFF7FFCFFFFFFE1
:1078C000FF7FFCFFFFFFFF7FFCFFFFFFFF7FFCFF51
:1078D000FFFFFF7F0000000000000000000000002C
:1078E0000000000000000000000000000000000098
:1078F0000000000000000000000000000000000088
:107900000000000000000000000000000000000077
:107910000000000000000000000000000000000067
:107920000000000000000000F8FFFFFFFFFFF8FF6D
:10793000FFFFFFFFF8FFFFFFFFFFF8FFFFFFFFFF65
:10794000F8FFFFFFFFFFF8FFFFFFFFFFF8FFFFFF5C
:10795000FFFF000000000000000000000000000029
:107960000000000000000000000000000000000017
:107970000000000000000000000000000000000007
:1079800000000000000000000000000000000000F7
:1079900000000000000000000000000000000000E7
:1079A00000000000000000000000000E00000000C9
:1079B000001F00000000803F00000000803F00002A
:1079C0000000007F00000000007E00000000007E3C
:1079D00000000000007E00000000007E00000000AB
:1079E000007E00000000007E00000000007E00001D
:1079F0000000007E00000000007F00000000C03F8B
:107A0000FCFFFFFFFF3FFCFFFFFFFF1FFCFFFFFF2F
:107A1000FF1FFCFFFFFFFF0FFCFFFFFFFF03FCFF4B
:107A2000FFFFFF0000000000000000000000000059
:107A30000000000000000000000000000000000046
:107A40000000000000000000000000000000000036
:107A50000000000000000000000000000000000026
:107A60000000000000000000000000000000000016
:107A70000000FCFFFFFFFF7FFCFFFFFFFF7FFCFF1D
:107A8000FFFFFF7FFCFFFFFFFF7FFCFFFFFFFF7F8C
:107A9000FCFFFFFFFF7FFCFFFFFFFF7F000080FF79
:107AA00001000000C0FF00000000F03F00000000E7
:107AB000F81F00000000FE0700000080FF0100002A
:107AC00000C0FF07000000F0FF3F000000F8FFFFCC
:107AD000000000FEFFFF030080FFE3FF0F00C0FF78
:107AE00000FF3F00F07F00FCFF00F81F00F0FF03E5
:107AF000FC0F00C0FF0FFC030000FF3FFC01000073
:107B0000FC7F7C000000F07F3C000000C07F0C0088
:107B10000000007F04000000007C000000000070F6
:107B20000000000000000000000000000000000055
:107B30000000FCFFFFFFFF7FFCFFFFFFFF7FFCFF5C
:107B4000FFFFFF7FFCFFFFFFFF7FFCFFFFFFFF7FCB
:107B5000FCFFFFFFFF7FFCFFFFFFFF7F0000000037
:107B6000007E00000000007E00000000007E00009B
:107B70000000007E00000000007E00000000007E8B
:107B800000000000007E00000000007E00000000F9
:107B9000007E00000000007E00000000007E00006B
:107BA0000000007E00000000007E00000000007E5B
:107BB00000000000007E00000000007E00000000C9
:107BC000007E000000000000000000000000000037
:107BD00000000000000000000000000000000000A5
:107BE000000000000000000000000000FCFFFFFF9C
:107BF000FFFFFCFFFFFFFFFFFCFFFFFFFFFFFCFF9E
:107C0000FFFFFFFFFCFFFFFFFFFFFCFFFFFFFFFF8A
:107C1000E0FF1F00000000FEFF00000000F0FF0773
:107C200000000080FF3F00000000FCFF010000009A
:107C3000E0FF0F00000000FF7F00000000F8FF01E0
:107C4000000000C0FF01000000E0FF01000000FC98
:107C5000FF01000080FF3F000000F0FF0700000070
:107C6000FE7F000000C0FF0F000000F8FF010000D1
:107C700000FF3F000000E0FF07000000FCFFFFFFE7
:107C8000FFFFFCFFFFFFFFFFFCFFFFFFFFFFFCFF0D
:107C9000FFFFFFFFFCFFFFFFFFFF000000000000F1
:107CA00000000000000000000000000000000000D4
:107CB0000000FCFFFFFFFF7FFCFFFFFFFF7FFCFFDB
:107CC000FFFFFF7FFCFFFFFFFF7FFCFFFFFFFF7F4A
:107CD000FCFFFFFFFF7FF87F00000000E0FF0100D6
:107CE000000080FF0700000000FE1F00000000F8F9
:107CF0007F00000000E0FF0100000080FF0700009F
:107D00000000FE1F00000000F87F00000000E0FF00
:107D10000100000080FF0700000000FE1F000000BF
:107D200000F83F00000000E0FF0000000080FF03BB
:107D300000000000FE0FFCFFFFFFFF3FFCFFFFFF06
:107D4000FF7FFCFFFFFFFF7FFCFFFFFFFF7FFCFFCC
:107D5000FFFFFF7FFCFFFFFFFF7F00000000000030
:107D60000000000000000000000000000000000013
:107D7000000000FCFFFF3F0000FFFFFFFF01C0FF0E
:107D8000FFFFFF03E0FFFFFFFF0FF0FFFFFFFF1FFD
:107D9000F8FFFFFFFF1FF80F0000F03FFC0300009B
:107DA000803FFC010000007FFC000000007FFE001F
:107DB0000000007E7E000000007E7E000000007E4D
:107DC0007E000000007E7E000000007E7E0000003D
:107DD000007EFE000000007EFC000000007FFC0131
:107DE0000000007FFC030000803FF80F0000E03F30
:107DF000F8FFFFFFFF1FF0FFFFFFFF1FE0FFFFFF88
:107E0000FF0FC0FFFFFFFF0300FFFFFFFF0100FCAC
:107E1000FFFF3F0000000000000000000000000025
:107E20000000000000000000000000000000000052
:107E30000000FCFFFFFFFF7FFCFFFFFFFF7FFCFF59
:107E4000FFFFFF7FFCFFFFFFFF7FFCFFFFFFFF7FC8
:107E5000FCFFFFFFFF7FFCFFFFFFFF7F7C00001F99
:107E600000007C00001F00007C00001F00007C0060
:107E7000001F00007C00001F00007C00001F0000AD
:107E80007C00001F00007C00001F00007C00001F21
:107E90000000FC00801F0000FC00801F0000FC00B0
:107EA000C01F0000FC03E01F0000F80FF80F0000E7
:107EB000F8FFFF0F0000F0FFFF070000E0FFFF03E7
:107EC0000000C0FFFF01000080FFFF00000000FC79
:107ED0001F00000000000000000000000000000083
:107EE0000000000000000000000000000000000092
:107EF000000000FCFFFF3F0000FFFFFFFF01C0FF8D
:107F0000FFFFFF03E0FFFFFFFF0FF0FFFFFFFF1F7B
:107F1000F8FFFFFFFF1FF80F0000F03FFC03000019
:107F2000803FFC010000007FFC000000007FFE009D
:107F30000000007E7E000000007E7E000000007ECB
:107F40007E000000107E7E0000003C7E7E0000006F
:107F50007E7EFE0000007E7EFC000000FE7FFC01B5
:107F60000000FC7FFC030000F83FF80F0000F03F2A
:107F7000F8FFFFFFFF1FF0FFFFFFFF1FE0FFFFFF06
:107F8000FF1FC0FFFFFFFF1F00FFFFFFFF3F00FCC1
:107F9000FFFF3F7F0000000000FE0000000000FC2B
:107FA00000000000000000000000000000000000D1
:107FB0000000FCFFFFFFFF7FFCFFFFFFFF7FFCFFD8
:107FC000FFFFFF7FFCFFFFFFFF7FFCFFFFFFFF7F47
:107FD000FCFFFFFFFF7FFCFFFFFFFF7F7C00C00F68
:107FE00000007C00C00F00007C00C00F00007C007F
:107FF000C00F00007C00C00F00007C00C00F00001C
:108000007C00C00F00007C00C01F00007C00C0FF8F
:108010000000FC00C0FF0300FC00E0FF1F00FC00AC
:10802000E0FF7F00FC01F0FFFF03F80FFCF7FF0FFC
:10803000F8FFFFC3FF7FF0FFFF03FE7FF0FFFF01AC
:10804000F87FE0FFFF00E07F80FF3F00007F00FE41
:108050000F00007C00000000007000000000000025
:108060000000000000000000000000000000000010
:10807000C00000FE0700E00380FF1F00E007E0FFF4
:108080003F00F00FF0FF7F00F01FF8FFFF00F83F08
:10809000F8FFFF00E03FFC03FE01803FFC01FC0114
:1080A000007FFC00F803007EFE00F003007E7E00EF
:1080B000F003007E7E00F007007C7E00E007007C7D
:1080C0007E00E007007C7E00E007007E7E00C00F9F
:1080D000007EFE00C00F007EFC00C01F007EFC037F
:1080E000801F007FFC07807F803FF81F80FFFF3FDD
:1080F000F00F00FFFF1FF00F00FEFF1FE00700FE64
:10810000FF0F800700F8FF03000200F0FF010000EE
:10811000000000000000000000000000000000005F
:108120000000000000007C00000000007C00000057
:1081300000007C00000000007C00000000007C00CB
:10814000000000007C00000000007C000000000037
:108150007C0000000000FCFFFFFFFF7FFCFFFFFF33
:10816000FF7FFCFFFFFFFF7FFCFFFFFFFF7FFCFFA8
:10817000FFFFFF7FFCFFFFFFFF7F7C000000000090
:108180007C00000000007C00000000007C0000007B
:1081900000007C00000000007C00000000007C006B
:1081A000000000007C00000000007C0000000000D7
:1081B0007C00000000007C000000000000000000C7
:1081C00000000000000000000000000000000000AF
:1081D000000000000000000000000000000000009F
:1081E000000000000000000000000000000000008F
:1081F0000000FCFFFFFF7F00FCFFFFFFFF01FCFF13
:10820000FFFFFF07FCFFFFFFFF0FFCFFFFFFFF1F4C
:10821000FCFFFFFFFF3F00000000E03F0000000008
:10822000807F00000000007F00000000007E000052
:108230000000007E00000000007E00000000007EC4
:1082400000000000007E00000000007E0000000032
:10825000007E00000000007E00000000007F0000A3
:108260000000807F00000000E03FFCFFFFFFFF3FB9
:10827000FCFFFFFFFF1FFCFFFFFFFF0FFCFFFFFFE7
:10828000FF07FCFFFFFFFF03FCFFFFFF7F00000075
:1082900000000000000000000000000000000000DE
:1082A0003C0000000000FC0100000000FC0F00008A
:1082B0000000FCFF00000000FCFF0F000000FCFFBE
:1082C000FF000000F8FFFF0F000080FFFF7F0000AD
:1082D00000F8FFFF07000080FFFF7F000000F0FFB5
:1082E000FF07000000FFFF7F000000F0FF7F00009D
:1082F0000000FF7F00000000F07F00000000FE7F14
:10830000000000E0FF7F000000FEFF7F0000E0FFB4
:10831000FF0F0000FEFFFF0000F0FFFF0F0000FF57
:10832000FFFF0100F0FFFF1F0000FCFFFF01000046
:10833000FCFF1F000000FCFF01000000FC3F0000EC
:108340000000FC03000000003C00000000000000F2
:10835000000000000000000000000000000000001D
:10836000F80700000000F8FFFF030000F8FFFFFF20
:108370000100F8FFFFFFFF00E0FFFFFFFFFF00C06D
:10838000FFFFFFFF000080FFFFFF00000000FFFF76
:1083900000000000F0FF000000C0FFFF000080FFB1
:1083A000FFFF0000FEFFFF1F00F8FFFF7F00E0FF60
:1083B000FFFF0100F8FFFF070000F8FF1F000000AB
:1083C000F8FF07000000F8FFFF010000E0FFFFFFDB
:1083D000000000F8FFFF3F000000FEFFFF1F00004D
:1083E00080FFFFFF000000E0FFFF00000000F8FF3B
:1083F00000000000FFFF000080FFFFFF00C0FFFF44
:10840000FFFFE0FFFFFFFFFFF8FFFFFFFF01F8FFA7
:10841000FFFF0100F8FFFF030000F8070000000065
:108420000C00000000601C00000000787C000000D0
:10843000007EFC010000807FFC070000E07FFC1F45
:108440000000F87FFC7F0000FE3FF0FF0180FF0F7F
:10845000C0FF07E0FF0300FF1FF8FF0000FC7FFEE6
:108460003F0000F0FFFF0F0000C0FFFF030000000F
:10847000FFFF00000000FE3F00000080FFFF000043
:1084800000E0FFFF030000F87FFF0F0000FE1FFC6D
:108490003F0080FF07F0FF01E0FF03C0FF07FCFF84
:1084A0000000FF1FFC3F0000FC7FFC0F0000F07F7E
:1084B000FC030000C07FFC000000007F3C000000C7
:1084C000007E0C000000007800000000006000004A
:1084D000000000000000000000000000000000009C
:1084E0001C0000000000FC0100000000FC0F000068
:1084F0000000FC3F00000000FCFF00000000F8FF4F
:1085000007000000C0FF1F00000000FF7F00000008
:1085100000F8FF01000000E0FF0F00000000FFFF77
:10852000FF7F0000FCFFFF7F0000E0FFFF7F0000F7
:10853000F0FFFF7F0000FEFFFF7F0080FFFFFF7F57
:1085400000F0FF07000000FEFF00000080FF3F007A
:108550000000F0FF0F000000FCFF01000000FC7FA6
:1085600000000000FC1F00000000FC0300000000F1
:10857000FC00000000001C000000000004000000DF
:1085800000000000000000000000000000000000EB
:1085900000000000000000000000000000000000DB
:1085A00000000000000000000000000000000000CB
:1085B000007E7C000000807F7C000000E07F7C006B
:1085C0000000F87F7C000000FF7F7C0000C0FF7F80
:1085D0007C0000F0FF7F7C0000FCFF7F7C0000FF40
:1085E0003F7E7C00C0FF0F7E7C00F0FF037E7C009E
:1085F000FCFF007E7C80FF3F007E7CE0FF0F007E62
:108600007CF8FF03007E7CFE7F00007EFCFF1F00E5
:10861000007EFCFF0700007EFCFF0100007EFC7F67
:108620000000007EFC1F0000007EFC070000007EB2
:10863000FC000000007E00000000007E0000000042
:10864000000000000000000000000000000000002A
:10865000000000000000000000000000000000001A
:10866000000000000000000000000000000000000A
:10867000000000000000000000FFFFFFFF00C0FF3F
:10868000FFFFFF07E0FFFFFFFF0FF0FFFFFFFF1FF0
:10869000F8FFFFFFFF3FFCFFFFFFFF3FFC03000071
:1086A000807FFE000000007FFE000000007E7E0054
:1086B0000000007E7E000000007C7E000000007C48
:1086C0007E000000007C7E000000007EFE000000B6
:1086D000007EFC000000007FFC030000C07FFCFF68
:1086E000FFFFFF3FF8FFFFFFFF3FF0FFFFFFFF1F10
:1086F000E0FFFFFFFF0FC0FFFFFFFF0300FFFFFFD3
:10870000FF0000000000000000000000000000006A
:108710000000000000000000000000000000000059
:10872000000000000000000000000000C00F00007A
:108730000000E00700000000F00700000000F00368
:1087400000000000F80100000000FC010000000033
:10875000FC0000000000FCFFFFFFFF7FFCFFFFFFAD
:10876000FF7FFCFFFFFFFF7FFCFFFFFFFF7FFCFFA2
:10877000FFFFFF7FFCFFFFFFFF7F00000000000006
:1087800000000000000000000000000000000000E9
:1087900000000000000000000000000000000000D9
:1087A00000000000000000000000000000000000C9
:1087B00000000000000000000000000000000000B9
:1087C00000000000000000000000000000000000A9
:1087D0000000000000000000000000000000000099
:1087E0000000000000000000000000000000000089
:1087F0000000003C0000007E803F0000007FE03F62
:108800000000C07FF03F0000E07FF83F0000F87FED
:10881000F83F0000FC7FFC0F0000FF7FFC010080A0
:10882000FF7FFE0000E0FF7F7E0000F07F7E7E0085
:1088300000FC3F7E7E0000FE0F7E7E0080FF077EF4
:108840007E00C0FF017EFE00F0FF007EFC00FC3FCA
:10885000007EFC83FF1F007EFCFFFF07007EF8FF09
:10886000FF01007EF8FFFF00007EF0FF3F00007E6A
:10887000C0FF0F00007E00FF0100007E000000002E
:1088800000000000000000000000000000000000E8
:1088900000000000000000000000000000000000D8
:1088A00000000000000000000000000000000000C8
:1088B0001800003C0000F801803F0000F807E03F8E
:1088C0000000F80FF03F0000F81FF83F0000F83FED
:1088D000FC3F0000F83FFC0F0000807FFC0100001F
:1088E000007FFE000000007E7E00F003007E7E0020
:1088F000F003007E7E00F003007C7E00F003007E2B
:108900007E00F007007EFE00F007007EFC01FC0FF9
:10891000007FFCFFFF3FC07FFCFF7FFFFF3FF8FFB2
:108920003FFFFF3FF0FF1FFEFF1FE0FF0FFEFF0FA7
:1089300080FF07F8FF07000000E0FF0000000000D4
:108940000000000000000000000000000000000027
:108950000000000000000000000000000000000017
:108960000000000000000000000000000000000007
:10897000000000000000FC0000000080FF0000007C
:1089800000E0FF00000000FCFF00000000FFFF000F
:108990000000E0FFFF000000FCFFFF000000FFFF01
:1089A000FD0000E0FF3FFC0000FCFF0FFC0000FFAB
:1089B000FF01FC00E0FF3F00FC00FCFF0F00FC009B
:1089C000FCFF0100FC00FC3F0000FC00FC0F00006D
:1089D000FC00FC010000FC003C00F0FFFF7F0C00ED
:1089E000F0FFFF7F0000F0FFFF7F0000F0FFFF7F40
:1089F0000000F0FFFF7F0000F0FFFF7F000000009D
:108A0000FC0000000000FC0000000000FC00000072
:108A10000000FC000000000000000000000000005A
:108A20000000000000000000000000000000000046
:108A3000000000000000000000000000F000FCFF4B
:108A4000FF03F003FCFFFF03F00FFCFFFF03F01F29
:108A5000FCFFFF03F03FFCFFFF03F03FFCFFFF03C1
:108A6000C07F7C00FC00007F7C007E00007E7C00DC
:108A70003F00007E7C003F00007C7C003F00007CCB
:108A80007C003F00007E7C003F00007E7C007F0079
:108A9000007E7C00FF00807F7C00FEFFFF3F7C00AB
:108AA000FEFFFF3F7C00FCFFFF1F7C00F8FFFF0F75
:108AB0007C00F0FFFF077C00C0FFFF01000000FC0E
:108AC0001F00000000000000000000000000000087
:108AD0000000000000000000000000000000000096
:108AE0000000000000000000000000000000000086
:108AF0000000000000F8FF00000000FFFF0300007E
:108B0000C0FFFF0F0000F8FFFF1F0000FEFFFF3F48
:108B10000080FFFFFF3F00E0FF1FC07F00F8FF0F56
:108B2000007F00FEFF07007EC0FFEF03007EF0FF26
:108B3000F303007EFCFFF003007EFC3FF003007EA9
:108B4000FC0FF003007EFC03F007007EFC00F00F3A
:108B5000007F3C00E03FE07F0400E0FFFF3F0000BB
:108B6000C0FFFF1F0000C0FFFF1F000080FFFF07C6
:108B7000000000FEFF03000000F07F000000000086
:108B800000000000000000000000000000000000E5
:108B900000000000000000000000000000000000D5
:108BA00000000000000000000000000000000000C5
:108BB0000000FC1F00000000FC1F00000000FC1F64
:108BC00000000000FC1F00000000FC1F000000006F
:108BD000FC1F000000707C000000007F7C00000093
:108BE000E07F7C000000FE7F7C0000C0FF7F7C00F7
:108BF00000FCFF7F7C00C0FFFF3F7C00F8FFFF030D
:108C00007C80FFFF3F007CF8FFFF07007CFFFF7FB9
:108C10000000FCFFFF070000FCFFFF000000FCFF5E
:108C20000F000000FCFF00000000FC1F000000001F
:108C3000FC01000000000000000000000000000037
:108C40000000000000000000000000000000000024
:108C50000000000000000000000000000000000014
:108C60000000000000000000000000000000000004
:108C7000000000000000000000FC01F0FF0180FF88
:108C80000FFCFF07E0FF1FFEFF0FF0FF3FFFFF1F7E
:108C9000F8FFFFFFFF3FFCFFFFFFFF3FFCFFFF1F51
:108CA000807FFC01F80F007FFE00F007007E7E0051
:108CB000F007007E7E00F003007E7E00E003007E71
:108CC0007E00F003007E7E00F007007EFE00F007CD
:108CD000007EFC01F80F007FFC07FE1F807FFCFF79
:108CE000FFFFFF3FF8FFFFFFFF3FF0FF3FFFFF1FCA
:108CF000E0FF1FFEFF0FC0FF0FFCFF0700FE03F0A9
:108D0000FF01000000803F000000000000000000A4
:108D10000000000000000000000000000000000053
:108D20000000000000000000000000000000000043
:108D3000000000FE1F000000C0FFFF000000E0FF79
:108D4000FF010000F0FFFF030000F8FFFF07000035
:108D5000FCFFFF070060FC07F80F0078FC01E00F44
:108D6000007EFE00C00FC07F7E00C00FF07F7E003F
:108D7000800FFC7F7E00800FFF3F7E0080CFFF0FC3
:108D80007E00C0FFFF03FE00C0FFFF00FC01E0FF0C
:108D90003F00FC07FCFF0700F8FFFFFF0100F8FFA2
:108DA000FF7F0000F0FFFF1F0000E0FFFF07000053
:108DB00080FFFF00000000FC0F000000000000002A
:108DC00000000000000000000000000000000000A3
:108DD0000000000000000000000000000000000093
:108DE0000000000000000000000000000000000083
:108DF0000000000000000000000000000000000073
:108E00000000000000008003000E0000C007001FEB
:108E10000000E00F803F0000E00F803F0000E00F07
:108E2000803F0000C007001F00008003000E00000C
:108E30000000000000000000000000000000000032
:108E40000000000000000000000000000000000022
:108E50000000000000000000000000000000000012
:108E60000000000000000000000000000000000002
:108E700000000000000000000000000000000000F2
:108E800000000000000000000000000000000000E2
:108E900000000000000000000000000000000000D2
:108EA00000000000000000000000000000000000C2
:108EB00000000000000000000000000000000000B2
:108EC00000000000000000000000000000000000A2
:108ED0000000000000000000000000000000000092
:108EE0000000000000000000000000000000000082
:108EF0000000000000000000000000000000000072
:108F00000000000000000000000000000000000061
:108F10000000000000000000000000000000000051
:108F20000000000000000000000000000000000041
:108F30000000000000000000000000000000000031
:108F40000000000000000000000000000000000021
:108F50000000000000000000000000000000000011
:108F60000000000000000000000000000000000001
:108F700000000000000000000000000000000000F1
:108F80000000000000F80100000000F801000000EF
:108F900000F80100000000F80100000000F80100E6
:108FA000000000F80100000000F80100000000F8D7
:108FB0000100000000F80100000000F801000000BE
:108FC00000F80100000000F80100000000F80100B6
:108FD000000000F80100000000F80100000000F8A7
:108FE0000100000000F80100000000F8010000008E
:108FF0000000000000000000000000000000000071
:109000000000000000000000000000000000000060
:109010000000000000000000000000000000000050
:109020000000000000000000000000000000000040
:109030000000000000000000000000000000000030
:109040000000000000000000000000000000000020
:109050000000000000000000000000000000000010
:109060000000000000000000000000000000000000
:1090700000000000000000000000000000000000F0
:1090800000000000000000000000000000000000E0
:1090900000000000000000000000000000000000D0
:1090A00000000000000000000000000000000000C0
:1090B00000000000000000000000000000000000B0
:1090C00000000000000000000000000000000000A0
:1090D0000000000000000000000000000000000090
:1090E0001300002000003C00803F00F03F00FE1F06
:1090F000C0FF03F8FF01FCCF01FCC1013CC001FC33
:10910000C101FCCF01F8FF01C0FF0300FE1F00F00A
:109110003F00803F00003C000020000000000000F5
:10912000000000000000000000130000000000002C
:10913000FCFF3FFCFF3FFCFF3FFCFF3F3C3C3C3C57
:109140003C3C3C3C3C3C3C3C3C3C3C3C3C3C3C3C5F
:109150003C7C3E3CFC7F3EF8FF3FF0F71FE0E10F18
:1091600000C0070000000000000000000000000038
:1091700000001300000000FF00C0FF03E0FF07F045
:10918000FF0FF8811F78001E7C003E3C003C3C0035
:109190003C3C003C3C003C3C003E7C003EF8801FD8
:1091A000F8C11FF0C10FE0800780800100000000BF
:1091B000000000000000000000000013000000009C
:1091C0000000FCFF3FFCFF3FFCFF3FFCFF3F3C007B
:1091D0003C3C003C3C003C3C003C3C003C3C003CFB
:1091E0003C003C7C003EF8811FF8FF1FF0FF0FC0E1
:1091F000FF0300FF0000000000000000000000006E
:109200000000000011000000000000FCFF3FFCFF18
:109210003FFCFF3FFCFF3F3C3C3C3C3C3C3C3C3C7F
:109220003C3C3C3C3C3C3C3C3C3C3C3C3C3C3C3C7E
:109230003C3C3C3C3C3C003C00000000000000008A
:10924000000000000000000000000000001000000E
:1092500000000000FCFF3FFCFF3FFCFF3FFCFF3F26
:109260003C3C003C3C003C3C003C3C003C3C003C6A
:109270003C003C3C003C3C003C3C003C000000000E
:1092800000000000000000000000000000000000DE
:1092900000000000000013000000007F00C0FF037A
:1092A000E0FF07F0FF0FF8811F78001F7C003E3CB5
:1092B000003C3C003C3C003C3C783C3C783C7C78AE
:1092C0003EF8781EF8F91FF0F90FE0F80FC0F80724
:1092D000000000000000000000000000000000127C
:1092E000000000000000FCFF3FFCFF3FFCFF3FFCD4
:1092F000FF3F003C00003C00003C00003C00003C04
:1093000000003C00003C00003C00FCFF3FFCFF3F35
:10931000FCFF3FFCFF3F00000000000000000000D9
:109320000000000000000000060000000000000037
:1093300000000000003C003C3C003C3C003C3C0089
:109340003C3C003CFCFF3FFCFF3FFCFF3FFCFF3F81
:109350003C003C3C003C3C003C3C003C3C003C00B5
:1093600000000000000000000000000000000000FD
:10937000000D00800300800F00801F00803F000070
:109380003E00003C00003C00003C00003EFCFF1F93
:10939000FCFF1FFCFF0FFCFF0300000000000000AB
:1093A00000000000000000000000000000000000BD
:1093B000000000000000000000001300000000009A
:1093C00000FCFF3FFCFF3FFCFF3FFCFF3F007C0039
:1093D000003E00001F00801F00C07F00E0FF00F083
:1093E000F903F8F00F7CC01F3C003F1C003E0C004E
:1093F0003804003000000000000000000000000001
:1094000000000010000000000000FCFF3FFCFF3FD8
:10941000FCFF3FFCFF3F00003C00003C00003C0024
:10942000003C00003C00003C00003C00003C000010
:109430003C00003C000000000000000000000000B4
:109440000000000000000000000000001400000008
:10945000FCFF3FFCFF3FFCFF3FFCFF3F3C0000FCEC
:109460000700F87F0080FF0F00F83F00003F00F882
:109470003F80FF0FF87F00FC07003C0000FCFF3F2F
:10948000FCFF3FFCFF3FFCFF3F000000000000002E
:10949000000000000012000000000000FCFF3FFC84
:1094A000FF3FFCFF3FFCFF3FF80100F00700C01F3B
:1094B00000003F0000FC0000F80300E00F00803FC8
:1094C000FCFF3FFCFF3FFCFF3FFCFF3F00000000B4
:1094D0000000000000000000000000000000140078
:1094E000000000FF00C0FF03E0FF07F0FF0FF8815E
:1094F0001F78001F7C003E3C003C3C003C3C003C94
:109500003C003C3C003C7C003EF8001FF8811FF012
:10951000FF0FE0FF07C0FF0300FF00000000000096
:109520000000000000000011000000000000FCFF2F
:109530003FFCFF3FFCFF3FFCFF3F3C3C003C3C004E
:109540003C3C003C3C003C3C003C3C007C3E00FC85
:109550001F00F81F00F00F00E007000000000000EF
:1095600000000000000000000000000000000000FB
:109570001500000000FF00C0FF03E0FF07F0FF0F31
:10958000F8811FF8001F7C003E3C003C3C003C3C46
:10959000003D3C803D3C803F7C003FF8001FF8814F
:1095A0001FF0FF3FE0FF7FC0FFF300FFF00000204F
:1095B0000000000000000000001400000000000097
:1095C000FCFF3FFCFF3FFCFF3FFCFF3F3C3C003CFF
:1095D0003C003C3C003C3C003C7C003CFC003CFC37
:1095E000037CDE07FCDF1FF89F3FF00F3EE0033CEB
:1095F000000030000020000000000000000000001B
:10960000000011000000008001E08307F0870FF8E0
:109610008F1FF80F1F7C1F3E3C1E3C3C1E3C3C3EF7
:109620003C3C3C3C7C3C3CF87C3EF8F81FF0F81F8E
:10963000C0F00F00E0030000000000000000000088
:109640000000000000000000000000110000003CCD
:1096500000003C00003C00003C00003C00003C00DE
:1096600000FCFF3FFCFF3FFCFF3FFCFF3F3C0000D6
:109670003C00003C00003C00003C00003C000000BE
:1096800000000000000000000000000000000000DA
:109690000000000012000000000000FCFF03FCFFBF
:1096A0000FFCFF1FFCFF1F00003F00003E00003CBE
:1096B00000003C00003C00003C00003E00003EFC7E
:1096C000FF1FFCFF1FFCFF0FFCFF0300000000005A
:1096D00000000000000000000000000000110C006D
:1096E000007C0000FC0300FC3F00F8FF0180FF0F3E
:1096F00000F83F00803F00003800803F00F83F80C6
:10970000FF0FF8FF01FC3F00FC03007C00000C0091
:109710000000000000000000000000000000000049
:10972000000000000000180C0000FC0100FC3F00DD
:10973000FCFF07E0FF3F00F83F00003C00C03F0097
:10974000FE3FE0FF03FC3F00FC03003C0000FC0385
:1097500000FC3F00E0FF0300FE3F00C03F00003C74
:1097600000F83FE0FF3FFCFF07FC3F00FC01001159
:109770000000000000300C00381C003E7C803FFCE4
:10978000E11FF8F307E0FF01807F00807F00E0FF2A
:1097900001F8F307FCC11F7C803F1C003E0C003821
:1097A0000000300000000000000000000000000089
:1097B0000000000000000000120C00001C00007CF3
:1097C0000000FC0000F80300F00700C01F0000FFCD
:1097D0003F00FE3F00FE3F00FF3FC01F00F00700BC
:1097E000F80300FC00007C00001C00000C000000DE
:1097F0000000000000000000000000000000000069
:10980000001000003C3C003E3C003F3C803F3CC020
:109810003F3CF03D3CF83C3C7C3C3C3E3C3C1F3CEF
:10982000BC073CFC033CFC013CFC003C7C003C3C99
:10983000003C0000000000000000000000000000EC
:10984000000000000000000000000D00000000000B
:109850000000000000000000000000000000000008
:1098600000000000000000000000000000000000F8
:1098700000000000000000000000000000000000E8
:1098800000000000000000000000000000000000D8
:1098900000000006000000000000FC073CFCFF3C4C
:1098A000FCFF3CFC073C0000000000000000000042
:1098B00000000000000000000000000000000000A8
:1098C0000000000000000000000000000000000098
:1098D0000000000000000000000000000B0000007D
:1098E000FC0000FC0100FC0100FC00000000000086
:1098F0000000FC0000FC0100FC0100FC0000000076
:109900000000000000000000000000000000000057
:109910000000000000000000000000000000000047
:1099200000000000000F80C30180C33980C33F8066
:10993000FF3FF0FF0FFCFF01FCC3019CC33980C354
:109940003F80FF3FF0FF0FFCFF01FCC3019CC30100
:1099500080C30100000000000000000000000000C3
:1099600000000000000000000000000000000E00E9
:109970000000000000E00303F0070FF80F1F3C1E7B
:109980003E1C1E38FEFFFFFEFFFF1C3C383C783CAF
:1099900078F81F70F00F60E0070000000000000082
:1099A00000000000000000000000000000000000B7
:1099B0000000000000000017000000F00300F8079E
:1099C00000FC0F000C0C000C0C000C0C60FC0F7861
:1099D000F8077EF0831F00E00700F801007E00C05A
:1099E0001F00F0871FFCC13F7CE07F0C60600060BF
:1099F0006000606000E07F00C03F00801F0000004A
:109A00001300000000C00700E00FF0F01FF8FB1F7C
:109A1000F87F3CFC3F381C3F381C7E381CFF3CFC68
:109A2000FF3FF8E31FF8C31FF0C00F00E01F00E086
:109A30001F00E03C00001C000008000000000000C7
:109A400000000000000000000005000000FC000015
:109A5000FC0100FC0100FC00000000000000000010
:109A600000000000000000000000000000000000F6
:109A700000000000000000000000000000000000E6
:109A800000000000000000000000000000000000D6
:109A900000000800000000FC0780FF3FE0FFFFF827
:109AA000FFFFFC01F03C008004000000000000000B
:109AB00000000000000000000000000000000000A6
:109AC0000000000000000000000000000000000096
:109AD000000000000000000000000008000000047A
:109AE00000003C0080FC01F0F8FFFFE0FFFF80FF7A
:109AF0003F00FC0700000000000000000000000024
:109B00000000000000000000000000000000000055
:109B10000000000000000000000000000000000045
:109B2000000000000A300000300200200700E003BF
:109B300000FC0000FC0000E00300200700300200F1
:109B400030000000000000000000000000000000E5
:109B50000000000000000000000000000000000005
:109B6000000000000000000000000000000F0000E6
:109B700000003C00003C00003C00003C00003C00B9
:109B8000E0FF07E0FF07E0FF07E0FF07003C000001
:109B90003C00003C00003C00003C000000000000D5
:109BA00000000000000000000000000000000000B5
:109BB0000000000000000600000000000000003C63
:109BC0000000BC0000FC0000FC00000000000000E1
:109BD0000000000000000000000000000000000085
:109BE0000000000000000000000000000000000075
:109BF000000000000000000000000000000000095C
:109C000000000000E00100E00100E00100E00100D0
:109C1000E00100E00100E00100E0010000000000C0
:109C20000000000000000000000000000000000034
:109C30000000000000000000000000000000000024
:109C4000000000000000000006000000000000000E
:109C5000003C00003C00003C00003C000000000014
:109C600000000000000000000000000000000000F4
:109C700000000000000000000000000000000000E4
:109C800000000000000000000000000000000000D4
:109C9000000800003000003F00F03F00FF0FF0FF21
:109CA00000FC0F00FC00000C0000000000000000A1
:109CB00000000000000000000000000000000000A4
:109CC0000000000000000000000000000000000094
:109CD000000000000000000000000E00000080FFF7
:109CE00001E0FF07F8FF1FF8FF1F7C003E1C003853
:109CF0001C00381C00387C003EF8FF1FF8FF1FE0F6
:109D0000FF0780FF010000000000000000000000CD
:109D10000000000000000000000000000000000043
:109D20000000000B000000000000800700C00300DE
:109D3000C00300E00100F00000F8FF3FFCFF3FFC23
:109D4000FF3FFCFF3F00000000000000000000009B
:109D50000000000000000000000000000000000003
:109D60000000000000000000000000000E000000E5
:109D7000C00030F0003CF8003FF8803F3CC03F1C82
:109D8000E03B1CF0391CF8383C7C38FC3F38F81FAD
:109D900038F00F38E0033800000000000000000039
:109DA00000000000000000000000000000000000B3
:109DB00000000000000E00000060000370000F783B
:109DC000001F7C001F3C003C1C0E381C0E383C0F52
:109DD00038FC1F3CF8FB1FF0FB1FE0F00F00E00316
:109DE0000000000000000000000000000000000073
:109DF00000000000000000000000000000000E0055
:109E0000C00300E00300F80300BC03009F03808749
:109E100003E08303F08003FCFF3FFCFF3FFCFF3FB8
:109E2000FCFF3F00800300800300000000000000F2
:109E30000000000000000000000000000000000022
:109E4000000000000000000E000000000E06F00FF1
:109E50000EFC0F1EFC0F3E3C063C1C07381C07384E
:109E60001C07381C0F3C1CFF1F1CFE1F1CFC07009E
:109E7000F0030000000000000000000000000000EF
:109E800000000000000000000000000000000000D2
:109E90000E00000000FF01E0FF07F0FF0FF8FF1FBA
:109EA000781C3C1C0E381C0E381C0E383C1E3C7CAA
:109EB000FE1F78FC1F70F80F60E003000000000038
:109EC0000000000000000000000000000000000092
:109ED0000000000000000000000E0000001C000058
:109EE0001C00001C003C1CC03F1CF83F1CFE3F1C1B
:109EF000FF03DC3F00FC0F00FC0300FC00007C00C3
:109F0000003C000000000000000000000000000015
:109F10000000000000000000000000000000000041
:109F200000000E000000E0C107F0E30FF8F71FFC8F
:109F3000FF1F3C3E3C1C1C381C1C381C1C383C3E83
:109F40003CFCFF1FF8F71FF0E30FE0C10700000023
:109F50000000000000000000000000000000000001
:109F600000000000000000000000000E000000C023
:109F70000706F01F1EF83F1EF87F3E3C783C1C7021
:109F8000381C70381C70383C381EF8FF1FF0FF0F6B
:109F9000E0FF0780FF00000000000000000000005C
:109FA00000000000000000000000000000000000B1
:109FB0000000000007000000000000000000800713
:109FC0003C80073C80073C80073C0000000000000C
:109FD0000000000000000000000000000000000081
:109FE0000000000000000000000000000000000071
:109FF000000000000000000000000000000700005A
:10A000000000000000000080073C8007BC8007FCC7
:10A010008007FC00000000000000000000000000BD
:10A020000000000000000000000000000000000030
:10A030000000000000000000000000000000000020
:10A040000000000000000E000000003800007C004E
:10A05000007C0000FE0000EE0000EF0100C7018060
:10A06000C70380C703808303C08307C08307E00161
:10A070000F000000000000000000000000000000D1
:10A080000000000000000000000000000000000FC1
:10A0900000000080E70180E70180E70180E70180A0
:10A0A000E70180E70180E70180E70180E70180E7C1
:10A0B0000180E70180E70180E70180E701000000FF
:10A0C0000000000000000000000000000000000090
:10A0D00000000000000000000E000000E0010FC0C2
:10A0E0008307C0830780830380C70380C70300C73B
:10A0F0000100EF0100EE0000FE00007C00007C008B
:10A100000038000000000000000000000000000017
:10A11000000000000000000000000000000000003F
:10A12000000F000000C00000F00000F80000F80080
:10A13000007C00001CE03C1CF83C1CF83C1CFC3C77
:10A140003C3E00F81F00F80F00F00700E00300009D
:10A1500000000000000000000000000000000000FF
:10A1600000000000000000000000000000000000EF
:10A1700000000000000000000000000000000000DF
:10A1800000000000000000000000000000000000CF
:10A1900000000000000000000000000000000000BF
:10A1A00000000000000000000000000000000000AF
:10A1B000000000000000000000000000000000009F
:10A1C000000000000000000000000000000000008F
:10A1D000000000000000000000000000000000007F
:10A1E000000000000000000000000000000000006F
:10A1F000000000000000000000000000000000005F
:10A20000000000000000000000000000000000004E
:10A21000000000000000000000000000000000003E
:10A22000000000000000000000000000000000002E
:10A23000000000000000000000000000000000001E
:10A24000000000000000000000000000000000000E
:10A2500000000000000000000000000000000000FE
:10A2600000000000000000000000000000000000EE
:10A2700000000000000000000000000000000000DE
:10A2800000000000000000000000000000000000CE
:10A2900000000000000000000000000000000000BE
:10A2A00000000000000000000000000000000000AE
:10A2B000000000000000000000000000000000009E
:10A2C000000000000000000000000000000000008E
:10A2D000000000000000000000000000000000007E
:10A2E000000000000000000000000000000000006E
:10A2F000000000000000000000000000000000005E
:10A30000000000000000000000000000000000004D
:10A31000000000000000000000000000000000003D
:10A32000000000000000000000000000000000002D
:10A33000000000000000000000000000000000001D
:10A34000000000000000000000000000000000000D
:10A3500000000000000000000000000000000000FD
:10A3600000000000000000000000000000000000ED
:10A3700000000000000000000000000000000000DD
:10A3800000000000000000000000000000000000CD
:10A3900000000000000000000000000000000000BD
:10A3A00000000000000000000000000000000000AD
:10A3B000000000000000000000000000000000009D
:10A3C000000000000000000000000000000000008D
:10A3D000000000000000000000000000000000007D
:10A3E000000000000000000000000000000000006D
:10A3F000000000000000000000000000000000005D
:10A40000000000000000000000000000000000004C
:10A41000000000000000000000000000000000003C
:10A42000000000000000000000000000000000002C
:10A43000000000000000000000000000000000001C
:10A44000000000000000000000000000000000000C
:10A4500000000000000000000000000000000000FC
:10A4600000000000000000000000000000000000EC
:10A4700000000000000000000000000000000000DC
:10A4800000000000000000000000000000000000CC
:10A4900000000000000000000000000000000000BC
:10A4A00000000000000000000000000000000000AC
:10A4B000000000000000000000000000000000009C
:10A4C000000000000000000000000000000000008C
:10A4D000000000000000000000000000000000007C
:10A4E000000000000000000000000000000000006C
:10A4F000000000000000000000000000000000005C
:10A50000000000000000000000000000000000004B
:10A51000000000000000000000000000000000003B
:10A52000000000000000000000000000000000002B
:10A53000000000000000000000000000000000001B
:10A54000000000000000000000000000000000000B
:10A5500000000000000000000000000000000000FB
:10A5600000000000000000000000000000000000EB
:10A5700000000000000000000000000000000000DB
:10A5800000000000000000000000000000000000CB
:10A5900000000000000000000000000000000000BB
:10A5A00000000000000000000000000000000000AB
:10A5B000000000000000000000000000000000009B
:10A5C000000000000000000000000000000000008B
:10A5D000000000000000000000000000000000007B
:10A5E000000000000000000000000000000000006B
:10A5F000000000000000000000000000000000005B
:10A60000000000000000000000000000000000004A
:10A61000000000000000000000000000000000003A
:10A62000000000000000000000000000000000002A
:10A63000000000000000000000000000000000001A
:10A64000000000000000000000000000000000000A
:10A6500000000000000000000000000000000000FA
:10A6600000000000000000000000000000000000EA
:10A6700000000000000000000000000000000000DA
:10A6800000000000000000000000000000000000CA
:10A6900000000000000000000000000000000000BA
:10A6A00000000000000000000000000000000000AA
:10A6B000000000000000000000000000000000009A
:10A6C000000000000000000000000000000000008A
:10A6D000000000000000000000000000000000007A
:10A6E000000000000000000000000000000000006A
:10A6F000000000000000000000000000000000005A
:10A700000000000000000000000000000000000049
:10A710000000000000000000000000000000000039
:10A720000000000000000000000000000000000029
:10A730000000000000000000000000000000000019
:10A740000000000000000000000000000000000009
:10A7500000000000000000000000000000000000F9
:10A7600000000000000000000000000000000000E9
:10A7700000000000000000000000000000000000D9
:10A7800000000000000000000000000000000000C9
:10A7900000000000000000000000000000000000B9
:10A7A00000000000000000000000000000000000A9
:10A7B0000000000000000000000000000000000099
:10A7C0000000000000000000000000000000000089
:10A7D0000000000000000000000000000000000079
:10A7E0000000000000000000000000000000000069
:10A7F0000000000000000000000000000000000059
:10A800000000000000000000000000000000000048
:10A810000000000000000000000000000000000038
:10A820000000000000000000000000000000000028
:10A830000000000000000000000000000000000018
:10A840000000000000000000000000000000000008
:10A8500000000000000000000000000000000000F8
:10A8600000000000000000000000000000000000E8
:10A8700000000000000000000000000000000000D8
:10A8800000000000000000000000000000000000C8
:10A8900000000000000000000000000000000000B8
:10A8A00000000000000000000000000000000000A8
:10A8B0000000000000000000000000000000000098
:10A8C0000000000000000000000000000000000088
:10A8D0000000000000000000000000000000000078
:10A8E0000000000000000000000000000000000068
:10A8F0000000000000000000000000000000000058
:10A900000000000000000000000000000000000047
:10A910000000000000000000000000000000000037
:10A920000000000000000000000000000000000027
:10A930000000000000000000000000000000000017
:10A940000000000000000000000000000000000007
:10A9500000000000000000000000000000000000F7
:10A9600000000000000000000000000000000000E7
:10A9700000000000000000000000000000000000D7
:10A9800000000000000000000000000000000000C7
:10A9900000000000000000000000000000000000B7
:10A9A00000000000000000000000000000000000A7
:10A9B0000000000000000000000000000000000097
:10A9C0000000000000000000000000000000000087
:10A9D0000000000000000000000000000000000077
:10A9E0000000000000000000000000000000000067
:10A9F0000000000000000000000000000000000057
:10AA00000000000000000000000000000000000046
:10AA10000000000000000000000000000000000036
:10AA20000000000000000000000000000000000026
:10AA30000000000000000000000000000000000016
:10AA40000000000000000000000000000000000006
:10AA500000000000000000000000000000000000F6
:10AA600000000000000000000000000000000000E6
:10AA700000000000000000000000000000000000D6
:10AA800000000000000000000000000000000000C6
:10AA900000000000000000000000000000000000B6
:10AAA00000000000000000000000000000000000A6
:10AAB0000000000000000000000000000000000096
:10AAC0000000000000000000000000000000000086
:10AAD0000000000000000000000000000000000076
:10AAE0000000000000000000000000000000000066
:10AAF0000000000000000000000000000000000056
:10AB00000000000000000000000000000000000045
:10AB10000000000000000000000000000000000035
:10AB20000000000000000000000000000000000025
:10AB30000000000000000000000000000000000015
:10AB40000000000000000000000000000000000005
:10AB500000000000000000000000000000000000F5
:10AB600000000000000000000000000000000000E5
:10AB700000000000000000000000000000000000D5
:10AB800000000000000000000000000000000000C5
:10AB900000000000000000000000000000000000B5
:10ABA00000000000000000000000000000000000A5
:10ABB0000000000000000000000000000000000095
:10ABC0000000000000000000000000000000000085
:10ABD0000000000000000000000000000000000075
:10ABE0000000000000000000000000000000000065
:10ABF0000000000000000000000000000000000055
:10AC00000000000000000000000000000000000044
:10AC10000000000000000000000000000000000034
:10AC20000000000000000000000000000000000024
:10AC30000000000000000000000000000000000014
:10AC40000000000000000000000000E00000FE0026
:10AC5000C0FF00F83F80FF07F03F07FE03073E00FC
:10AC600007FE0107FC0F07C0FF0700FE0F00E0FF13
:10AC70000000FF0000F8000080000000000000005D
:10AC800000000000000000000000000000000000C4
:10AC90000000000000FEFFFFFEFFFFFEFFFF0E387A
:10ACA000E00E38E00E38E00E38E00E38E00E38E006
:10ACB0001E7CF0FCEFFFFCEF7FF0C73F00000000C0
:10ACC0000000000000000000000000000000000084
:10ACD0000000000000000000000000000000E0FF95
:10ACE0000FF8FF3FFCFF7F3C00781E00F00E00E0F5
:10ACF0000E00E00E00E01E00F03C0078FC007EF844
:10AD0000003EE0000E000000000000000000000017
:10AD10000000000000000000000000000000000033
:10AD200000000000000000FEFFFFFEFFFFFEFFFF2F
:10AD30000E00E00E00E00E00E00E00E00E00E00E5F
:10AD400000E01E00F0FCFF7FFCFF3FF0FF1F000053
:10AD500000000000000000000000000000000000F3
:10AD600000000000000000000000000000000000E3
:10AD7000FEFFFFFEFFFFFEFFFF0E38E00E38E00E85
:10AD800038E00E38E00E38E00E38E00E38E00E38CD
:10AD9000E00E00E0000000000000000000000000E5
:10ADA00000000000000000000000000000000000A3
:10ADB000000000000000000000FEFFFFFEFFFFFE9D
:10ADC000FFFF0E38000E38000E38000E38000E3827
:10ADD000000E38000E38000E38000E000000000093
:10ADE0000000000000000000000000000000000063
:10ADF0000000000000000000000000000000000053
:10AE00000000E0FF0FF8FF3FFCFF7F3C00781E00D2
:10AE1000F00E00E00E00E00E70E01E70E03C70F0FE
:10AE2000FCF07FF8F03FE0F01F00000000000000A1
:10AE30000000000000000000000000000000000012
:10AE40000000000000000000000000FEFFFFFEFF09
:10AE5000FFFEFFFF00380000380000380000380017
:10AE6000003800003800003800FEFFFFFEFFFFFE44
:10AE7000FFFF0000000000000000000000000000D4
:10AE800000000000000000000000000000000000C2
:10AE900000000000FEFFFFFEFFFFFEFFFF000000BE
:10AEA00000000000000000000000000000000000A2
:10AEB0000000000000000000000000000000000092
:10AEC0000000000000000000000000000000000082
:10AED0000000000000000000002000006000007082
:10AEE0000000F00000E00000E00000E00000F0FEE4
:10AEF000FF7FFEFF7FFEFF3FFEFF07000000000018
:10AF00000000000000000000000000000000000041
:10AF10000000000000000000000000000000000031
:10AF2000000000000000FEFFFFFEFFFFFEFFFF002D
:10AF3000F00100F800003E00003F00C0FF00F0FB01
:10AF400003F8E00F7E803F1E00FE0E00F80200E0D6
:10AF50000000800000000000000000000000000071
:10AF6000000000000000000000000000000000FEE3
:10AF7000FFFFFEFFFFFEFFFF0000E00000E000001B
:10AF8000E00000E00000E00000E00000E00000E081
:10AF90000000E000000000000000000000000000D1
:10AFA00000000000000000000000000000000000A1
:10AFB0000000000000000000FEFFFFFEFFFFFEFF9C
:10AFC000FFFC0300E00F00807F0000FC0300E00FA7
:10AFD00000801F00C01F00F80300FF00C01F00F822
:10AFE0000300FEFFFFFEFFFFFEFFFF00000000006A
:10AFF0000000000000000000000000000000000051
:10B0000000FEFFFFFEFFFFFEFFFFFC0000F003005D
:10B01000C00F00003F0000FC0000F00300C00F0064
:10B02000003FFEFFFFFEFFFFFEFFFF0000000000ED
:10B030000000000000000000000000000000000010
:10B0400000000000000000000000E0FF0FF8FF3FDC
:10B05000FCFF7F3C00781E00F00E00E00E00E00ECA
:10B0600000E00E00E01E00F0FCFF7FF8FF3FF0FF65
:10B070001F80FF030000000000000000000000002F
:10B0800000000000000000000000000000000000C0
:10B09000000000FEFFFFFEFFFFFEFFFF0E70000E30
:10B0A00070000E70000E70000E70000E70001E78A2
:10B0B00000FC3F00FC3F00F81F0000000000000003
:10B0C0000000000000000000000000000000000080
:10B0D000000000000000000000000000E0FF0FF88A
:10B0E000FF3FFCFF7F3C00781E00F00E00E00E00EA
:10B0F000E00E00E60E00EE1E00FCFCFF7FF8FF3FB6
:10B10000F0FF7F80FFE30000E0000040000000004F
:10B11000000000000000000000000000000000002F
:10B120000000000000FEFFFFFEFFFFFEFFFF0E38E5
:10B13000000E38000E38000E38000EF8000EF8032E
:10B140001EFC1FFC9F7FFC1FFEF80FF0C001C0001B
:10B1500000000000000000000000000000000000EF
:10B160000000000000000000000000000008F003E4
:10B1700038F80F7CFC0F7C1C1EF00E1CE00E3CE02F
:10B180000E38E00E38E01E78E03E70F07CF07F383C
:10B19000E03F20C01F000000000000000000000091
:10B1A000000000000000000000000000000000009F
:10B1B000000E00000E00000E00000E00000E000049
:10B1C000FEFFFFFEFFFFFEFFFF0E00000E00000E61
:10B1D00000000E00000E0000000000000000000053
:10B1E000000000000000000000000000000000005F
:10B1F000000000000000000000000000000000004F
:10B20000FEFF0FFEFF3FFEFF7F0000780000F00012
:10B2100000E00000E00000E00000E0000070FEFF41
:10B220007FFEFF3FFEFF0F00000000000000000057
:10B23000000000000000000000000000000000000E
:10B240000000000200003E0000FE0100FE1F00E0C2
:10B25000FF0100FE1F00E0FF0000FE0000FF00F005
:10B260007F00FF0FF8FF00FE0F00FE00000E000041
:10B2700000000000000000000000000000000000CE
:10B280000000000000000000000000000200007E3E
:10B290000000FE1F00FEFF0380FF7F00E0FF0000B4
:10B2A000F800C0FF00FE1FF0FF01FE0F00FE0100CE
:10B2B000FC3F00C0FF0300F87F0000FF0000FE001D
:10B2C000F8FFE0FF1FFEFF00FE03001E000000006D
:10B2D00000000000000000800600E01E00F87E0074
:10B2E000FEF8813FE0C70F80FF0300FE0080FF01F2
:10B2F000E0EF07F8831FFE007E3E00F80E00E0023C
:10B3000000800000000000000000000000000000BD
:10B310000000000000000000000000000000060027
:10B32000001E0000FE0000F80300E01F0000FFFF09
:10B3300000FCFF00FCFF803F00F00F00FC03007EDC
:10B3400000001E00000200000000000000000000DD
:10B3500000000000000000000000000000000000ED
:10B36000000000000000000000000000000E00F8D7
:10B370000E00FE0E80FF0EE0EF0EF8E30EFEE0CEB4
:10B380003FE0FE07E0FE01E07E00E01E00E000007E
:10B3900000000000000000000000000000000000AD
:10B3A000000000000000000000000000000000009D
:10B3B000000000000000000000000000F0FF1FFC83
:10B3C000FF7FFCFF7F1E00F00E00E00E00E00E008D
:10B3D000E00E00F0FEFFFFFCFF7FF8FF3FC0FF071D
:10B3E000000000000000000000000000000000005D
:10B3F000000000000000000000000000000000004D
:10B4000000003800001C00001E0000FEFFFFFEFFD1
:10B41000FFFEFFFF00000000000000000000000031
:10B42000000000000000000000000000000000001C
:10B43000000000000000000000000000000000000C
:10B440000000000000000000000000000000780084
:10B45000F07C00F87C00FE1E00FF0EC0EF0EE0E363
:10B460000EF8E11E7EE0FC3FE0FC0FE0F003E000A0
:10B4700000000000000000000000000000000000CC
:10B4800000000000000000000000000000000000BC
:10B490000000000000000C78003C7C007C7C00F880
:10B4A0001E00E00E1CE00E1CE00E1CE01E3FF0FC37
:10B4B000F77FF8F33FE0C11F00000000000000002C
:10B4C000000000000000000000000000000000007C
:10B4D000000000000000000000000000000000006C
:10B4E00000800F00F00F00FC0F80FF0EE01F0EFC2D
:10B4F000030EFE000E1E000E06FCFF00FCFF00FC0B
:10B50000FF00000E00000E00000000000000000020
:10B51000000000000000000000000000000000002B
:10B52000000000000000000000FE1F1CFE1F3CFE8B
:10B530001F7CFE0FF00E07E00E07E00E07E00E0F77
:10B54000F00EFF7F0EFE7F0EFC1F000000000000CB
:10B5500000000000000000000000000000000000EB
:10B5600000000000000000000000000000000000DB
:10B57000000300F03F00FE7F80FF7FE03FF0F81FF8
:10B58000E0FE1CE03E1CE0063CF000F87F00F83FC7
:10B5900000E00F00000000000000000000000000BC
:10B5A000000000000000000000000000000000009B
:10B5B00000000000000000007E00007E00007E0011
:10B5C000000E00C00E00FC0EC0FF0EF83F8EFF07FD
:10B5D000FE7F00FE0700FE00000E000000000000DD
:10B5E000000000000000000000000000000000005B
:10B5F000000000000000000000000000000000004B
:10B6000000000000F0C31FF8E77FFCFF7F1E7CF006
:10B610000E38E00E38E00E38E01E3CE0FC7FF8FC0F
:10B62000EF7FF8E73F00801F0000000000000000EF
:10B63000000000000000000000000000000000000A
:10B6400000000000000000000000800300F81F0060
:10B65000FC3F00FC7FC01E78F00E70FC0E707F0E69
:10B66000F01F1EF807FCFF01F83F00E00F0000008C
:10B6700000000000000000000000000000000000CA
:10B6800000000000000000000000000000000000BA
:10B69000000000000000000000000E1C001F3E0023
:10B6A0001F3E001F3E000E1C0000000000000000B6
:10B6B000000000000000000000000000000000008A
:10B6C000000000000000000000000000000000007A
:10B6D000000000000000000000000000000000006A
:10B6E000000000000000000000000000000000005A
:10B6F000000000000000000000000000000000004A
:10B700000000000000000000000000000000000039
:10B710000000000000000000000000000000000029
:10B720000000000000000000000000007800007829
:10B7300000007800007800007800007800007800B1
:10B740000078000078000078000000000000000091
:10B7500000000000000000000000000000000000E9
:10B7600000000000000000000000000000000000D9
:10B7700000000000000000001F0000003E00003E2E
:10B7800000001C000000000000000000000000009D
:10B7900000000000000000000000000000000000A9
:10B7A0000000000000000000000000000000000099
:10B7B0000000000000000000000000000000000089
:10B7C0000000000000000000000000000000000079
:10B7D0000000000000000000000000000000000069
:10B7E0000000000000000000000000000000000059
:10B7F0000000000000000000000000000000000049
:10B800000000000000000000000000000000000038
:10B810000000000000000000000000000000000028
:10B820000000000000000000000000000000000018
:10B830000000000000000000000000000000000008
:10B8400000000000000000000000000000000000F8
:10B85000000000000000000000001800001F800031
:10B860001FFC0007FFC0007FF00007F00001F000A0
:10B870001FF000FFC007FE001FE0001F80001F80B8
:10B88000001FFC0007FFC0007FF00007F00001F080
:10B89000001FF000FFC00FFE001FE0001F00001897
:10B8A00000000000000000001FFFF01FFFF01FFF5E
:10B8B000F018303018303018303018303018303040
:10B8C0001830301830301830301830301800300050
:10B8D00000000000000000001FFFF01FFFF01FFF2E
:10B8E000F000003000003000003000003000003078
:10B8F00000003000003000003000000000FE0003B7
:10B90000FF8007FFC00F01E00E00E01C00701C006C
:10B91000701800301800301800301C00700E00E065
:10B920000F01E00701C001018000000000000000DD
:10B93000000000FE0003FF8007FFC00F01E00E00C3
:10B94000E01C00701800301800301800301800306B
:10B950001800301C00700E00E00F01E007FFC0036C
:10B96000FF8000FE000000000000000000001FFF3C
:10B97000F01FFFF01FFFF01FE0000FFC0001FFC0F1
:10B98000001FF00003F00003F0001FF001FFC00FE4
:10B99000FC001FE0001FFFF01FFFF01FFFF0000082
:10B9A000000000000000001FFFF01FFFF01FFFF06D
:10B9B0001830301830301830301830301830301817
:10B9C0003030183030183030183030180030000067
:10B9D0000000000000000000000000000000000067
:10B9E0000000000000000000000000001800001827
:10B9F00000001800001800001800001800001FFFC9
:10BA0000F01FFFF01FFFF0180000180000180000E2
:10BA100018000018000018000000000000000000DE
:10BA2000FE0003FF8007FFC00F01E00E00E01C00D6
:10BA3000701800301800301800301800301800302E
:10BA40001C00700E00E00F01E007FFC003FF800044
:10BA5000FE000000000000000000000000000000E8
:10BA600000000000000000000000000000000000D6
:10BA700000000000000000000000000000000000C6
:10BA800000000000000000000000000000000000B6
:10BA900000000000000000000000000000000000A6
:10BAA0000000000000000000000000000000000096
:10BAB0000000000000000000000000000000000086
:10BAC0000000000000000000000000000000000076
:10BAD0000000000000000000000000000000000066
:10BAE00000001FFFF01FFFF01FFFF000000000002C
:10BAF000000000001FFFF01FFFF01FFFF00F80008D
:10BB000007E00001F000007C00001F00000FC000F3
:10BB100003E01FFFF01FFFF01FFFF0000000000018
:10BB2000000000001FFFF01FFFF01FFFF0180030A3
:10BB30001800301800301800301800301C00701C3D
:10BB400000700F01E00FFFE007FFC001FF000000E1
:10BB5000000000000000001FFFF01FFFF01FFFF0BB
:10BB60000000000000000000000000300001F000B4
:10BB700007F0003FC000FF0007FE001FC6001F06C1
:10BB8000001F06001FC60007FE0000FF00003FC0A8
:10BB90000007F00001F0000030000000000000008D
:10BBA00000001FFFF01FFFF01FFFF00F800007E0F5
:10BBB0000001F000007C00001F00000FC00003E047
:10BBC0001FFFF01FFFF01FFFF0000000000000004B
:10BBD0000000000000000000000000000000000065
:10BBE0000000000000000000000000000000000055
:10BBF0001FFFF01FFFF01FFFF01830001830001873
:10BC00003000183800183C00183E00183F001C7720
:10BC1000801FF3C00FE1E007C0F0000070000000DB
:10BC20000000300001F00007F0003FC000FF0007F7
:10BC3000FE001FC6001F06001F06001FC60007FEED
:10BC40000000FF00003FC00007F00001F0000030DE
:10BC50000000000000000000001FFFF01FFFF01FA9
:10BC6000FFF00000000000000000001FFFF01FFFB9
:10BC7000F01FFFF000003000003000003000003006
:10BC800000003000003000003000003000000018DC
:10BC900000001F80001FFC0007FFC0007FF00003B2
:10BCA000F00003F0001FF000FFC007FE001FE000DF
:10BCB0001F80001F80001FFC0007FFC0007FF000F6
:10BCC00003F00003F0001FF000FFC00FFE001FE0B4
:10BCD000001F00001800000000300001F00007F015
:10BCE000003FC000FF0007FE001FC6001F06001F28
:10BCF00006001FC60007FE0000FF00003FC000074F
:10BD0000F00001F0000030000000100000180000FA
:10BD10001E00000F000007800003E00001F000009B
:10BD20007FF0003FF0007FF000F00003E0000780AC
:10BD3000000F00001E0000180000100000000000AE
:10BD40000001C007C1E00FE1F01FF0701C70301857
:10BD500030301830301830301830301C30301F3848
:10BD6000700F3FF0071FE0000FC000000000000050
:10BD700000000000000000000000000000000000C3
:10BD800000000000000000000000000000000000B3
:10BD900000000000000000000000000000000000A3
:10BDA0000000000000000000000000000000000093
:10BDB0000000000000000000000000000000000083
:10BDC0000000000000000000000000000000000073
:10BDD0000000000000000000000000000000000063
:10BDE0000000000000000000000000000000000053
:10BDF0000000000000000000000000000000000043
:10BE00000000000000000000000000000000000032
:10BE10000000000000000000000000000000000022
:10BE20000000000000000000000000000000000012
:10BE30000000000000000000000000000000000002
:10BE400000000000000000000000000000000000F2
:10BE500000000000000000000000000000000000E2
:10BE600000000000000000000000000000000000D2
:10BE700000000000000000000000000000000000C2
:10BE800000000000000000000000000000000000B2
:10BE900000000000000000000000000000000000A2
:10BEA0000000000000000000000000000000000092
:10BEB0000000000000000000000000000000000082
:10BEC0000000000000000000000000000000000072
:10BED0000000000000000000000000000000000062
:10BEE0000000000000000000000000000000000052
:10BEF0000000000000000000000000000000000042
:10BF00000000000000000000000000000000000031
:10BF10000000000000000000000000000000000021
:10BF20000000000000000000000000000000000011
:10BF30000000000000000000000000000000000001
:10BF400000000000000000000000000000000000F1
:10BF500000000000000000000000000000000000E1
:10BF600000000000000000000000000000000000D1
:10BF700000000000000000000000000000000000C1
:10BF800000000000000000000000000000000000B1
:10BF900000000000000000000000000000000000A1
:10BFA0000000000000000000000000000000000091
:10BFB0000000000000000000000000000000000081
:10BFC0000000000000000000000000000000000071
:10BFD0000000000000000000000000000000000061
:10BFE0000000000000000000000000000000000051
:10BFF0000000000000000000000000000000000041
:10C000000000000000000000000000000000000030
:10C010000000000000000000000000000000000020
:10C020000000000000000000000000000000000010
:10C030000000000000000000000000000000000000
:10C0400000000000000000000000000000000000F0
:10C0500000000000000000000000000000000000E0
:10C0600000000000000000000000000000000000D0
:10C0700000000000000000000000000000000000C0
:10C0800000000000000000000000000000000000B0
:10C0900000000000000000000000000000000000A0
:10C0A0000000000000000000000000000000000090
:10C0B0000000000000000000000000000000000080
:10C0C0000000000000000000000000000000000070
:10C0D0000000000000000000000000000000000060
:10C0E0000000000000000000000000000000000050
:10C0F0000000000000000000000000000000000040
:10C10000000000000000000000000000000000002F
:10C11000000000000000000000000000000000001F
:10C12000000000000000000000000000000000000F
:10C1300000000000000000000000000000000000FF
:10C1400000000000000000000000000000000000EF
:10C1500000000000000000000000000000000000DF
:10C1600000000000000000000000000000000000CF
:10C1700000000000000000000000000000000000BF
:10C1800000000000000000000000000000000000AF
:10C19000000000000000000000000000000000009F
:10C1A000000000000000000000000000000000008F
:10C1B000000000000000000000000000000000007F
:10C1C000000000000000000000000000000000006F
:10C1D000000000000000000000000000000000005F
:10C1E000000000000000000000000000000000004F
:10C1F000000000000000000000000000000000003F
:10C20000000000000000000000000000000000002E
:10C21000000000000000000000000000000000001E
:10C22000000000000000000000000000000000000E
:10C2300000000000000000000000000000000000FE
:10C2400000000000000000000000000000000000EE
:10C2500000000000000000000000000000000000DE
:10C2600000000000000000000000000000000000CE
:10C2700000000000000000000000000000000000BE
:10C2800000000000000000000000000000000000AE
:10C29000000000000000000000000000000000009E
:10C2A000000000000000000000000000000000008E
:10C2B000000000000000000000000000000000007E
:10C2C000000000000000000000000000000000006E
:10C2D000000000000000000000000000000000005E
:10C2E000000000000000000000000000000000004E
:10C2F000000000000000000000000000000000003E
:10C30000000000000000000000000000000000002D
:10C31000000000000000000000000000000000001D
:10C32000000000000000000000000000000000000D
:10C3300000000000000000000000000000000000FD
:10C3400000000000000000000000000000000000ED
:10C3500000000000000000000000000000000000DD
:10C3600000000000000000000000000000000000CD
:10C3700000000000000000000000000000000000BD
:10C3800000000000000000000000000000000000AD
:10C39000000000000000000000000000000000009D
:10C3A000000000000000000000000000000000008D
:10C3B000000000000000000000000000000000007D
:10C3C000000000000000000000000000000000006D
:10C3D000000000000000000000000000000000005D
:10C3E000000000000000000000000000000000004D
:10C3F000000000000000000000000000000000003D
:10C40000000000000000000000000000000000002C
:10C41000000000000000000000000000000000001C
:10C42000000000000000000000000000000000000C
:10C4300000000000000000000000000000000000FC
:10C4400000000000000000000000000000000000EC
:10C4500000000000000000000000000000000000DC
:10C4600000000000000000000000000000000000CC
:10C4700000000000000000000000000000000000BC
:10C4800000000000000000000000000000000000AC
:10C49000000000000000000000000000000000009C
:10C4A000000000000000000000000000000000008C
:10C4B000000000000000000000000000000000007C
:10C4C000000000000000000000000000000000006C
:10C4D000000000000000000000000000000000005C
:10C4E000000000000000000000000000000000004C
:10C4F000000000000000000000000000000000003C
:10C50000000000000000000000000000000000002B
:10C51000000000000000000000000000000000001B
:10C52000000000000000000000000000000000000B
:10C5300000000000000000000000000000000000FB
:10C5400000000000000000000000000000000000EB
:10C5500000000000000000000000000000000000DB
:10C5600000000000000000000000000000000000CB
:10C5700000000000000000000000000000000000BB
:10C5800000000000000000000000000000000000AB
:10C59000000000000000000000000000000000009B
:10C5A000000000000000000000000000000000008B
:10C5B000000000000000000000000000000000007B
:10C5C000000000000000000000000000000000006B
:10C5D000000000000000000000000000000000005B
:10C5E000000000000000000000000000000000004B
:10C5F000000000000000000000000000000000003B
:10C60000000000000000000000000000000000002A
:10C61000000000000000000000000000000000001A
:10C62000000000000000000000000000000000000A
:10C6300000000000000000000000000000000000FA
:10C6400000000000000000000000000000000000EA
:10C6500000000000000000000000000000000000DA
:10C6600000000000000000000000000000000000CA
:10C6700000000000000000000000000000000000BA
:10C6800000000000000000000000000000000000AA
:10C69000000000000000000000000000000000009A
:10C6A000000000000000000000000000000000008A
:10C6B000000000000000000000000000000000007A
:10C6C000000000000000000000000000000000006A
:10C6D000000000000000000000000000000000005A
:10C6E000000000000000000000000000000000004A
:10C6F000000000000000000000000000000000003A
:10C700000000000000000000000000000000000029
:10C710000000000000000000000000000000000019
:10C720000000000000000000000000000000000009
:10C7300000000000000000000000000000000000F9
:10C7400000000000000000000000000000000000E9
:10C7500000000000000000000000000000000000D9
:10C7600000000000000000000000000000000000C9
:10C7700000000000000000000000000000000000B9
:10C7800000000000000000000000000000000000A9
:10C790000000000000000000000000000000000099
:10C7A0000000000000000000000000000000000089
:10C7B0000000000000000000000000000000000079
:10C7C0000000000000000000000000000000000069
:10C7D0000000000000000000000000000000000059
:10C7E0000000000000000000000000000000000049
:10C7F0000000000000000000000000000000000039
:10C800000000000000000000000000000000000028
:10C810000000000000000000000000000000000018
:10C820000000000000000000000000000000000008
:10C8300000000000000000000000000000000000F8
:10C8400000000000000000000000000000000000E8
:10C8500000000000000000000000000000000000D8
:10C8600000000000000000000000000000000000C8
:10C8700000000000000000000000000000000000B8
:10C8800000000000000000000000000000000000A8
:10C890000000000000000000000000000000000098
:10C8A0000000000000000000000000000000000088
:10C8B0000000000000000000000000000000000078
:10C8C0000000000000000000000000000000000068
:10C8D0000000000000000000000000000000000058
:10C8E0000000000000000000000000000000000048
:10C8F0000000000000000000000000000000000038
:10C900000000000000000000000000000000000027
:10C910000000000000000000000000000000000017
:10C920000000000000000000000000000000000007
:10C9300000000000000000000000000000000000F7
:10C9400000000000000000000000000000000000E7
:10C9500000000000000000000000000000000000D7
:10C9600000000000000000000000000000000000C7
:10C9700000000000000000000000000000000000B7
:10C9800000000000000000000000000000000000A7
:10C990000000000000000000000000000000000097
:10C9A0000000000000000000000000000000000087
:10C9B0000000000000000000000000000000000077
:10C9C0000000000000000000000000000000000067
:10C9D0000000000000000000000000000000000057
:10C9E0000000000000000000000000000000000047
:10C9F0000000000000000000000000000000000037
:10CA00000000000000000000000000000000000026
:10CA10000000000000000000000000000000000016
:10CA20000000000000000000000000000000000006
:10CA300000000000000000000000000000000000F6
:10CA400000000000000000000000000000000000E6
:10CA500000000000000000000000000000000000D6
:10CA600000000000000000000000000000000000C6
:10CA700000000000000000000000000000000000B6
:10CA800000000000000000000000000000000000A6
:10CA90000000000000000000000000000000000096
:10CAA0000000000000000000000000000000000086
:10CAB0000000000000000000000007F0000000007F
:10CAC0003F0000000000000000000000000007E040
:10CAD000000000FC000000000000000000FFFFFF5D
:10CAE00000003FFF00000003FFF00003FFFFC00055
:10CAF0000007FF0000007FFE00000FFFC0000000E5
:10CB00000000000000FFFFFF0001FFFFC000000F5A
:10CB1000FFFC0003FFFFF800000FFF000001FFFF14
:10CB200080003FFFF00000000000000000FFFFFF5A
:10CB30000003FFFFF000003FFFFF0003FFFFFE00C8
:10CB4000000FFF000003FFFFC0007FFFF8000000A0
:10CB50000000000000FFFFFF000FFFFFF800007F54
:10CB6000FFFF8003FFFFFF00000FFF800007FFFFB4
:10CB7000E001FFFFFC0000000000000000FFFFFFDD
:10CB8000001FFFFFFC0001FFFFFFE003FFFFFF802E
:10CB9000001FFF80000FFFFFF001FFFFFE000000FD
:10CBA0000000000000FFFFFF003FFFFFFE0003FF4B
:10CBB000FFFFE003FFFFFF80001FFF80001FFFFF5C
:10CBC000F803FFFFFF0000000000000000FFFFFF70
:10CBD000007FFFFFFF0003FFFFFFF003FFFFFFC029
:10CBE000001FFFC0001FF83FF803FF07FF00000011
:10CBF0000000000000FF000000FFF807FF8007FFB3
:10CC0000C0FFF803FE00FFC0003FFFC0003FF00F71
:10CC1000FC07FE01FF0000000000000000FF000014
:10CC200000FFE001FF800FFE003FFC03FE003FE03D
:10CC3000003FFFC0003FE00FFC07FC01FF80000049
:10CC40000000000000FF000001FF8000FFC00FFC9B
:10CC5000000FFC03FE003FE0007FFFE0003FE00725
:10CC6000FC07FC00FF8000000000000000FF000047
:10CC700001FF00007FE01FF80007FC03FE003FE01B
:10CC8000007F9FE0003FE0000007FC000000000084
:10CC90000000000000FF000003FE00003FE01FF066
:10CCA00000000003FE003FE0007F9FF0003FE00037
:10CCB0000007FC00000000000000000000FF000072
:10CCC00003FE00003FE03FE000000003FE003FE005
:10CCD00000FF8FF0003FF0000007FE0000000000A2
:10CCE0000000000000FF000003FC00001FF03FE018
:10CCF00000000003FE003FE000FF0FF0003FF800DF
:10CD00000007FF00000000000000000000FF00001E
:10CD100007FC00001FF03FE000000003FE003FE0C2
:10CD200000FF0FF8001FFE000003FFC0000000001E
:10CD30000000000000FF000007FC00001FF03FC0E3
:10CD400000000003FE003FE001FF07F8001FFFC0E6
:10CD50000003FFF0000000000000000000FFFFF0F3
:10CD600007FC00001FF07FC000000003FE007FC032
:10CD700001FE07F8000FFFF00001FFFE00000000B9
:10CD80000000000000FFFFF007FC00000FF07FC074
:10CD90000FFFFF03FE07FFC001FE07FC0007FFFEB9
:10CDA0000000FFFFC00000000000000000FFFFF0D7
:10CDB00007FC00000FF07FC00FFFFF03FFFFFF80A5
:10CDC00003FE03FC0003FFFF80007FFFF000000074
:10CDD0000000000000FFFFF007FC00000FF07FC024
:10CDE0000FFFFF03FFFFFF8003FC03FC0000FFFFBA
:10CDF000E0003FFFFC0000000000000000FFFFF02B
:10CE000007FC00000FF07FC00FFFFF03FFFFFF00D4
:10CE100007FC03FE00003FFFF00007FFFE000000DC
:10CE20000000000000FFFFF007FC00001FF07FC0C3
:10CE30000FFFFF03FFFFFC0007FC01FE000007FFE0
:10CE4000F80001FFFF0000000000000000FF0000EC
:10CE500007FC00001FF03FC00FFFFF03FFFFF800BB
:10CE600007F801FE000000FFFC00003FFF0000008B
:10CE70000000000000FF000007FC00001FF03FE082
:10CE80000000FF03FFFFC0000FF801FF0000003F9C
:10CE9000FC000007FF8000000000000000FF000011
:10CEA00003FC00001FF03FE00000FF03FE00000055
:10CEB0000FF801FF0000000FFC000001FF800000E0
:10CEC0000000000000FF000003FE00003FE03FE024
:10CED0000001FF03FE0000000FFFFFFF80000007BE
:10CEE000FE000000FF8000000000000000FF0000C6
:10CEF00003FE00003FE01FF00001FE03FE00000003
:10CF00001FFFFFFF80000003FE000000FFC00000C5
:10CF10000000000000FF000001FF00007FE01FF89C
:10CF20000003FE03FE0000001FFFFFFF8000000360
:10CF3000FE000000FFC000000000000000FF000035
:10CF400001FF8000FFC01FF80007FC03FE00000087
:10CF50001FFFFFFFC03FE003FE07FC00FF80000053
:10CF60000000000000FF000000FFC001FFC00FFE36
:10CF7000000FFC03FE0000003FFFFFFFC03FF00377
:10CF8000FE07FC00FF8000000000000000FF000022
:10CF900000FFF807FF8007FF803FF803FE00000056
:10CFA0003FFFFFFFC01FF007FC07FE00FF800000EF
:10CFB0000000000000FF0000007FFFFFFF0007FFF0
:10CFC000FFFFF003FE0000003FC0003FE01FF80F2E
:10CFD000FC03FF01FF8000000000000000FF0000D4
:10CFE000003FFFFFFE0003FFFFFFE003FE00000025
:10CFF0007FC0003FE00FFFFFF803FFFFFF000000CE
:10D000000000000000FF0000001FFFFFFC0001FF08
:10D01000FFFFC003FE0000007FC0001FE00FFFFF06
:10D02000F801FFFFFE0000000000000000FF00000C
:10D03000000FFFFFF80000FFFFFF8003FE0000006D
:10D04000FF80001FF007FFFFF000FFFFFE00000061
:10D050000000000000FF00000003FFFFF000003FA1
:10D06000FFFF0003FE000000FF80001FF003FFFF32
:10D07000E0007FFFFC0000000000000000FF000057
:10D080000001FFFFC000001FFFFC0003FE000000C6
:10D09000FF00000FF800FFFFC0003FFFF00000009E
:10D0A0000000000000FF000000007FFF0000000300
:10D0B000FFF00003FE000001FF00000FF8003FFF3B
:10D0C00000000FFFC00000000000000000FF000093
:10D0D000000007F8000000003F000003FE00000110
:10D0E000FF00000FF80007F8000000FE000000003D
:10D0F0000000000000000000000000000000000030
:10D10000000000000000000000000000000000001F
:10D11000000000000000000000000000000000000F
:10D1200000000000000000000000000000000000FF
:10D1300000000000000000000000000000000000EF
:10D1400000000000000000000000000000000000DF
:10D1500000000000000000000000000000000000CF
:10D1600000000000000000000000000000000000BF
:10D1700000000000000000000000000000000000AF
:10D18000000000000000000000000000000000009F
:10D19000000000000000000000000000000000008F
:10D1A000000000000000000000000000000000007F
:10D1B000000000000000000000000000000000006F
:10D1C000000000000000000000000000000000005F
:10D1D000000000000000000000000000000000004F
:10D1E000000000000000000000000000000000003F
:10D1F000000000000000000000000000000000002F
:10D20000000000000000000000000000000000001E
:10D21000000000000000000000000000000000000E
:10D2200000000000000000000000000000000000FE
:10D2300000000000000000000000000000000000EE
:10D2400000000000000000000000000000000000DE
:10D2500000000000000000000000000000000000CE
:10D2600000000000000000000000000000000000BE
:10D2700000000000000000000000000000000000AE
:10D28000000000000000000000000000000000009E
:10D29000000000000000000000000000000000008E
:10D2A000000000000000000000000000000000007E
:10D2B000000000000000000000000000000000006E
:10D2C000000000000000000000000000000000005E
:10D2D000000000000000000000000000000000004E
:10D2E000000000000000000000000000000000003E
:10D2F000000000000000000000000000000000002E
:10D30000000000000000000000000000000000001D
:10D31000000000000000000000000000000000000D
:10D3200000000000000000000000000000000000FD
:10D3300000000000000000000000000000000000ED
:10D3400000000000000000000000000000000000DD
:10D3500000000000000000000000000000000000CD
:10D3600000000000000000000000000000000000BD
:10D3700000000000000000000000000000000000AD
:10D38000000000000000000000000000000000009D
:10D39000000000000000000000000000000000008D
:10D3A000000000000000000000000000000000007D
:10D3B000000000000000000000000000000000006D
:10D3C000000000000000000000000000000000005D
:10D3D000000000000000000000000000000000004D
:10D3E000000000000000000000000000000000003D
:10D3F000000000000000000000000000000000002D
:10D40000000000000000000000000000000000001C
:10D41000000000000000000000000000000000000C
:10D4200000000000000000000000000000000000FC
:10D4300000000000000000000000000000000000EC
:10D4400000000000000000000000000000000000DC
:10D4500000000000000000000000000000000000CC
:10D4600000000000000000000000000000000000BC
:10D4700000000000000000000000000000000000AC
:10D48000000000000000000000000000000000009C
:10D49000000000000000000000000000000000008C
:10D4A000000000000000000000000000000000007C
:10D4B000000000000000000000000000000000006C
:10D4C000000000000000000000000000000000005C
:10D4D000000000000000000000000000000000004C
:10D4E000000000000000000000000000000000003C
:10D4F000000000000000000000000000000000002C
:10D50000000000000000000000000000000000001B
:10D51000000000000000000000000000000000000B
:10D5200000000000000000000000000000000000FB
:10D5300000000000000000000000000000000000EB
:10D5400000000000000000000000000000000000DB
:10D5500000000000000000000000000000000000CB
:10D5600000000000000000000000000000000000BB
:10D5700000000000000000000000000000000000AB
:10D58000000000000000000000000000000000009B
:10D59000000000000000000000000000000000008B
:10D5A000000000000000000000000000000000007B
:10D5B000000000000000000000000000000000006B
:10D5C000000000000000000000000000000000005B
:10D5D000000000000000000000000000000000004B
:10D5E000000000000000000000000000000000003B
:10D5F000000000000000000000000000000000002B
:10D60000000000000000000000000000000000001A
:10D61000000000000000000000000000000000000A
:10D6200000000000000000000000000000000000FA
:10D6300000000000000000000000000000000000EA
:10D6400000000000000000000000000000000000DA
:10D6500000000000000000000000000000000000CA
:10D6600000000000000000000000000000000000BA
:10D6700000000000000000000000000000000000AA
:10D68000000000000000000000000000000000009A
:10D69000000000000000000000000000000000008A
:10D6A000000000000000000000000000000000007A
:10D6B000000000000000000000000000000000006A
:10D6C000000000000000000000000000000000005A
:10D6D000000000000000000000000000000000004A
:10D6E000000000000000000000000000000000003A
:10D6F000000000000000000000000000000000002A
:10D700000000000000000000000000000000000019
:10D710000000000000000000000000000000000009
:10D7200000000000000000000000000000000000F9
:10D7300000000000000000000000000000000000E9
:10D7400000000000000000000000000000000000D9
:10D7500000000000000000000000000000000000C9
:10D7600000000000000000000000000000000000B9
:10D7700000000000000000000000000000000000A9
:10D780000000000000000000000000000000000099
:10D790000000000000000000000000000000000089
:10D7A0000000000000000000000000000000000079
:10D7B0000000000000000000000000000000000069
:10D7C0000000000000000000000000000000000059
:10D7D0000000000000000000000000000000000049
:10D7E0000000000000000000000000000000000039
:10D7F0000000000000000000000000000000000029
:10D800000000000000000000000000000000000018
:10D810000000000000000000000000000000000008
:10D8200000000000000000000000000000000000F8
:10D8300000000000000000000000000000000000E8
:10D8400000000000000000000000000000000000D8
:10D8500000000000000000000000000000000000C8
:10D8600000000000000000000000000000000000B8
:10D8700000000000000000000000000000000000A8
:10D880000000000000000000000000000000000098
:10D890000000000000000000000000000000000088
:10D8A0000000000000000000000000000000000078
:10D8B0000000000000000000000000000000000068
:10D8C0000000000000000000000000000000000058
:10D8D0000000000000000000000000000000000048
:10D8E0000000000000000000000000000000000038
:10D8F0000000000000000000000000000000000028
:10D900000000000000000000000000000000000017
:10D910000000000000000000000000000000000007
:10D9200000000000000000000000000000000000F7
:10D9300000000000000000000000000000000000E7
:10D9400000000000000000000000000000000000D7
:10D9500000000000000000000000000000000000C7
:10D9600000000000000000000000000000000000B7
:10D9700000000000000000000000000000000000A7
:10D980000000000000000000000000000000000097
:10D990000000000000000000000000000000000087
:10D9A0000000000000000000000000000000000077
:10D9B0000000000000000000000000000000000067
:10D9C0000000000000000000000000000000000057
:10D9D0000000000000000000000000000000000047
:10D9E0000000000000000000000000000000000037
:10D9F0000000000000000000000000000000000027
:10DA00000000000000000000000000000000000016
:10DA10000000000000000000000000000000000006
:10DA200000000000000000000000000000000000F6
:10DA300000000000000000000000000000000000E6
:10DA400000000000000000000000000000000000D6
:10DA500000000000000000000000000000000000C6
:10DA600000000000000000000000000000000000B6
:10DA700000000000000000000000000000000000A6
:10DA80000000000000000000000000000000000096
:10DA90000000000000000000000000000000000086
:10DAA0000000000000000000000000000000000076
:10DAB0000000000000000000000000000000000066
:10DAC0000000000000000000000000000000000056
:10DAD0000000000000000000000000000000000046
:10DAE0000000000000000000000000000000000036
:10DAF0000000000000000000000000000000000026
:10DB00000000000000000000000000000000000015
:10DB10000000000000000000000000000000000005
:10DB200000000000000000000000000000000000F5
:10DB300000000000000000000000000000000000E5
:10DB400000000000000000000000000000000000D5
:10DB500000000000000000000000000000000000C5
:10DB600000000000000000000000000000000000B5
:10DB700000000000000000000000000000000000A5
:10DB80000000000000000000000000000000000095
:10DB90000000000000000000000000000000000085
:10DBA0000000000000000000000000000000000075
:10DBB0000000000000000000000000000000000065
:10DBC0000000000000000000000000000000000055
:10DBD0000000000000000000000000000000000045
:10DBE0000000000000000000000000000000000035
:10DBF0000000000000000000000000000000000025
:10DC00000000000000000000000000000000000014
:10DC10000000000000000000000000000000000004
:10DC200000000000000000000000000000000000F4
:10DC300000000000000000000000000000000000E4
:10DC400000000000000000000000000000000000D4
:10DC500000000000000000000000000000000000C4
:10DC600000000000000000000000000000000000B4
:10DC700000000000000000000000000000000000A4
:10DC80000000000000000000000000000000000094
:10DC90000000000000000000000000000000000084
:10DCA0000000000000000000000000000000000074
:10DCB0000000000000000000000000000000000064
:10DCC0000000000000000000000000000000000054
:10DCD0000000000000000000000000000000000044
:10DCE0000000000000000000000000000000000034
:10DCF0000000000000000000000000000000000024
:10DD00000000000000000000000000000000000013
:10DD10000000000000000000000000000000000003
:10DD200000000000000000000000000000000000F3
:10DD300000000000000000000000000000000000E3
:10DD400000000000000000000000000000000000D3
:10DD500000000000000000000000000000000000C3
:10DD600000000000000000000000000000000000B3
:10DD700000000000000000000000000000000000A3
:10DD80000000000000000000000000000000000093
:10DD90000000000000000000000000000000000083
:10DDA0000000000000000000000000000000000073
:10DDB0000000000000000000000000000000000063
:10DDC0000000000000000000000000000000000053
:10DDD0000000000000000000000000000000000043
:10DDE0000000000000000000000000000000000033
:10DDF0000000000000000000000000000000000023
:10DE00000000000000000000000000000000000012
:10DE10000000000000000000000000000000000002
:10DE200000000000000000000000000000000000F2
:10DE300000000000000000000000000000000000E2
:10DE400000000000000000000000000000000000D2
:10DE500000000000000000000000000000000000C2
:10DE600000000000000000000000000000000000B2
:10DE700000000000000000000000000000000000A2
:10DE80000000000000000000000000000000000092
:10DE90000000000000000000000000000000000082
:10DEA0000000000000000000000000000000000072
:10DEB0000000000000000000000000000000000062
:10DEC0000000000000000000000000000000000052
:10DED0000000000000000000000000000000000042
:10DEE0000000000000000000000000000000000032
:10DEF0000000000000000000000000000000000022
:10DF00000000000000000000000000000000000011
:10DF10000000000000000000000000000000000001
:10DF200000000000000000000000000000000000F1
:10DF300000000000000000000000000000000000E1
:10DF400000000000000000000000000000000000D1
:10DF500000000000000000000000000000000000C1
:10DF600000000000000000000000000000000000B1
:10DF700000000000000000000000000000000000A1
:10DF80000000000000000000000000000000000091
:10DF90000000000000000000000000000000000081
:10DFA0000000000000000000000000000000000071
:10DFB0000000000000000000000000000000000061
:10DFC0000000000000000000000000000000000051
:10DFD0000000000000000000000000000000000041
:10DFE0000000000000000000000000000000000031
:10DFF0000000000000000000000000000000000021
:10E000000000000000000000000000000000000010
:10E010000000000000000000000000000000000000
:10E0200000000000000000000000000000000000F0
:10E0300000000000000000000000000000000000E0
:10E0400000000000000000000000000000000000D0
:10E0500000000000000000000000000000000000C0
:10E0600000000000000000000000000000000000B0
:10E0700000000000000000000000000000000000A0
:10E080000000000000000000000000000000000090
:10E090000000000000000000000000000000000080
:10E0A0000000000000000000000000000000000070
:10E0B0000000000000000000000000000000000060
:10E0C0000000000000000000000000000000000050
:10E0D0000000000000000000000000000000000040
:10E0E0000000000000000000000000000000000030
:10E0F0000000000000000000000000000000000020
:10E10000000000000000000000000000000000000F
:10E1100000000000000000000000000000000000FF
:10E1200000000000000000000000000000000000EF
:10E1300000000000000000000000000000000000DF
:10E1400000000000000000000000000000000000CF
:10E1500000000000000000000000000000000000BF
:10E1600000000000000000000000000000000000AF
:10E17000000000000000000000000000000000009F
:10E18000000000000000000000000000000000008F
:10E19000000000000000000000000000000000007F
:10E1A000000000000000000000000000000000006F
:10E1B000000000000000000000000000000000005F
:10E1C000000000000000000000000000000000004F
:10E1D000000000000000000000000000000000003F
:10E1E000000000000000000000000000000000002F
:10E1F000000000000000000000000000000000001F
:10E20000000000000000000000000000000000000E
:10E2100000000000000000000000000000000000FE
:10E2200000000000000000000000000000000000EE
:10E2300000000000000000000000000000000000DE
:10E2400000000000000000000000000000000000CE
:10E2500000000000000000000000000000000000BE
:10E2600000000000000000000000000000000000AE
:10E27000000000000000000000000000000000009E
:10E28000000000000000000000000000000000008E
:10E29000000000000000000000000000000000007E
:10E2A000000000000000000000000000000000006E
:10E2B000000000000000000000000000000000005E
:10E2C000000000000000000000000000000000004E
:10E2D000000000000000000000000000000000003E
:10E2E000000000000000000000000000000000002E
:10E2F000000000000000000000000000000000001E
:10E30000000000000000000000000000000000000D
:10E3100000FFFFFFFFFFFFFFFFFFFFFFFFFFFFFF0C
:10E32000FFFFFFFFFFFFFFFFFFFFFFFFFFFFFFFFFD
:10E33000FFFFFFFFFFFFFFFFFFFFFFFFFFFFFFFFED
:10E34000FFFFFFFFFFFFFFFFFFFFFFFFFFFFFFFFDD
:10E35000FFFFFFFFFFFFFFFFFFFFFFFFFFFFFFFFCD
:10E36000FFFFFFFFFFFFFFFFFFFFFFFFFFFFFFFFBD
:10E37000FFFFFFFFFFFFFFFFFFFFFFFFFFFFFFFFAD
:10E38000FFFFFFFFFFFFFFFFFFFFFFFFFFFFFFFF9D
:10E39000FFFFFFFFFFFFFFFFFFFFFFFFFFFFFFFF8D
:10E3A000FFFFFFFFFFFFFFFFFFFFFFFFFFFFFFFF7D
:10E3B000FFFFFFFFFFFFFFFFFFFFFFFFFFFFFFFF6D
:10E3C000FFFFFFFFFFFFFFFFFFFFFFFFFFFFFFFF5D
:10E3D000FFFFFFFFFFFFFFFFFFFFFFFFFFFFFFFF4D
:10E3E000FFFFFFFFFFFFFFFFFFFFFFFFFFFFFFFF3D
:10E3F000FFFFFFFFFFFFFFFFFFFFFFFFFFFFFFFF2D
:10E40000FFFFFFFFFFFFFFFFFFFFFFFFFFFFFFFF1C
:10E41000FFFFFFFFFFFFFFFFFFFFFFFFFFFFFFFF0C
:10E42000FFFFFFFFFFFFFFFFFFFFFFFFFFFFFFFFFC
:10E43000FFFFFFFFFFFFFFFFFFFFFFFFFFFFFFFFEC
:10E44000FFFFFFFFFFFFFFFFFFFFFFFFFFFFFFFFDC
:10E45000FFFFFFFFFFFFFFFFFFFFFFFFFFFFFFFFCC
:10E46000FFFFFFFFFFFFFFFFFFFFFFFFFFFFFFFFBC
:10E47000FFFFFFFFFFFFFFFFFFFFFFFFFFFFFFFFAC
:10E48000FFFFFFFFFFFFFFFFFFFFFFFFFFFFFFFF9C
:10E49000FFFFFFFFFFFFFFFFFFFFFFFFFFFFFFFF8C
:10E4A000FFFFFFFFFFFFFFFFFFFFFFFFFFFFFFFF7C
:10E4B000FFFFFFFFFFFFFFFFFFFFFFFFFFFFFFFF6C
:10E4C000FFFFFFFFFFFFFFFFFFFFFFFFFFFFFFFF5C
:10E4D000FFFFFFFFFFFFFFFFFFFFFFFFFFFFFFFF4C
:10E4E000FFFFFFFFFFFFFFFFFFFFFFFFFFFFFFFF3C
:10E4F000FFFFFFFFFFFFFFFFFFFFFFFFFFFFFFFF2C
:10E50000FFFFFFFFFFFFFFFFFFFFFFFFFFFFFFFF1B
:10E51000FFFFFFFFFFFFFFFFFFFFFFFFFFFFFFFF0B
:10E52000FFFFFFFFFFFFFFFFFFFFFFFFFFFFFFFFFB
:10E53000FFFFFFFFFFFFFFFFFFFFFFFFFFFFFFFFEB
:10E54000FFFFFFFFFFFFFFFFFFFFFFFFFFFFFFFFDB
:10E55000FFFFFFFFFFFFFFFFFFFFFFFFFFFFFFFFCB
:10E56000FFFFFFFFFFFFFFFFFFFFFFFFFFFFFFFFBB
:10E57000FFFFFFFFFFFFFFFFFFFFFFFFFFFFFFFFAB
:10E58000FFFFFFFFFFFFFFFFFFFFFFFFFFFFFFFF9B
:10E59000FFFFFFFFFFFFFFFFFFFFFFFFFFFFFFFF8B
:10E5A000FFFFFFFFFFFFFFFFFFFFFFFFFFFFFFFF7B
:10E5B000FFFFFFFFFFFFFFFFFFFFFFFFFFFF07075B
:10E5C00007078787878787FFFFFFFF3F1F0F070723
:10E5D00087878707070F0F3FFFFFFFFF7F1F0F0F83
:10E5E000078787878707070F1F7FFFFFFFFF070743
:10E5F0000707878707070F0F7FFFFFFFFFFF7F0FCB
:10E6000007070707071FFFFFFFFFFFFF3F0F070772
:10E6100007C78707070F1FFFFFFFFF1F0F0707072A
:10E620008707070F0FFFFFFFFFFFFFFFFFFFFFFF42
:10E630000707070707FFFFFFFF0F0F0707C787073A
:10E64000070F1FFFFFFFFFFFFFFFFFFFFFFF3F1F42
:10E650000F070787878787070F0F1F7FFFFFFFFFC2
:10E66000070707070F3F7FFF07070707FFFFFFFFAA
:10E67000FF07070707FFFFFFFFFFFFF7C7070707B2
:10E680000F3F3F0F070707C7FFFFFFFFFFFFFFFF1A
:10E69000FFFFFFFFFF3F07070707070F3FFFFFFFD2
:10E6A000FFFFFFFFFFFFFFFFFFFFFFFFFFFFFFFF7A
:10E6B000FFFFFFFFFFFFFFFFFFFFFFFFFFFFFFFF6A
:10E6C000FFFFFFFFFFFFFFFFFFFFFFFFFFFFFFFF5A
:10E6D000FFFFFFFFFFFFFFFFFFFFFFFFFFFFFFFF4A
:10E6E000FFFFFFFFFFFFFFFFFFFFFFFFFFFFFFFF3A
:10E6F000FFFFFFFFFFFFFFFFFFFFFFFFFFFF000028
:10E700000000F0F0F0F0FFFFFFFFFDC08000000F01
:10E710001F1F1F0F020000C0F0FFFFFFE08000007E
:10E72000061F11111101010181E1FFFFFFFF000030
:10E730000000F1F1F0F0F0F8FEFFFFFF1F03000012
:10E7400080808680800000073FFFFFFFCF0C080815
:10E7500000101000010183FFFFFFFF8C0808081064
:10E760001000010103CFFFFFFFFFFFFFFFFFFFFFCF
:10E770000000000000FFFFFFFF0C08080010100061
:10E78000010183FFFFFFFFFFFFFFFFFFFFFFC080CF
:10E7900000000F1F1F1F1F06000080E0FFFFFFFF8C
:10E7A00000000000F8E0800100000000FFFFFFFF14
:10E7B000FF000000003F3F3F3FFFFFFFFFFFFCF077
:10E7C00000000000F0FCFFFFFFFFFFFFFFFFFFFF67
:10E7D000FFFF7F0F010000808480800000010F7F19
:10E7E000FFFFFFFFFFFFFFFFFFFFFFFFFFFFFFFF39
:10E7F000FFFFFFFFFFFFFFFFFFFFFFFFFFFFFFFF29
:10E80000FFFFFFFFFFFFFFFFFFFFFFFFFFFFFFFF18
:10E81000FFFFFFFFFFFFFFFFFFFFFFFFFFFFFFFF08
:10E82000FFFFFFFFFFFFFFFFFFFFFFFFFFFFFFFFF8
:10E83000FFFFFFFFFFFFFFFFFFFFFFFFFFFFFEFEEA
:10E84000FEFEFFFFFFFFFFFFFFFFFFFFFFFFFEFEDC
:10E85000FEFEFEFEFEFFFFFFFFFFFFFFFFFFFFFFCD
:10E86000FEFEFEFEFEFEFFFFFFFFFFFFFFFFFEFEC0
:10E87000FEFEFFFFFFFFFFFFFFFFFFFEFEFEFEFEAF
:10E88000FFFFFFFFFFFEFEFEFEFFFFFFFFFFFFFE9D
:10E89000FEFEFEFEFEFFFFFFFFFFFFFFFFFEFEFE90
:10E8A000FEFEFEFFFFFFFFFFFFFFFFFFFFFFFFFF7B
:10E8B000FEFEFEFEFEFFFFFFFFFFFFFEFEFEFEFE72
:10E8C000FEFFFFFFFFFFFFFFFFFFFFFFFFFFFFFF59
:10E8D000FFFEFEFEFEFEFEFEFFFFFFFFFFFFFFFF4F
:10E8E000FEFEFEFEFFFFFFFFFEFEFEFEFFFFFFFF40
:10E8F000FFFEFEFEFEFEFEFEFEFFFFFFFFFFFFFF30
:10E90000FEFEFEFEFFFFFFFFFFFFFFFFFFFFFFFF1B
:10E91000FFFFFEFEFEFEFFFFFFFFFFFEFEFEFEFE10
:10E92000FFFFFFFFFFFFFFFFFFFFFFFFFFFFFFFFF7
:10E93000FFFFFFFFFFFFFFFFFFFFFFFFFFFFFFFFE7
:10E94000FFFFFFFFFFFFFFFFFFFFFFFFFFFFFFFFD7
:10E95000FFFFFFFFFFFFFFFFFFFFFFFFFFFFFFFFC7
:10E96000FFFFFFFFFFFFFFFFFFFFFFFF0F0F0F0F77
:10E970001F7FFFFF0F0F0F0FFFFFFFFFFF3F1F1F47
:10E980000F0F0F0F0F0F1F1F3FFFFFFFFFFF0F0F97
:10E990000F0F1F3FFFFF0F0F0F0F0FFFFFFFFFFFB7
:10E9A000FFFFFFFFFFFFFFFFFFFFFFFFFF0F0F0F47
:10E9B0000F0F0F0F0F0FFFFFFFFFFFFF7F0F0F0F57
:10E9C0000F0F1FFFFFFFFFFFFFFF0F0F0F0FFFFFD7
:10E9D000FFFFFF0F0F0F0FFFFFFFFFFFFFFF3F1FA7
:10E9E0000F0F0F8F0F0F0F1F3FFFFFFFFFFFFFFFE7
:10E9F0001F0F0F0F0F0F7FFFFFFFFFFFFFFF0F0F17
:10EA00000F0F0F0F0F0F0FFFFFFFFF0F0F0F0F0F56
:10EA10000F0F0F0FFFFFFFFFFFFFFFFFFFFFFFFFC6
:10EA2000FF7F0F0F0F0F0F1FFFFFFFFFFFFFFF0FF6
:10EA30000F0F0FFFFFFFFFFF0F0F0F0F0F0F0F0F36
:10EA40001F1F3F7FFFFFFFFFFFFFFFFFFFFFFF0FC6
:10EA50000F0F0F0F0F0F0F0FFFFFFFFF7F3F1F0F56
:10EA60000F0F0F0F0F0F1F1F3FFFFFFFFFFF0F0FB6
:10EA70000F0F0F0F0F0F1F1F7FFFFFFFFFFFFFFF86
:10EA8000FFFFFFFFFFFFFFFFFFFFFFFFFFFFFFFF96
:10EA9000FFFFFFFFFFFFFFFFFFFFFFFFFFFFFFFF86
:10EAA000FFFFFFFFFFFFFFFFFFFFFFFF0000000072
:10EAB000E0C0000300000000FFFFFFFFC0000000F7
:10EAC0001E3F3F3F3F1E000000C0FFFFFFFF000052
:10EAD0000000F0C080010000000000FFFFFFFFE128
:10EAE000E1E1E1E1E1E1E1E1FFFFFFFFFF00000023
:10EAF00000E1E1E1E1FFFFFFFF7F0F0300000008FD
:10EB000000000000071FFFFFFFFF00000000FFFFE5
:10EB1000FFFFFF000000007F7F7F7FFFFFFF1C18CB
:10EB200010100061000202020EFFFFFFFF1F030032
:10EB300000000008000000031F7FFFFFFFFF000030
:10EB40000000E1E1E1E1FFFFFFFFFF000000002125
:10EB50002121213FFFFFFFFFFFFFFFFFFFFF7F0F8F
:10EB6000010000000C00000000073FFFFFFFFF0056
:10EB7000000000FFFFFFFFFF000000003F3F3F1EBF
:10EB800000000080FFFFFFFFFFFFFFFFFFFFFF0010
:10EB9000000000E1E1E1E1FFFFFFFFFF8000000076
:10EBA0001E3F3F3F3F0C000000C0FFFFFFFF000083
:10EBB0000000830300000070FCFFFFFFFFFFFFFF6A
:10EBC000FFFFFFFFFFFFFFFFFFFFFFFFFFFFFFFF55
:10EBD000FFFFFFFFFFFFFFFFFFFFFFFFFFFFFFFF45
:10EBE000FFFFFFFFFFFFFFFFFFFFFFFFFCFCFCFC41
:10EBF000FFFFFFFEFCFCFCFCFFFFFFFFFFFFFEFE34
:10EC0000FCFCFCFCFCFCFEFEFFFFFFFFFFFFFCFC2E
:10EC1000FCFCFFFFFFFEFCFCFCFCFCFFFFFFFFFF1A
:10EC2000FFFFFFFFFFFFFFFFFFFFFFFFFFFCFCFCFD
:10EC3000FCFFFFFFFFFFFFFFFFFCFCFCFCFEFFFFF4
:10EC4000FFFFFCFCFCFCFCFFFFFFFCFCFCFCFFFFEF
:10EC5000FFFFFFFCFCFCFCFCFCFCFCFFFFFFFFFEDD
:10EC6000FCFCFCFCFCFCFCFEFFFFFFFFFCFCFCFCD6
:10EC7000FEFFFFFFFFFEFCFCFCFCFFFFFFFFFCFCB8
:10EC8000FCFCFFFFFFFFFFFFFFFFFFFCFCFCFCFCA9
:10EC9000FCFCFCFCFFFFFFFFFFFFFFFFFFFFFCFC96
:10ECA000FCFCFFFFFFFFFFFCFCFCFCFCFFFFFFFC8C
:10ECB000FCFCFCFFFFFFFFFFFCFCFCFCFCFCFCFC85
:10ECC000FEFEFFFFFFFFFFFFFFFFFFFFFFFFFFFC59
:10ECD000FCFCFCFFFFFFFFFFFFFFFFFFFFFFFEFC51
:10ECE000FCFCFCFCFCFCFEFEFFFFFFFFFFFFFCFC4E
:10ECF000FCFCFFFEFCFCFCFCFDFFFFFFFFFFFFFF39
:10ED0000FFFFFFFFFFFFFFFFFFFFFFFFFFFFFFFF13
:10ED1000FFFFFFFFFFFFFFFFFFFFFFFFFFFFFFFF03
:10ED2000FFFFFFFFFFFFFFFFFFFFFFFFFFFFFFFFF3
:10ED3000FFFFFFFFFFFFFFFFFFFFFFFFFFFFFFFFE3
:10ED4000FFFFFFFFFFFFFFFFFFFFFFFFFFFFFFFFD3
:10ED5000FFFFFFFFFFFFFFFFFFFFFFFFFFFFFFFFC3
:10ED6000FFFFFFFFFFFFFFFFFFFFFF3F3F3F3F3F73
:10ED7000FFFFFFFFFFFFFFFF7F7F3F3F1F1F1F1FA3
:10ED80003F3F7FFFFFFFFFFFFFFF7F3F3F3F1F1F13
:10ED90001F3F3F7F7FFFFFFFFFFFFF7F3F3F3F1F83
:10EDA0001F1F3F3F3F7FFFFFFFFFFFFFFFFFFFFFF3
:10EDB000FFFF3F3F3F3F3F3F3F3F3F3F7FFFFFFF63
:10EDC000FF3F3F3F3FFFFFFFFF3F3F3F3FFFFFFF53
:10EDD000FFFFFFFFFFFF7F3F3F3F1F1F1F1F3F3F03
:10EDE0007FFFFFFFFFFF3F3F3F3F3F3F3F3F3F3F33
:10EDF0003FFFFFFFFFFFFFFFFFFFFFFFFFFFFFFFE3
:10EE0000FFFFFFFFFFFFFFFFFFFFFFFFFFFFFFFF12
:10EE1000FFFFFFFFFFFFFFFFFFFFFFFFFFFFFFFF02
:10EE2000FFFFFFFFFFFFFFFFFFFFFFFFFFFFFFFFF2
:10EE3000FFFFFFFFFFFFFFFFFFFFFFFFFFFFFFFFE2
:10EE4000FFFFFFFFFFFFFFFFFFFFFFFFFFFFFFFFD2
:10EE5000FFFFFFFFFFFFFFFFFFFFFFFFFFFFFFFFC2
:10EE6000FFFFFFFFFFFFFFFFFFFFFFFFFFFFFFFFB2
:10EE7000FFFFFFFFFFFFFFFFFFFFFFFFFFFFFFFFA2
:10EE8000FFFFFFFFFFFFFFFFFFFFFFFFFFFFFFFF92
:10EE9000FFFFFFFFFFFFFFFFFFFFFFFFFFFFFFFF82
:10EEA000FFFFFFFFFFFFFFFFFFFFFF00000000006D
:10EEB000FFFFFFFFFFFFFF01000000387CFEFE7C2C
:10EEC0003800000083FFFFFF83000000107CFEFE7F
:10EED0007C3838383839FFFFFF83000000107CFE93
:10EEE000FE7C7C00000000E7FFFFFFFFFFFFFFFF4D
:10EEF000FFFF0000000086868680C0C0E0FFFFFFA5
:10EF0000FF00000000FFFFFFFF00000000FFFFFF09
:10EF1000FFFFFFFFEF000000007C7CFEFE7C100086
:10EF2000000083FFFFFFFEFEFE00000000FEFEFE6D
:10EF3000FEFFFFFFFFFFFFFFFFFFFFFFFFFFFFFFE2
:10EF4000FFFFFFFFFFFFFFFFFFFFFFFFFFFFFFFFD1
:10EF5000FFFFFFFFFFFFFFFFFFFFFFFFFFFFFFFFC1
:10EF6000FFFFFFFFFFFFFFFFFFFFFFFFFFFFFFFFB1
:10EF7000FFFFFFFFFFFFFFFFFFFFFFFFFFFFFFFFA1
:10EF8000FFFFFFFFFFFFFFFFFFFFFFFFFFFFFFFF91
:10EF9000FFFFFFFFFFFFFFFFFFFFFFFFFFFFFFFF81
:10EFA000FFFFFFFFFFFFFFFFFFFFFFFFFFFFFFFF71
:10EFB000FFFFFFFFFFFFFFFFFFFFFFFFFFFFFFFF61
:10EFC000FFFFFFFFFFFFFFFFFFFFFFFFFFFFFFFF51
:10EFD000FFFFFFFFFFFFFFFFFFFFFFFFFFFFFFFF41
:10EFE000FFFFFFFFFFFFFFFFFFFFFFF8F8F8F8F854
:10EFF000F8F8F8F8FFFFFFFFFCFCF8F8F0F0F0F885
:10F00000F8F8FCFEFFFFFFFFFFFEFCF8F8F8F0F059
:10F01000F0F8F8FCFCFFFFFFFFFFFEFCF8F8F8F04B
:10F02000F0F0F8F8F8FCFEFFFFFFFFFFFFFFFFFF27
:10F03000FFFFF8F8F8F8FFFFFFFFFFFFFFFFFFFFFC
:10F04000FFF8F8F8F8FFFFFFFFF8F8F8F8F8F8F81D
:10F05000F8F8FFFFFFFEFCF8F8F8F0F0F0F8F8F829
:10F06000FCFEFFFFFFFFFFFFFFF8F8F8F8FFFFFFD0
:10F07000FFFFFFFFC3C0C0F0FCFFFFFFFFFFFFFF6C
:10F08000FFFFFFFFFFFFFFFFFFFFFFFFFFFFFFFF90
:10F09000FFFFFFFFFFFFFFFFFFFFFFFFFFFFFFFF80
:10F0A000FFFFFFFFFFFFFFFFFFFFFFFFFFFFFFFF70
:10F0B000FFFFFFFFFFFFFFFFFFFFFFFFFFFFFFFF60
:10F0C000FFFFFFFFFFFFFFFFFFFFFFFFFFFFFFFF50
:10F0D000FFFFFFFFFFFFFFFFFFFFFFFFFFFFFFFF40
:10F0E000FFFFFFFFFFFFFFFFFFFFFFFFFFFFFFFF30
:10F0F000FFFFFFFFFFFFFFFFFFFFFFFFFF7F7F7FA0
:10F100007F7F7F7F7F7F7F7FFFFFFFFFFFFF7F7F0F
:10F110003F3F3F3F7F7FFFFFFFFFFFFFFFFFFFFFFF
:10F12000FFFFFFFFFFFFFFFFFFFFFF7F7F7F7F7F6F
:10F130007F7F7F7FFFFFFFFFFFFF7F7F7F3F3F3F9F
:10F140003F7F7FFFFFFFFFFFFFFF7F7F7F7FFFFF8F
:10F15000FFFFFFFFFF7F7F7F7FFFFFFFFFFFFFFFBF
:10F16000FFFFFFFF7F7F3F3F3F3F7F7FFFFFFFFFAF
:10F17000FFFF7F7F7F7F7FFFFF7F7F7F7F7FFFFF9F
:10F18000FF7F7F7F7FFFFFFFFFFFFFFFFFFFFFFF8F
:10F190007F7F7F7F7F7F7F7F7FFFFFFF7F7F7F7FFF
:10F1A0007F7FFFFF7F7F7F7F7FFFFFFFFF7F7F7F6F
:10F1B0007F7F7F7F7F7F7F7FFFFFFFFFFFFFFF7FDF
:10F1C0007F7F7F7FFFFFFFFFFFFFFFFF7F7F7F7F4F
:10F1D0007FFFFFFF7F7F7F7FFFFFFFFF7F7F7F7FBF
:10F1E0007F7F7F7F7F7F7FFFFFFFFFFFFFFFFFFFAF
:10F1F000FFFFFFFFFFFFFFFFFFFFFFFFFFFFFFFF1F
:10F20000FFFFFFFFFFFFFFFFFFFFFFFFFFFFFFFF0E
:10F21000FFFFFFFFFFFFFFFFFFFFFFFFFFFFFFFFFE
:10F22000FFFFFFFFFFFFFFFFFFFFFFFFFFFFFFFFEE
:10F23000FFFFFFFFFFFFFFFFFFFFFFFFFFFCFCFCE7
:10F2400000000000FCFCFCFCFFFFFF03010000705D
:10F25000F8FCFCF87000000003FFFFFFFFFFFFFF5A
:10F26000FFFFFFFFFFFFFFFFFFFFFF000000008C1D
:10F270008C8C8CFCFFFFFFDF01000000F8F8FCFC29
:10F28000F82000000107FFFFFFFF00000000FFFF64
:10F29000FFFFFFFFFF00000000FFFFFFFFFFFFFF7A
:10F2A000FF0300000070F8FCFCF87000000107FF8D
:10F2B000FFFFFCE00000001F070000800000011FAE
:10F2C00003000080F8FFFFFFFFFFFFFFFFFFFFFFCE
:10F2D000000000008C8C8C8CFCFFFFFFFFFEF870A0
:10F2E00000000101000070F8FEFFFFFFFFFCFCFCC6
:10F2F00000000000FCFCFCFCFFFFFFFF3F070000DC
:10F3000000600000010F3FFFFFFFFFFF0000000053
:10F310008001030F00000000FFFFFFFFFCFCFC006A
:10F3200000000000FCFCFCFFFFFFFFFFFFFFFFFFF2
:10F33000FFFFFFFFFFFFFFFFFFFFFFFFFFFFFFFFDD
:10F34000FFFFFFFFFFFFFFFFFFFFFFFFFFFFFFFFCD
:10F35000FFFFFFFFFFFFFFFFFFFFFFFFFFFFFFFFBD
:10F36000FFFFFFFFFFFFFFFFFFFFFFFFFFFFFFFFAD
:10F37000FFFFFFFFFFFFFFFFFFFFFFFFFFFFFFFF9D
:10F38000F0F0F0F0FFFFFFFFFFFFFFFEFCF8F0F0F2
:10F39000E0E1E1E0F0F0F8F8FEFFFFFFFFFFFFFF24
:10F3A000FFFFFFFFFFFFFFFFFFFFFFF0F0F0F0FFA9
:10F3B000FFFFFFFFFFFFFFFFFCF8F0F0F0E0E1E1EF
:10F3C000F0F0F0F8FCFFFFFFFFFFF0F0F0F0F1F1DC
:10F3D000F1F1FFFFFFF0F0F0F0F1F1F1F1F1FFFFDB
:10F3E000FFFEF8F8F0F0E0E1E1F0F0F0F8FCFFFFEC
:10F3F000FFFFFFFFFEF0F0F0F0F0F8FFFEF0F0F09E
:10F40000F0F0F8FFFFFFFFFFFFFFFFFFFFFFFFFF31
:10F41000F0F0F0F0F1F1F1F1F1FFFFFFF7F3F0F0B0
:10F42000F0F0FCFCF0F0F0F0F3F7FFFFFFFFFFFF60
:10F43000F0F0F0F0FFFFFFFFFFFFF7F0F0F0F0FC5F
:10F44000FCFCFCF8F0F0F0F1FFFFFFFFF0F0F0F053
:10F45000FFFFFCF8F0F0F0F0FFFFFFFFFFFFFFF011
:10F46000F0F0F0F0FFFFFFFFFFFFFFFFFFFFFFFFE8
:10F47000FFFFFFFFFFFFFFFFFFFFFFFFFFFFFFFF9C
:10F48000FFFFFFFFFFFFFFFFFFFFFFFFFFFFFFFF8C
:10F49000FFFFFFFFFFFFFFFFFFFFFFFFFFFFFFFF7C
:10F4A000FFFFFFFFFFFFFFFFFFFFFFFFFFFFFFFF6C
:10F4B000FFFFFFFFFFFFFFFFFFFFFFFFFFFFFFFF5C
:10F4C000FFFFFFFFFFFFFFFFFFFFFFFFFFFFFFFF4C
:10F4D000FFFFFFFFFFFFFFFFFFFFFFFFFFFFFFFF3C
:10F4E000FFFFFFFFFFFFFFFFFFFFFFFFFFFFFFFF2C
:10F4F000FFFFFFFFFFFF7F7F7F7FFFFFFFFFFFFF1C
:10F50000FFFFFFFFFFFFFFFFFFFFFFFFFFFFFFFF0B
:10F51000FFFFFFFFFFFFFFFFFFFFFFFFFFFFFFFFFB
:10F52000FFFFFFFFFFFFFFFFFFFFFFFFFFFFFFFFEB
:10F53000FFFFFFFFFFFFFFFFFFFFFFFFFFFFFFFFDB
:10F54000FFFFFFFFFFFFFFFFFFFFFFFFFFFFFFFFCB
:10F55000FFFFFFFFFFFFFFFFFFFFFFFFFFFFFFFFBB
:10F56000FFFFFFFFFFFFFFFFFFFF7F7F7F7FFFFFAB
:10F57000FFFFFFFFFFFFFFFFFFFFFFFFFFFFFFFF9B
:10F58000FFFFFFFFFFFFFFFFFFFFFFFFFFFFFFFF8B
:10F59000FFFFFFFFFFFFFFFFFFFFFFFFFFFFFFFF7B
:10F5A000FFFFFFFFFFFFFFFFFFFFFFFFFFFFFFFF6B
:10F5B000FFFFFFFFFFFFFFFFFFFFFFFFFFFFFFFF5B
:10F5C000FFFFFFFFFFFFFFFFFFFFFFFFFFFFFFFF4B
:10F5D000FFFFFFFFFFFFFFFFFFFFFFFFFFFFFFFF3B
:10F5E000FFFFFFFFFFFFFFFFFFFFFFFFFFFFFFFF2B
:10F5F000FFFFFFFFFFFFFFFFFFFFFFFFFFFFFFFF1B
:10F60000FFFFFFFFFFFFFFFFFFFFFFFFFFFFFFFF0A
:10F61000FFFFFFFFFFFFFFFFFFFFFFFFFFFFFFFFFA
:10F62000FFFFFFFFFFFFFFFFFFFFFFFFFFFFFFFFEA
:10F63000FF07030100E0F0F8F8F0E000010107FF28
:10F64000FFFFFF00000000181810000001C3FFFFBB
:10F65000FFFF0000000018181818F8FFFFFFFF0058
:10F66000000000181800000081C3FFFFFFFFFF1F0C
:10F67000030000C0800001073FFFFFFFFFFFF8F815
:10F68000F800000000F8F8F8F8FFFFFF00000000A5
:10F69000FFFFFFFFFF0000000001030F1F0000003D
:10F6A00000FFFFFFFF07030100E0F0181810000043
:10F6B000010107FFFFFFFFFFFFFFFFFFFFFFFFFF4E
:10F6C000FFFFFFFFFFFFFFFFFFFFFFFFFFFFFFFF4A
:10F6D000FFFFFFFFFFFFFFFFFFFFFFFFFFFFFFFF3A
:10F6E000FFFFFFFFFFFFFFFFFFFFFFFFFFFFFFFF2A
:10F6F000FFFFFFFFFFFFFFFFFFFFFFFFFFFFFFFF1A
:10F70000FFFFFFFFFFFFFFFFFFFFFFFFFFFFFFFF09
:10F71000FFFFFFFFFFFFFFFFFFFFFFFFFFFFFFFFF9
:10F72000FFFFFFFFFFFFFFFFFFFFFFFFFFFFFFFFE9
:10F73000FFFFFFFFFFFFFFFFFFFFFFFFFFFFFFFFD9
:10F74000FFFFFFFFFFFFFFFFFFFFFFFFFFFFFFFFC9
:10F75000FFFFFFFFFFFFFFFFFFFFFFFFFFFFFFFFB9
:10F76000FFFFFFFFFFFFFFFFFFFFFFFFFFFFFFFFA9
:10F77000FFFCF8F0E0E0C1C3C3C1E0E0F0F0FCFF43
:10F78000FFFFFFE0E0E0E0FEFEFEFEFFFFFFFFFF09
:10F79000FFFFE0E0E0E0E3E3E3E3E3FFFFFFFFE0A0
:10F7A000E0E0E0FCF0E0E0E1E3EFFFFFFFE7E0E0B6
:10F7B000E0F0F8F8F8F8E0E0E0E1EFFFFFFFFFFF2E
:10F7C000FFE0E0E0E0FFFFFFFFFFFFFFE0E0E0E041
:10F7D000FFFFFFFFFFE0E0E0E0FFFEF8E0E0E0E039
:10F7E000E0FFFFFFFFFCF8F0E0E0E1C2C2C0E0E0B4
:10F7F000F0F8FCFFFFFFFFFFFFFFFFFFFFFFFFFF32
:10F80000FFFFFFFFFFFFFFFFFFFFFFFFFFFFFFFF08
:10F81000FFFFFFFFFFFFFFFFFFFFFFFFFFFFFFFFF8
:10F82000FFFFFFFFFFFFFFFFFFFFFFFFFFFFFFFFE8
:10F83000FFFFFFFFFFFFFFFFFFFFFFFFFFFFFFFFD8
:10F84000FFFFFFFFFFFFFFFFFFFFFFFFFFFFFFFFC8
:10F85000FFFFFFFFFFFFFFFFFFFFFFFFFFFFFFFFB8
:10F86000FFFFFFFFFFFFFFFFFFFFFFFFFFFFFFFFA8
:10F87000FFFFFFFFFFFFFFFFFFFFFFFFFFFFFFFF98
:10F88000FFFFFFFFFFFFFFFFFFFFFFFFFFFFFFFF88
:10F89000FFFFFFFFFFFFFFFFFFFFFFFFFFFFFFFF78
:10F8A000FFFFFFFFFFFFFFFFFFFFFFFFFFFFFFFF68
:10F8B000FFFFFFFFFFFFFFFFFFFFFFFFFFFFFFFF58
:10F8C000FFFFFFFFFFFFFFFFFFFFFFFFFFFFFFFF48
:10F8D000FFFFFFFFFFFFFFFFFFFFFFFFFFFFFFFF38
:10F8E000FFFFFFFFFFFFFFFFFFFFFFFFFFFFFFFF28
:10F8F000FFFFFFFFFFFFFFFFFFFFFFFFFFFFFFFF18
:10F90000FFFFFFFFFFFFFFFFFFFFFFFFFFFFFFFF07
:10F91000FFFFFFFFFFFFFFFFFFFFFFFFFFFFFFFFF7
:10F92000FFFFFFFFFFFFFFFFFFFFFFFFFFFFFFFFE7
:10F93000FFFFFFFFFFFFFFFFFFFFFFFFFFFFFFFFD7
:10F94000FFFFFFFFFFFFFFFFFFFFFFFFFFFFFFFFC7
:10F95000FFFFFFFFFFFFFFFFFFFFFFFFFFFFFFFFB7
:10F96000FFFFFFFFFFFFFFFFFFFFFFFFFFFFFFFFA7
:10F97000FFFFFFFFFFFFFFFFFFFFFFFFFFFFFFFF97
:10F98000FFFFFFFFFFFFFFFFFFFFFFFFFFFFFFFF87
:10F99000FFFFFFFFFFFFFFFFFFFFFFFFFFFFFFFF77
:10F9A000FFFFFFFFFFFFFFFFFFFFFFFFFFFFFFFF67
:10F9B000FFFFFFFFFFFFFFFFFFFFFFFFFFFFFFFF57
:10F9C000FFFFFFFFFFFFFFFFFFFFFFFFFFFFFFFF47
:10F9D000FFFFFFFFFFFFFFFFFFFFFFFFFFFFFFFF37
:10F9E000FFFFFFFF0101010131310101010387FF29
:10F9F000FFFFFF01010101313101010103CFFFFFD1
:10FA0000FF0F070301C1E0F0F0E0C10103030FFFA6
:10FA1000FFFF7F07030101E1E0F0E0C1C1C1C3C7FF
:10FA2000FFFFFFFF010101013131313131FFFFFFE4
:10FA3000FF01010101F1F1F1E1810103071FFFFF66
:10FA4000FF0101010101FFFFFF01010101FFFFFFB4
:10FA5000FFFF0101010131310101010387FFFFFFB8
:10FA6000FF0101010131313131F1FFFFFFC7030116
:10FA700001001020212161E7FFFFFFFFFFFFFFFFD3
:10FA8000FFFFFFFFFFFFFFFFFFFFFFFFFFFFFFFF86
:10FA9000FFFFFFFFFFFFFFFFFFFFFFFFFFFFFFFF76
:10FAA000FFFFFFFFFFFFFFFFFFFFFFFFFFFFFFFF66
:10FAB000FFFFFFFFFFFFFFFFFFFFFFFFFFFFFFFF56
:10FAC000FFFFFFFFFFFFFFFFFFFFFFFFFFFFFFFF46
:10FAD000FFFFFFFFFFFFFFFFFFFFFFFFFFFFFFFF36
:10FAE000FFFFFFFFFFFFFFFFFFFFFFFFFFFFFFFF26
:10FAF000FFFFFFFFFFFFFFFFFFFFFFFFFFFFFFFF16
:10FB0000FFFFFFFFFFFFFFFFFFFFFFFFFFFFFFFF05
:10FB1000FFFFFFFFFFFFFFFFFFFFFFFFFFFFFFFFF5
:10FB2000FFFFFFFFC0C0C0C0FCFCFCFCFEFEFFFFEF
:10FB3000FFFFFFC0C0C0C0F8E0C0C0C2CFDFFFFF02
:10FB4000FFF8F0E0C0C183878783C1C0E0E0F8FF21
:10FB5000FFFFFFF0E0C0C0C3838783C1C1C1E1F1F3
:10FB6000FFFFFFFFC0C0C0C0C6C6C6C6C6FFFFFFBE
:10FB7000FFC0C0C0C0C7C7C7C3C0C0E0F0FCFFFF24
:10FB8000FFFCE0C0C0C0838783C0C0E0F0FFFFFF80
:10FB9000FFFFC0C0C0C0F8E0C0C0C2C7DFFFFFFFAA
:10FBA000FFC0C0C0C0C6C6C6C6C7FFFFFFF3E3C3E1
:10FBB000C282868480C0C0E0FFFFFFFFC78383C787
:10FBC000FFFFFFFFFFFFFFFFFFFFFFFFFFFFFFFF45
:10FBD000FFFFFFFFFFFFFFFFFFFFFFFFFFFFFFFF35
:10FBE000FFFFFFFFFFFFFFFFFFFFFFFFFFFFFFFF25
:10FBF000FFFFFFFFFFFFFFFFFFFFFFFFFFFFFFFF15
:10FC0000FFFFFFFFFFFFFFFFFFFFFFFFFFFFFFFF04
:10FC1000FFFFFFFFFFFFFFFFFFFFFFFFFFFFFFFFF4
:10FC2000FFFFFFFFFFFFFFFFFFFFFFFFFFFFFFFFE4
:10FC3000FFFFFFFFFFFFFFFFFFFFFFFFFFFFFFFFD4
:10FC4000FFFFFFFFFFFFFFFFFFFFFFFFFFFFFFFFC4
:10FC5000FFFFFFFFFFFFFFFFFFFFFFFFFFFFFFFFB4
:10FC6000FFFFFFFFFFFFFFFFFFFFFFFFFFFFFFFFA4
:10FC7000FFFFFFFFFFFFFFFFFFFFFFFFFFFFFFFF94
:10FC8000FFFFFFFFFFFFFFFFFFFFFFFFFFFFFFFF84
:10FC9000FFFFFFFFFFFFFFFFFFFFFFFFFFFFFFFF74
:10FCA000FFFFFFFFFFFFFFFFFFFFFFFFFFFFFFFF64
:10FCB000FFFFFFFFFFFFFFFFFFFFFFFFFFFFFFFF54
:10FCC000FFFFFFFFFFFFFFFFFFFFFFFFFFFFFFFF44
:10FCD000FFFFFFFFFFFFFFFFFFFFFFFFFFFFFFFF34
:10FCE000FFFFFFFFFFFFFFFFFFFFFFFFFFFFFFFF24
:10FCF000FFFFFFFFFFFFFFFFFFFFFFFFFFFFFFFF14
:10FD0000FFFFFFFFFFFFFFFFFFFFFFFFFFFFFFFF03
:10FD1000FFFFFFFFFFFFFFFFFFFFFFFFFFFFFFFFF3
:10FD2000FFFFFFFFFFFFFFFFFFFFFFFFFFFFFFFFE3
:10FD3000FFFFFFFFFFFFFFFFFFFFFFFFFFFFFFFFD3
:10FD4000FFFFFFFFFFFFFFFFFFFFFFFFFFFFFFFFC3
:10FD5000FFFFFFFFFFFFFFFFFFFFFFFFFFFFFFFFB3
:10FD6000FFFFFFFFFFFFFFFFFFFFFFFFFFFFFFFFA3
:10FD7000FFFFFFFFFFFFFFFFFFFFFFFFFFFFFFFF93
:10FD8000FFFFFFFFFFFFFFFFFFFFFFFFFFFFFFFF83
:10FD9000FFFFFFFFFFFFFFFFFFFFFFFFFFFFFFFF73
:10FDA000FFFFFFFFFFFFFFFFFFFFFFFFFFFFFFFF63
:10FDB000FFFFFFFFFFFFFFFFFFFFFFFFFFFFFFFF53
:10FDC000FFFFFFFFFFFFFFFFFFFFFFFFFFFFFFFF43
:10FDD000FFFFFFFFFFFFFFFFFFFFFFFFFFFFFFFF33
:10FDE000FFFFFFFFFFFFFFFFFFFFFFFFFFFFFFFF23
:10FDF000FFFFFFFFFFFFFFFFFFFFFFFFFFFFFFFF13
:10FE0000FFFFFFFFFFFFFFFFFFFFFFFFFFFFFFFF02
:10FE1000FFFFFFFFFFFFFFFFFFFFFFFFFFFFFFFFF2
:10FE2000FFFFFFFFFFFFFFFFFFFFFFFFFFFFFFFFE2
:10FE3000FFFFFFFFFFFFFFFFFFFFFFFFFFFFFFFFD2
:10FE4000FFFFFFFFFFFFFFFFFFFFFFFFFFFFFFFFC2
:10FE5000FFFFFFFFFFFFFFFFFFFFFFFFFFFFFFFFB2
:10FE6000FFFFFFFFFFFFFFFFFFFFFFFFFFFFFFFFA2
:10FE7000FFFFFFFFFFFFFFFFFFFFFFFFFFFFFFFF92
:10FE8000FFFFFFFFFFFFFFFFFFFFFFFFFFFFFFFF82
:10FE9000FFFFFFFFFFFFFFFFFFFFFFFFFFFFFFFF72
:10FEA000FFFFFFFFFFFFFFFFFFFFFFFFFFFFFFFF62
:10FEB000FFFFFFFFFFFFFFFFFFFFFFFFFFFFFFFF52
:10FEC000FFFFFFFFFFFFFFFFFFFFFFFFFFFFFFFF42
:10FED000FFFFFFFFFFFFFFFFFFFFFFFFFFFFFFFF32
:10FEE000FFFFFFFFFFFFFFFFFFFFFFFFFFFFFFFF22
:10FEF000FFFFFFFFFFFFFFFFFFFFFFFFFFFFFFFF12
:10FF0000FFFFFFFFFFFFFFFFFFFFFFFFFFFFFFFF01
:10FF1000FFFFFFFFFFFFFFFFFFFFFFFFFFFFFFFFF1
:10FF2000FFFFFFFFFFFFFFFFFFFFFFFFFFFFFFFFE1
:10FF3000FFFFFFFFFFFFFFFFFFFFFFFFFFFFFFFFD1
:10FF4000FFFFFFFFFFFFFFFFFFFFFFFFFFFFFFFFC1
:10FF5000FFFFFFFFFFFFFFFFFFFFFFFFFFFFFFFFB1
:10FF6000FFFFFFFFFFFFFFFFFFFFFFFFFFFFFFFFA1
:10FF7000FFFFFFFFFFFFFFFFFFFFFFFFFFFFFFFF91
:10FF8000FFFFFFFFFFFFFFFFFFFFFFFFFFFFFFFF81
:10FF9000FFFFFFFFFFFFFFFFFFFFFFFFFFFFFFFF71
:10FFA000FFFFFFFFFFFFFFFFFFFFFFFFFFFFFFFF61
:10FFB000FFFFFFFFFFFFFFFFFFFFFFFFFFFFFFFF51
:10FFC000FFFFFFFFFFFFFFFFFFFFFFFFFFFFFFFF41
:10FFD000FFFFFFFFFFFFFFFFFFFFFFFFFFFFFFFF31
:10FFE000FFFFFFFFFFFFFFFFFFFFFFFFFFFFFFFF21
:10FFF000FFFFFFFFFFFFFFFFFFFFFFFFFFFFFFFF11
:020000040802F0
:10000000FFFFFFFFFFFFFFFFFFFFFFFFFFFFFFFF00
:10001000FFFFFFFFFFFFFFFFFFFFFFFFFFFFFFFFF0
:10002000FFFFFFFFFFFFFFFFFFFFFFFFFFFFFFFFE0
:10003000FFFFFFFFFFFFFFFFFFFFFFFFFFFFFFFFD0
:10004000FFFFFFFFFFFFFFFFFFFFFFFFFFFFFFFFC0
:10005000FFFFFFFFFFFFFFFFFFFFFFFFFFFFFFFFB0
:10006000FFFFFFFFFFFFFFFFFFFFFFFFFFFFFFFFA0
:10007000FFFFFFFFFFFFFFFFFFFFFFFFFFFFFFFF90
:10008000FFFFFFFFFFFFFFFFFFFFFFFFFFFFFFFF80
:10009000FFFFFFFFFFFFFFFFFFFFFFFFFFFFFFFF70
:1000A000FFFFFFFFFFFFFFFFFFFFFFFFFFFFFFFF60
:1000B000FFFFFFFFFFFFFFFFFFFFFFFFFFFFFFFF50
:1000C000FFFFFFFFFFFFFFFFFFFFFFFFFFFFFFFF40
:1000D000FFFFFFFFFFFFFFFFFFFFFFFFFFFFFFFF30
:1000E000FFFFFFFFFFFFFFFFFFFFFFFFFFFFFFFF20
:1000F000FFFFFFFFFFFFFFFFFFFFFFFFFFFFFFFF10
:10010000FFFFFFFFFFFFFFFFFFFFFFFFFFFFFFFFFF
:10011000FFFFFFFFFFFFFFFFFFFFFFFFFFFFFFFFEF
:10012000FFFFFFFFFFFFFFFFFFFFFFFFFFFFFFFFDF
:10013000FFFFFFFFFFFFFFFFFFFFFFFFFFFFFFFFCF
:10014000FFFFFFFF1F1F1F1F1F1F3F3FFFFFFF1F5F
:100150001F1F1F1F1F1F3F7FFFFFFF1F1F1F1F1F8F
:100160001F1FFFFFFF7F3F1F1F1F1F3F3FFFFFFF9F
:10017000FF3F1F1F1F1F1F3F7FFFFFFFFFFFFFFFEF
:10018000FFFF7F3F3F1F1F1F1F3F3F7FFFFFFFFFFF
:100190001F1F1FFF3F1F1F1F9FFFFFFFFFFFFFFFCF
:1001A000FF1F1F1F1F1F1F1F1F1FFFFFFF7F3F1F5F
:1001B0001F1F1F1F3F3F7FFFFFFFFFFFFFFFFFFFCF
:1001C000FF3F3F1F1F1F1F1F3F7FFFFFFFFF7F3F9F
:1001D0003F1F1F1F1F1F3F7FFFFFFFFF1F1F1F3FEF
:1001E000FFFF1F1F1F3FFFFF1F1F1F1F1F1F1F1F7F
:1001F0001FFFFFFF1F1F1FFFFFFF1F1F1F3F7FFF6F
:10020000FF1F1F1FFFFFFF1F1F1FFFFFFF1F1F1FDE
:10021000FFFFFFFF1F1F1F1F1F1F1FFFFFFFFFFF0E
:10022000FFFFFFFFFFFFFFFFFFFFFFFFFFFFFFFFDE
:10023000FFFFFFFFFFFFFFFFFFFFFFFFFFFFFFFFCE
:10024000FFFFFFFFFFFFFFFFFFFFFFFFFFFFFFFFBE
:10025000FFFFFFFFFFFFFFFFFFFFFFFFFFFFFFFFAE
:10026000FFFFFFFFFFFFFFFFFFFFFFFFFFFFFFFF9E
:10027000FFFFFFFFFFFFFFFFFFFFFFFFFFFFFFFF8E
:10028000FFFFFFFF000000E3E3F0F0F0FCFFFF00E2
:100290000000E3C301001078FFFFFF0000003131D0
:1002A0003133FFFFFF9818101121020206FFFFFFF4
:1002B000DC1810103102020286FFFFFFFFFFFFFF74
:1002C000FFE180000C1E3F3F1E0C0080E1FFFFFF9E
:1002D000000000C080041E3F7FFFFFFFFFFFFFFF05
:1002E000FFFFFFFF000000FFFFFFFFFFC080000CCB
:1002F0001F3F3F1E0080C0FFFFFFFFFFFFFFFFFF0C
:10030000C080001E1F3F1F0E0E8ECEFFFFF180002B
:10031000001E3F3F1E0C0080E0FFFFFF000000F0CA
:10032000E08100000000FFFFFFFFFF000000FFFF73
:10033000FFFFFFFF000000FFFFFF000000F8E0C12B
:1003400003000000FFFFFFC000001F3F3F000080D0
:10035000FFFFFFFF0000003131313FFFFFFFFFFFD4
:10036000FFFFFFFFFFFFFFFFFFFFFFFFFFFFFFFF9D
:10037000FFFFFFFFFFFFFFFFFFFFFFFFFFFFFFFF8D
:10038000FFFFFFFFFFFFFFFFFFFFFFFFFFFFFFFF7D
:10039000FFFFFFFFFFFFFFFFFFFFFFFFFFFFFFFF6D
:1003A000FFFFFFFFFFFFFFFFFFFFFFFFFFFFFFFF5D
:1003B000FFFFFFFFFFFFFFFFFFFFFFFFFFFFFFFF4D
:1003C000FFFFFFFFFFFFFFFFFFFFFFFFFFFFFFFF3D
:1003D000FFFFFFFFFFFFFFFFFFFFFFFFFFFFFFFF2D
:1003E000FFFFFFFFFFFFFFFFFEFEFEFFFFFFFFFF20
:1003F000FFFFFFFEFEFEFFFFFFFFFFFFFFFFFFFF10
:10040000FFFFFFFFFFFFFEFEFFFFFFFFFFFFFFFFFE
:10041000FFFFFFFFFFFFFFFFFFFFFFFFFFFFFFFFEC
:10042000FFFFFFFFFFFFFFFFFFFFFFFFFFFFFFFFDC
:10043000FEFEFEFFFFFFFFFFFFFFFFFFFFFFFFFFCF
:10044000FFFFFFFFFEFEFEFFFFFFFFFFFFFFFFFFBF
:10045000FFFFFEFEFEFFFFFFFFFFFFFFFFFFFFFFAF
:10046000FFFFFFFFFFFFFFFFFFFFFFFFFFFFFFFF9C
:10047000FFFFFFFFFFFFFFFFFFFFFFFFFFFFFFFF8C
:10048000FFFFFFFFFFFFFFFFFFFFFFFEFEFFFFFF7E
:10049000FFFFFFFFFFFFFFFFFFFFFFFFFFFFFFFF6C
:1004A000FFFFFFFFFFFFFFFFFFFFFFFFFFFFFFFF5C
:1004B000FFFFFFFFFFFFFFFFFFFFFFFFFFFFFFFF4C
:1004C000FFFFFFFFFFFFFFFFFFFFFFFFFFFFFFFF3C
:1004D000FFFFFFFFFFFFFFFFFFFFFFFFFFFFFFFF2C
:1004E000FFFFFFFFFFFFFFFFFFFFFFFFFFFFFFFF1C
:1004F000FFFFFFFFFFFFFFFFFFFFFFFFFFFFFFFF0C
:10050000FFFFFFFFFFFFFFFFFFFFFFFFFFFFFFFFFB
:10051000FFFFFFFFFFFFFFFFFFFFFFFFFFFFFFFFEB
:10052000FFFFFFFFFFFFFFFFFFFFFFFFFFFFFFFFDB
:10053000FFFFFFFFFFFFFFFFFFFFFFFFFFFFFFFFCB
:10054000FFFFFFFFFFFFFFFFFFFFFFFFFFFFFFFFBB
:10055000FFFFFFFFFFFFFFFFFFFFFFFFFFFFFFFFAB
:10056000FFFFFFFFFFFFFFFFFFFFFFFFFFFFFFFF9B
:10057000FFFFFFFFFFFFFFFFFFFFFFFFFFFFFFFF8B
:10058000FFFFFFFFFFFFFFFFFFFFFFFFFFFFFFFF7B
:10059000FFFFFFFFFFFFFFFFFFFFFFFFFFFFFFFF6B
:1005A000FFFFFFFFFFFFFFFFFFFFFFFFFFFFFFFF5B
:1005B000FFFFFFFFFFFFFFFFFFFFFFFFFFFFFFFF4B
:1005C000FFFFFFFFFFFFFFFFFFFFFFFFFFFFFFFF3B
:1005D000FFFFFFFFFFFFFFFFFFFFFFFFFFFFFFFF2B
:1005E000FFFFFFFFFFFFFFFFFFFFFFFFFFFFFFFF1B
:1005F000FFFFFFFFFFFFFFFFFFFFFFFFFFFFFFFF0B
:10060000FFFFFFFFFFFFFFFFFFFFFFFFFFFFFFFFFA
:10061000FFFFFFFFFFFFFFFFFFFFFFFFFFFFFFFFEA
:10062000FFFFFFFFFFFFFFFFFFFFFFFFFFFFFFFFDA
:10063000FFFFFFFFFFFFFFFFFFFFFFFFFFFFFFFFCA
:10064000FFFFFFFFFFFFFFFFFFFFFFFFFFFFFFFFBA
:10065000FFFFFFFFFFFFFFFFFFFFFFFFFFFFFFFFAA
:10066000FFFFFFFFFFFFFFFFFFFFFFFFFFFFFFFF9A
:10067000FFFFFFFFFFFFFFFFFFFFFFFFFFFFFFFF8A
:10068000FFFFFFFFFFFFFFFFFFFFFFFFFFFFFFFF7A
:10069000FFFFFFFFFFFFFFFFFFFFFFFFFFFFFFFF6A
:1006A000FFFFFFFFFFFFFFFFFFFFFFFFFFFFFFFF5A
:1006B000FFFFFFFFFFFFFFFFFFFFFFFFFFFFFFFF4A
:1006C000FFFFFFFFFFFFFFFFFFFFFFFFFFFFFFFF3A
:1006D000FFFFFFFFFFFFFFFFFFFFFFFFFFFFFFFF2A
:1006E000FFFFFFFFFFFFFFFFFFFFFFFFFFFFFFFF1A
:1006F000FFFFFFFFFFFFFFFFFFFFFFFFFFFFFFFF0A
:10070000FFFFFFFFFFFFFFFFFFFFFFFFFFFFFFFFF9
:10071000FFFFFFFFFFFFFFFFFFFFFFFFFFFFFFFFE9
:10072000FFFFFFFFFFFFFFFFFFFFFFFFFFFFFFFFD9
:10073000FFFFFFFFFFFFFFFFFFFFFFFFFFFFFFFFC9
:10074000FFFFFFFFFFFFFFFFFFFFFFFFFFFFFFFFB9
:10075000FFFFFFFFFFFFFFFFFFFFFFFFFFFFFFFFA9
:10076000FFFFFFFFFFFFFFFFFFFFFFFFFFFFFFFF99
:10077000FFFFFFFFFFFFFFFFFFFFFFFFFFFFFFFF89
:10078000FFFFFFFFFFFFFFFFFFFFFFFFFFFFFFFF79
:10079000FFFFFFFFFFFFFFFFFFFFFFFFFFFFFFFF69
:1007A000FFFFFFFFFFFFFFFFFFFFFFFFFFFFFFFF59
:1007B000FFFFFFFFFFFFFFFFFFFFFFFFFFFFFFFF49
:1007C000FFFFFFFFFFFFFFFFFFFFFFFFFFFFFFFF39
:1007D000FFFFFFFFFFFFFFFFFFFFFFFFFFFFFFFF29
:1007E000FFFFFFFFFFFFFFFFFFFFFFFFFFFFFFFF19
:1007F000FFFFFFFFFFFFFFFFFFFFFFFFFFFFFFFF09
:10080000FFFFFFFFFFFFFFFFFFFFFFFFFFFFFFFFF8
:10081000FFFFFFFFFFFFFFFFFFFFFFFFFFFFFFFFE8
:10082000FFFFFFFFFFFFFFFFFFFFFFFFFFFFFFFFD8
:10083000FFFFFFFFFFFFFFFFFFFFFFFFFFFFFFFFC8
:10084000FFFFFFFFFFFFFFFFFFFFFFFFFFFFFFFFB8
:10085000FFFFFFFFFFFFFFFFFFFFFFFFFFFFFFFFA8
:10086000FFFFFFFFFFFFFFFFFFFFFFFFFFFFFFFF98
:10087000FFFFFFFFFFFFFFFFFFFFFFFFFFFFFFFF88
:10088000FFFFFFFFFFFFFFFFFFFFFFFFFFFFFFFF78
:10089000FF00000000000000000000000000000059
:1008A0000000000000000000000000000000000048
:1008B0000000000000000000000000000000000038
:1008C0000000000000000000000000000000000028
:1008D0000000000000000000000000000000000018
:1008E0000000000000000000000000000000000008
:1008F00000000000000000000000000000000000F8
:1009000000000000000000000000000000000000E7
:1009100000000000000000000000000000000000D7
:1009200000000000000000000000000000000000C7
:1009300000000000000000000000000000000000B7
:1009400000000000000000000000000000000000A7
:100950000000000000000000000000000000000097
:100960000000000000000000000000000000000087
:100970000000000000000000000000000000000077
:100980000000000000000000000000000000000067
:100990000000000000000000000000000000000057
:1009A0000000000000000000000000000000000047
:1009B0000000000000000000000000000000000037
:1009C0000000000000000000000000000000000027
:1009D0000000000000000000000000000000000017
:1009E0000000000000000000000000000000000007
:1009F00000000000000000000000000000000000F7
:100A000000000000000000000000000000000000E6
:100A100000000000000000000000000000000000D6
:100A200000000000000000000000000000000000C6
:100A300000000000000000000000000000000000B6
:100A400000000000000000000000000000000000A6
:100A50000000000000000000000000000000000096
:100A60000000000000000000000000000000000086
:100A70000000000000000000000000000000000076
:100A80000000000000000000000000000000000066
:100A90000000000000000000000000000000000056
:100AA0000000000000000000000000000000000046
:100AB0000000000000000000000000000000000036
:100AC0000000000000000000000000000000000026
:100AD0000000000000000000000000000000000016
:100AE0000000000000000000000000000000000006
:100AF00000000000000000000000000000000000F6
:100B000000000000000000000000000000000000E5
:100B100000000000000000000000000000000000D5
:100B200000000000000000000000000000000000C5
:100B300000000000000000000000000000000000B5
:100B400000000000000000000000000000000000A5
:100B50000000000000000000000000000000000095
:100B60000000000000000000000000000000000085
:100B70000000000000000000000000000000000075
:100B80000000000000000000000000000000000065
:100B90000000000000000000000000000000000055
:100BA0000000000000000000000000000000000045
:100BB0000000000000000000000000000000000035
:100BC0000000000000000000000000000000000025
:100BD0000000000000000000000000000000000015
:100BE0000000000000000000000000000000000005
:100BF00000000000000000000000000000000000F5
:100C000000000000000000000000000000000000E4
:100C100000000000000000000000000000000000D4
:100C200000000000000000000000000000000000C4
:100C300000000000000000000000000000000000B4
:100C400000000000000000000000000000000000A4
:100C50000000000000000000000000000000000094
:100C60000000000000000000000000000000000084
:100C70000000000000000000000000000000000074
:100C80000000000000000000000000000000000064
:100C90000000000000000000000000000000000054
:100CA0000000000000000000000000000000000044
:100CB0000000000000000000000000000000000034
:100CC0000000000000000000000000000000000024
:100CD0000000000000000000000000000000000014
:100CE0000000000000000000000000000000000004
:100CF00000000000000000000000000000000000F4
:100D000000000000000000000000000000000000E3
:100D100000000000000000000000000000000000D3
:100D200000000000000000000000000000000000C3
:100D300000000000000000000000000000000000B3
:100D400000000000000000000000000000000000A3
:100D50000000000000000000000000000000000093
:100D60000000000000000000000000000000000083
:100D70000000000000000000000000000000000073
:100D80000000000000000000000000000000000063
:100D90000000000000000000000000000000000053
:100DA0000000000000000000000000000000000043
:100DB0000000000000000000000000000000000033
:100DC0000000000000000000000000000000000023
:100DD0000000000000000000000000000000000013
:100DE0000000000000000000000000000000000003
:100DF00000000000000000000000000000000000F3
:100E000000000000000000000000000000000000E2
:100E100000000000000000000000000000000000D2
:100E200000000000000000000000000000000000C2
:100E300000000000000000000000000000000000B2
:100E400000000000000000000000000000000000A2
:100E50000000000000000000000000000000000092
:100E60000000000000000000000000000000000082
:100E70000000000000000000000000000000000072
:100E80000000000000000000000000000000000062
:100E90000000000000000000000000000000000052
:100EA0000000000000000000000000000000000042
:100EB0000000000000000000000000000000000032
:100EC0000000000000000000000000000000000022
:100ED0000000000000000000000000000000000012
:100EE0000000000000000000000000000000000002
:100EF00000000000000000000000000000000000F2
:100F000000000000000000000000000000000000E1
:100F100000000000000000000000000000000000D1
:100F200000000000000000000000000000000000C1
:100F300000000000000000000000000000000000B1
:100F400000000000000000000000000000000000A1
:100F50000000000000000000000000000000000091
:100F60000000000000000000000000000000000081
:100F70000000000000000000000000000000000071
:100F80000000000000000000000000000000000061
:100F90000000000000000000000000000000000051
:100FA0000000000000000000000000000000000041
:100FB0000000000000000000000000000000000031
:100FC0000000000000000000000000000000000021
:100FD0000000000000000000000000000000000011
:100FE0000000000000000000000000000000000001
:100FF00000000000000000000000000000000000F1
:1010000000000000000000000000000000000000E0
:1010100000000000000000000000000000000000D0
:1010200000000000000000000000000000000000C0
:1010300000000000000000000000000000000000B0
:1010400000000000000000000000000000000000A0
:101050000000000000000000000000000000000090
:101060000000000000000000000000000000000080
:101070000000000000000000000000000000000070
:101080000000000000000000000000000000000060
:101090000000000000000000000000000000000050
:1010A0000000000000000000000000000000000040
:1010B0000000000000000000000000000000000030
:1010C0000000000000000000000000000000000020
:1010D0000000000000000000000000000000000010
:1010E0000000000000000000000000000000000000
:1010F00000000000000000000000000000000000F0
:1011000000000000000000000000000000000000DF
:1011100000000000000000000000000000000000CF
:1011200000000000000000000000000000000000BF
:1011300000000000000000000000000000000000AF
:10114000000000000000000000000000000000009F
:10115000000000000000000000000000000000008F
:10116000000000000000000000000000000000007F
:10117000000000000000000000000000000000006F
:10118000000000000000000000000000000000005F
:10119000000000000000000000000000000000004F
:1011A000000000000000000000000000000000003F
:1011B000000000000000000000000000000000002F
:1011C000000000000000000000000000000000001F
:1011D000000000000000000000000000000000000F
:1011E00000000000000000000000000000000000FF
:1011F00000000000000000000000000000000000EF
:1012000000000000000000000000000000000000DE
:1012100000000000000000000000000000000000CE
:10122000000000000000307071FC7007E00FC0F09B
:101230000E3F8000000000000000000000000000E1
:1012400000000000000000000000000000003878EE
:1012500061FC700FF01FE0F01E3F800000000000F6
:10126000000000000000000000000000000000007E
:1012700000000000000018786180701C183030F009
:101280001E30000000000000000000000000000010
:1012900000000000000000000000000000001878BE
:1012A000618070181C7018F83E30000000000000CB
:1012B000000000000000000000000000000000002E
:1012C00000000000000018C861807030006018E85D
:1012D0002E300000000000000000000000000000B0
:1012E000000000000000000000000000000018CC1A
:1012F000C1F87030006018EC2E3F80000000000044
:1013000000000000000000000000000000000000DD
:101310000000000000000CCCC1F8703000601CEC34
:101320006E3F800000000000000000000000000090
:1013300000000000000000000000000000000C8C15
:10134000C1807030006018E44E30000000000000E2
:10135000000000000000000000000000000000008D
:101360000000000000000C84C1807038006018E6A6
:10137000CE3000000000000000000000000000006F
:1013800000000000000000000000000000000D86CA
:10139000818070181C3038E3CE300000000000005F
:1013A000000000000000000000000000000000003D
:1013B00000000000000007878180700E783CF0E399
:1013C0008E3000000000000000000000000000005F
:1013D00000000000000000000000000000000707FF
:1013E00081FC7F07F00FE0E38E3F800000000000EB
:1013F00000000000000000000000000000000000ED
:10140000000000000000070381FC7F01800300E171
:101410000E3F8000000000000000000000000000FF
:1014200000000000000000000000000000000000BC
:1014300000000000000000000000000000000000AC
:10144000000000000000000000000000000000009C
:10145000000000000000000000000000000000008C
:10146000000000000000000000000000000000007C
:10147000000000000000000000000000000000006C
:10148000000000000000000000000000000000005C
:10149000000000000000000000000000000000004C
:1014A000000000000000000000000000000000003C
:1014B000000000000000000000000000000000002C
:1014C000000000000000000000000000000000001C
:1014D000000000000000000000000000000000000C
:1014E00000000000000000000000000000000000FC
:1014F00000000000000000000000000000000000EC
:1015000000000000000000000000000000000000DB
:1015100000000000000000000000000000000000CB
:1015200000000000000000000000000000000000BB
:1015300000000000000000000000000000000000AB
:10154000000000000000000000000000000000009B
:10155000000000000000000000000000000000008B
:10156000000000000000000000000000000000007B
:10157000000000000000000000000000000000006B
:10158000000000000000000000000000000000005B
:10159000000000000000000000000000000000004B
:1015A000000000000000000000000000000000003B
:1015B000000000000000000000000000000000002B
:1015C000000000000000000000000000000000001B
:1015D000000000000000000000000000000000000B
:1015E00000000000000000000000000000000000FB
:1015F00000000000000000000000000000000000EB
:1016000000000000000000000000000000000000DA
:1016100000000000000000000000000000000000CA
:1016200000000000000000000000000000000000BA
:1016300000000000000000000000000000000000AA
:10164000000000000000000000000000000000009A
:10165000000000000000000000000000000000008A
:10166000000001FF81F00000000000000000000009
:10167000000000000000000000000000000000006A
:101680000000000000000000000001FF87FC0000D7
:10169000000000000000000000000000000000004A
:1016A000000000000000000000000000000000003A
:1016B000000000180E0E00000000000000000000F6
:1016C000000000000000000000000000000000001A
:1016D0000000000000000000000000180C060000E0
:1016E00000000000000000000000000000000000FA
:1016F00000000000000000000000000000000000EA
:10170000000000181C0300000000000000000000A2
:1017100000000000000000000000000000000000C9
:101720000000000000000000000000181C03000082
:1017300000000000000000000000000000000000A9
:101740000000000000000000000000000000000099
:10175000000000181C030000000000000000000052
:101760000000000000000000000000000000000079
:101770000000000000000000000000181C03000032
:101780000000000000000000000000000000000059
:101790000000000000000000000000000000000049
:1017A000000000180C07000000000000000000000E
:1017B0000000000000000000000000000000000029
:1017C0000000000000000000000000180E060000ED
:1017D0000000000000000000000000000000000009
:1017E00000000000000000000000000000000000F9
:1017F00000000018071C00000000000000000000AE
:1018000000000000000000000000000000000000D8
:1018100000000000000000000000001803F80000B5
:1018200000000000000000000000000000000000B8
:1018300000000000000000000000000000000000A8
:101840000000001800600000000000000000000020
:101850000000000000000000000000000000000088
:101860000000000000000000000000000000000078
:101870000000000000000000000000000000000068
:101880000000000000000000000000000000000058
:101890000000000000000000000000000000000048
:1018A0000000000000000000000000000000000038
:1018B0000000000000000000000000000000000028
:1018C0000000000000000000000000000000000018
:1018D0000000000000000000000000000000000008
:1018E00000000000000000000000000000000000F8
:1018F00000000000000000000000000000000000E8
:1019000000000000000000000000000000000000D7
:1019100000000000000000000000000000000000C7
:1019200000000000000000000000000000000000B7
:1019300000000000000000000000000000000000A7
:101940000000000000000000000000000000000097
:101950000000000000000000000000000000000087
:101960000000000000000000000000000000000077
:101970000000000000000000000000000000000067
:101980000000000000000000000000000000000057
:101990000000000000000000000000000000000047
:1019A0000000000000000000000000000000000037
:1019B0000000000000000000000000000000000027
:1019C0000000000000000000000000000000000017
:1019D0000000000000000000000000000000000007
:1019E00000000000000000000000000000000000F7
:1019F00000000000000000000000000000000000E7
:101A000000000000000000000000000000000000D6
:101A100000000000000000000000000000000000C6
:101A200000000000000000000000000000000000B6
:101A300000000000000000000000000000000000A6
:101A40000000000000000000000000000000000096
:101A50000000000000000000000000000000000086
:101A60000000000000000000000000000000000076
:101A70000000000000000000000000000000000066
:101A80000000000000000000000000000000000056
:101A90000000000000000000000000000000000046
:101AA0000000000000000000000000000000000036
:101AB0000000000000000000000000000000000026
:101AC0000000000000000000000000000000000016
:101AD0000000000000000000000000000000000006
:101AE00000000000000000000000000000000000F6
:101AF0000000000000000000000000600000000086
:101B0000000000000001F0F00F0FFE00F007E00FF2
:101B100080F007FF800FC01E1F00F83E07C03F0087
:101B2000780F83FC00000000000000000001F0F8C6
:101B30000F0FFF80F007E00F80F007FFC00FC01EFF
:101B40001F00F83F07803F807C0F07FE0000000069
:101B5000000000000001F0FC0F0FFFC0F00FF00FBD
:101B6000C0F007FFE00FE01E1F00783F07803F80B6
:101B70003C1F0FFF00000000000000000001F0FC0F
:101B80000F0F07E0F00FF00FE0F007C1E01FE01EBD
:101B90001F00783F07807F803E1E0F0F80000000EF
:101BA000000000000001F0FE0F0F01E0F00EF00F4A
:101BB000E0F007C1F01EE01E1F00787F0F807BC0A1
:101BC0001E3E0F0000000000000000000001F0FFBA
:101BD0000F0F01F0F01E780FF0F007C1F01CF01E9F
:101BE0001F00787F8F0073C01F3C0F0000000000B3
:101BF000000000000001F0FF0F0F00F0F01E780F52
:101C0000F8F007C1F03CF01E1F003C778F00F3C0D6
:101C10000F780FC000000000000000000001F0F786
:101C20008F0F00F0F01C780F78F007C1E03C781EB1
:101C30001F003C738F00F1E00FF807F00000000078
:101C4000000000000001F0F3CF0F00F0F03C3C0F6B
:101C50003CF007FFC078781E1F003CF38F00E1E0E6
:101C600007F003FE00000000000000000001F0F398
:101C7000CF0F00F0F03C3C0F1EF007FF8078781E7D
:101C80001F003CF38E01E1E003F000FF00000000C4
:101C9000000000000001F0F1FF0F00F0F0783C0FB1
:101CA0001FF007FF00783C1E1F001CE3DE01E0F080
:101CB00003E0001F80000000000000000001F0F0C1
:101CC000FF0F01F0F07FFE0F0FF007CF00FFFC1EAB
:101CD0001F001CE1DE03FFF001E0000F80000000A8
:101CE000000000000001F0F0FF0F01E0F07FFE0FA8
:101CF00007F007CF00FFFC1E1F001FE1FE03FFF8E7
:101D000001E0000780000000000000000001F0F08A
:101D10007F0F07E0F0FFFF0F07F007C780FFFE1EF1
:101D20001F001FE1FC03FFF801E00F0F800000001F
:101D3000000000000001F0F03F0FFFC0F0F00F0FB7
:101D400003F007C7C1E01E1E1FF80FC1FC07807813
:101D500001E00FDF00000000000000000001F0F0D3
:101D60003F0FFF80F0F00F0F01F007C3C1E01E1E10
:101D70001FF80FC1FC07807C01E007FF0000000096
:101D8000000000000001F0F01F0FFE00F1E00F8FD7
:101D900001F007C3E1E00F1E1FF80FC0FC07803CF5
:101DA00001E003FE00000000000000000001F0F070
:101DB0000F0FE000F1E0078F00F007C1E3C00F1E36
:101DC0001FF80FC0F80F003C01E000700000000099
:101DD0000000000000000000000000000000000003
:101DE00000000000000000000000000000000000F3
:101DF00000000000000000000000000000000000E3
:101E000000000000000000000000000000000000D2
:101E100000000000000000000000000000000000C2
:101E200000000000000000000000000000000000B2
:101E300000000000000000000000000000000000A2
:101E40000000000000000000000000000000000092
:101E50000000000000000000000000000000000082
:101E60000000000000000000000000000000000072
:101E70000000000000000000000000000000000062
:101E80000000000000000000000000000000000052
:101E90000000000000000000000000000000000042
:101EA0000000000000000000000000000000000032
:101EB0000000000000000000000000000000000022
:101EC0000000000000000000000000000000000012
:101ED0000000000000000000000000000000000002
:101EE00000000000000000000000000000000000F2
:101EF00000000000000000000000000000000000E2
:101F000000000000000000000000000000000000D1
:101F100000000000000000000000000000000000C1
:101F200000000000000000000000000000000000B1
:101F300000000000000000000000000000000000A1
:101F40000000000000000000000000000000000091
:101F50000000000000000000000000000000000081
:101F60000000000000000000000000000000000071
:101F70000000000000000000000000000000000061
:101F80000000000000000000000000000000000051
:101F90000000000000000000000000000000000041
:101FA0000000000000000000000000000000000031
:101FB0000000000000000000000000000000000021
:101FC0000000000000000000000000000000000011
:101FD0000000000000000000000000000000000001
:101FE00000000000000000000000000000000000F1
:101FF00000000000000000000000000000000000E1
:1020000000000000000000000000000000000000D0
:1020100000000000000000000000000000000000C0
:1020200000000000000000000000000000000000B0
:1020300000000000000000000000000000000000A0
:102040000000000000000000000000000000000090
:102050000000000000000000000000000000000080
:102060000000000000000000000000000000000070
:102070000000000000000000000000000000000060
:102080000000000000000000000000000000000050
:102090000000000000000000000000000000000040
:1020A0000000000000000000000000000000000030
:1020B0000000000000000000000000000000000020
:1020C0000000000000000000000000000000000010
:1020D0000000000000000000000000000000000000
:1020E00000000000000000000000000000000000F0
:1020F00000000000000000000000000000000000E0
:1021000000000000000000000000000000000000CF
:1021100000000000000000000000000000000000BF
:1021200000000000000000000000000000000000AF
:10213000000000000000000000000000000000009F
:10214000000000000000000000000000000000008F
:10215000000000000000000000000000000000007F
:10216000000000000000000000000000000000006F
:10217000000000000000000000000000000000005F
:10218000000000000000000000000000000000004F
:10219000000000000000000000000000000000003F
:1021A000000000000000000000000000000000002F
:1021B000000000000000000000000000000000001F
:1021C000000000000000000000000000000000000F
:1021D00000000000000000000000000000000000FF
:1021E00000000000000000000000000000000000EF
:1021F00000000000000000000000000000000000DF
:1022000000000000000000000000000000000000CE
:1022100000000000000000000000000000000000BE
:1022200000000000000000000000000000000000AE
:10223000000000000000000000000000000000009E
:10224000000000000000000000000000000000008E
:10225000000000000000000000000000000000007E
:10226000000000000000000000000000000000006E
:10227000000000000000000000000000000000005E
:10228000000000000000000000000000000000004E
:10229000000000000000000000000000000000003E
:1022A000000000000000000000000000000000002E
:1022B000000000000000000000000000000000001E
:1022C000000000000000000000000000000000000E
:1022D00000000000000000000000000000000000FE
:1022E00000000000000000000000000000000000EE
:1022F00000000000000000000000000000000000DE
:1023000000000000000000000000000000000000CD
:1023100000000000000000000000000000000000BD
:1023200000000000000000000000000000000000AD
:10233000000000000000000000000000000000009D
:10234000000000000000000000000000000000008D
:10235000000000000000000000000000000000007D
:10236000000000000000000000000000000000006D
:10237000000000000000000000000000000000005D
:10238000000000000000000000000000000000004D
:10239000000000000000000000000000000000003D
:1023A000000000000000000000000000000000002D
:1023B000000000000000000000000000000000001D
:1023C000000000000000000000000000000000000D
:1023D00000000000000000000000000000000000FD
:1023E00000000000000000000000000000000000ED
:1023F00000000000000000000000000000000000DD
:1024000000000000000000000000000000000000CC
:1024100000000000000000000000000000000000BC
:1024200000000000000000000000000000000000AC
:10243000000000000000000000000000000000009C
:10244000000000000000000000000000000000008C
:10245000000000000000000000000000000000007C
:10246000000000000000000000000000000000006C
:10247000000000000000000000000000000000005C
:10248000000000000000000000000000000000004C
:10249000000000000000000000000000000000003C
:1024A000000000000000000000000000000000002C
:1024B000000000000000000000000000000000001C
:1024C000000000000000000000000000000000000C
:1024D00000000000000000000000000000000000FC
:1024E00000000000000000000000000000000000EC
:1024F00000000000000000000000000000000000DC
:1025000000000000000000000000000000000000CB
:1025100000000000000000000000000000000000BB
:1025200000000000000000000000000000000000AB
:10253000000000000000000000000000000000009B
:10254000000000000000000000000000000000008B
:10255000000000000000000000000000000000007B
:10256000000000000000000000000000000000006B
:10257000000000000000000000000000000000005B
:10258000000000000000000000000000000000004B
:10259000000000000000000000000000000000003B
:1025A000000000000000000000000000000000002B
:1025B000000000000000000000000000000000001B
:1025C000000000000000000000000000000000000B
:1025D00000000000000000000000000000000000FB
:1025E00000000000000000000000000000000000EB
:1025F00000000000000000000000000000000000DB
:1026000000000000000000000000000000000000CA
:1026100000000000000000000000000000000000BA
:1026200000000000000000000000000000000000AA
:10263000000000000000000000000000000000009A
:10264000000000000000000000000000000000008A
:10265000000000000000000000000000000000007A
:10266000000000000000000000000000000000006A
:10267000000000000000000000000000000000005A
:10268000000000000000000000000000000000004A
:10269000000000000000000000000000000000003A
:1026A000000000000000000000000000000000002A
:1026B000000000000000000000000000000000001A
:1026C000000000000000000000000000000000000A
:1026D00000000000000000000000000000000000FA
:1026E00000000000000000000000000000000000EA
:1026F00000000000000000000000000000000000DA
:1027000000000000000000000000000000000000C9
:1027100000000000000000000000000000000000B9
:1027200000000000000000000000000000000000A9
:102730000000000000000000000000000000000099
:102740000000000000000000000000000000000089
:102750000000000000000000000000000000000079
:102760000000000000000000000000000000000069
:102770000000000000000000000000000000000059
:102780000000000000000000000000000000000049
:102790000000000000000000000000000000000039
:1027A0000000000000000000000000000000000029
:1027B0000000000000000000000000000000000019
:1027C0000000000000000000000000000000000009
:1027D00000000000000000000000000000000000F9
:1027E00000000000000000000000000000000000E9
:1027F00000000000000000000000000000000000D9
:1028000000000000000000000000000000000000C8
:1028100000000000000000000000000000000000B8
:1028200000000000000000000000000000000000A8
:102830000000000000000000000000000000000098
:102840000000000000000000000000000000000088
:102850000000000000000000000000000000000078
:102860000000000000000000000000000000000068
:102870000000000000000000000000000000000058
:102880000000000000000000000000000000000048
:102890000000000000000000000000000000000038
:1028A0000000000000000000000000000000000028
:1028B0000000000000000000000000000000000018
:1028C0000000000000000000000000000000000008
:1028D00000000000000000000000000000000000F8
:1028E00000000000000000000000000000000000E8
:1028F00000000000000000000000000000000000D8
:1029000000000000000000000000000000000000C7
:1029100000000000000000000000000000000000B7
:1029200000000000000000000000000000000000A7
:102930000000000000000000000000000000000097
:102940000000000000000000000000000000000087
:102950000000000000000000000000000000000077
:102960000000000000000000000000000000000067
:102970000000000000000000000000000000000057
:102980000000000000000000000000000000000047
:102990000000000000000000000000000000000037
:1029A0000000000000000000000000000000000027
:1029B0000000000000000000000000000000000017
:1029C0000000000000000000000000000000000007
:1029D00000000000000000000000000000000000F7
:1029E00000000000000000000000000000000000E7
:1029F00000000000000000000000000000000000D7
:102A000000000000000000000000000000000000C6
:102A100000000000000000000000000000000000B6
:102A200000000000000000000000000000000000A6
:102A30000000000000000000000000000000000096
:102A40000000000000000000000000000000000086
:102A50000000000000000000000000000000000076
:102A60000000000000000000000000000000000066
:102A70000000000000000000000000000000000056
:102A80000000000000000000000000000000000046
:102A90000000000000000000000000000000000036
:102AA0000000000000000000000000000000000026
:102AB0000000000000000000000000000000000016
:102AC0000000000000000000000000000000000006
:102AD00000000000000000000000000000000000F6
:102AE00000000000000000000000000000000000E6
:102AF00000000000000000000000000000000000D6
:102B000000000000000000000000000000000000C5
:102B100000000000000000000000000000000000B5
:102B200000000000000000000000000000000000A5
:102B30000000000000000000000000000000000095
:102B40000000000000000000000000000000000085
:102B50000000000000000000000000000000000075
:102B60000000000000000000000000000000000065
:102B70000000000000000000000000000000000055
:102B80000000000000000000000000000000000045
:102B90000000000000000000000000000000000035
:102BA0000000000000000000000000000000000025
:102BB0000000000000000000000000000000000015
:102BC0000000000000000000000000000000000005
:102BD00000000000000000000000000000000000F5
:102BE00000000000000000000000000000000000E5
:102BF00000000000000000000000000000000000D5
:102C000000000000000000000000000000000000C4
:102C100000000000000000000000000000000000B4
:102C200000000000000000000000000000000000A4
:102C30000000000000000000000000000000000094
:102C40000000000000000000000000000000000084
:102C50000000000000000000000000000000000074
:102C60000000000000000000000000000000000064
:102C70000000000000000000000000000000000054
:102C80000000000000000000000000000000000044
:102C90000000000000000000000000000000000034
:102CA0000000000000000000000000000000000024
:102CB0000000000000000000000000000000000014
:102CC0000000000000000000000000000000000004
:102CD00000000000000000000000000000000000F4
:102CE00000000000000000000000000000000000E4
:102CF00000000000000000000000000000000000D4
:102D000000000000000000000000000000000000C3
:102D100000000000000000000000000000000000B3
:102D200000000000000000000000000000000000A3
:102D30000000000000000000000000000000000093
:102D40000000000000000000000000000000000083
:102D50000000000000000000000000000000000073
:102D60000000000000000000000000000000000063
:102D70000000000000000000000000000000000053
:102D80000000000000000000000000000000000043
:102D90000000000000000000000000000000000033
:102DA0000000000000000000000000000000000023
:102DB0000000000000000000000000000000000013
:102DC0000000000000000000000000000000000003
:102DD00000000000000000000000000000000000F3
:102DE00000000000000000000000000000000000E3
:102DF00000000000000000000000000000000000D3
:102E000000000000000000000000000000000000C2
:102E100000303A54726970646174302E786C7300BB
:102E2000303A54726970646174312E786C7300307A
:102E30003A54726970646174322E786C7300303A5F
:102E400054726970646174332E786C7300303A5434
:102E5000726970646174342E786C7300303A547205
:102E60006970646174352E786C7300303A547269FD
:102E700070646174362E786C7300303A54726970E5
:102E8000646174372E786C7300303A5472697064E0
:102E90006174382E786C7300303A547269706461D2
:102EA00074392E786C73003E20486F7374204C691F
:102EB000627261727920496E697469616C697A65C0
:102EC000640A003E2044657669636520417474613C
:102ED00063686564200A003E204465766963652066
:102EE000446973636F6E6E65637465640A003E20A7
:102EF000456E756D65726174696F6E20636F6D707C
:102F00006C65746564200A003E2048696768207318
:102F100070656564206465766963652064657465C1
:102F2000637465640A003E2046756C6C207370659E
:102F3000656420646576696365206465746563749F
:102F400065640A003E204C6F7720737065656420CD
:102F50006465766963652064657465637465640A95
:102F6000003E20446576696365206661756C742057
:102F70000A003E204D6173732073746F7261676540
:102F80002064657669636520636F6E6E6563746542
:102F9000640A003E204849442064657669636520E0
:102FA000636F6E6E65637465640A003E2053697AD0
:102FB00065206F6620746865206469736B20696E94
:102FC000204D42797465733A200A003E204C554EDC
:102FD00020417661696C61626C6520696E2074685D
:102FE00065206465766963653A0A003E204578701D
:102FF0006C6F72696E67206469736B20666C6173B5
:1030000068202E2E2E0A003E2054686520646973C5
:103010006B2069732077726974652070726F7465B4
:10302000637465640A003E20554E5245434F564531
:10303000524544204552524F522053544154450A60
:103040000000AC2000001A2092011E202620202023
:103050002120C602302060013920520100007D018C
:1030600000000000182019201C201D202220132001
:103070001420DC02222161013A20530100007E016C
:103080007801A000A100A200A300A400A500A60052
:10309000A700A800A900AA00AB00AC00AD00AE00DC
:1030A000AF00B000B100B200B300B400B500B6008C
:1030B000B700B800B900BA00BB00BC00BD00BE003C
:1030C000BF00C000C100C200C300C400C500C600EC
:1030D000C700C800C900CA00CB00CC00CD00CE009C
:1030E000CF00D000D100D200D300D400D500D6004C
:1030F000D700D800D900DA00BD00DC00DD00DE001A
:10310000DF00E000E100E200E300E400E500E600AB
:10311000E700E800E900EA00EB00EC00ED00EE005B
:10312000EF00F000F100F200F300F400F500F6000B
:10313000F700F800F900FA00FB00FC00FD00FE00BB
:10314000FF006100620063006400650066006700C4
:10315000680069006A006B006C006D006E006F0013
:1031600070007100720073007400750076007700C3
:10317000780079007A00A100A200A300A500AC00AD
:10318000AF00E000E100E200E300E400E500E6005B
:10319000E700E800E900EA00EB00EC00ED00EE00DB
:1031A000EF00F000F100F200F300F400F500F6008B
:1031B000F800F900FA00FB00FC00FD00FE00FF0033
:1031C000010103010501070109010B010D010F01B7
:1031D000110113011501170119011B011D011F0127
:1031E000210123012501270129012B012D012F0197
:1031F00031013301350137013A013C013E01400103
:1032000042014401460148014B014D014F0151016A
:1032100053015501570159015B015D015F016101D6
:1032200063016501670169016B016D016F01710146
:103230007301750177017A017C017E019201B1036E
:10324000B203B303B403B503B603B703B803B903BA
:10325000BA03BB03BC03BD03BE03BF03C003C1036A
:10326000C303C403C503C603C703C803C903CA0312
:103270003004310432043304340435043604370492
:10328000380439043A043B043C043D043E043F0442
:1032900040044104420443044404450446044704F2
:1032A000480449044A044B044C044D044E044F04A2
:1032B000510452045304540455045604570458044A
:1032C00059045A045B045C045E045F04702171219C
:1032D000722173217421752176217721782179213A
:1032E0007A217B217C217D217E217F2141FF42FFAC
:1032F00043FF44FF45FF46FF47FF48FF49FF4AFFA2
:103300004BFF4CFF4DFF4EFF4FFF50FF51FF52FF51
:1033100053FF54FF55FF56FF57FF58FF59FF5AFF01
:1033200000004100420043004400450046004700C1
:10333000480049004A004B004C004D004E004F0031
:1033400050005100520053005400550056005700E1
:10335000580059005A002100E0FFE1FFE5FFE2FFBD
:10336000E3FFC000C100C200C300C400C500C60026
:10337000C700C800C900CA00CB00CC00CD00CE00F9
:10338000CF00D000D100D200D300D400D500D600A9
:10339000D800D900DA00DB00DC00DD00DE007801B7
:1033A000000102010401060108010A010C010E01DD
:1033B000100112011401160118011A011C011E014D
:1033C000200122012401260128012A012C012E01BD
:1033D000300132013401360139013B013D013F0129
:1033E00041014301450147014A014C014E01500191
:1033F00052015401560158015A015C015E016001FD
:1034000062016401660168016A016C016E0170016C
:1034100072017401760179017B017D0191019103B3
:1034200092039303940395039603970398039903D8
:103430009A039B039C039D039E039F03A003A10388
:10344000A303A403A503A603A703A803A903AA0330
:1034500010041104120413041404150416041704B0
:10346000180419041A041B041C041D041E041F0460
:103470002004210422042304240425042604270410
:10348000280429042A042B042C042D042E042F04C0
:1034900001040204030404040504060407040804E8
:1034A00009040A040B040C040E040F0460216121BA
:1034B00062216321642165216621672168216921D8
:1034C0006A216B216C216D216E216F2121FF22FF6A
:1034D00023FF24FF25FF26FF27FF28FF29FF2AFFC0
:1034E0002BFF2CFF2DFF2EFF2FFF30FF31FF32FF70
:1034F00033FF34FF35FF36FF37FF38FF39FF3AFF20
:103500000000000001030507090E10121416181C14
:103510001E808182838485868788898A8B8C8D8EA4
:103520008F90919293949596979899AD9B8C9DAE20
:103530009FA021A2A3A4A5A6A7A8A9AAABACADAEA3
:10354000AFB0B1B2B3B4B5B6B7B8B9BABBBCBDBE13
:10355000BFC0C1C2C3C4C5C6C7C8C9CACBCCCDCE03
:10356000CFD0D1D2D3D4D5D6D7D8D9DADBDCDDDEF3
:10357000DFC0C1C2C3C4C5C6C7C8C9CACBCCCDCEC3
:10358000CFD0D1D2D3D4D5D6F7D8D9DADBDCDDDEB3
:103590009F00000000401F0000A00F0000D00700A7
:1035A00000E8030000F4010000FA0000007D0000C4
:1035B000803E0000401F0000A00F0000000000003F
:1035C0000080004000200010000800400020001093
:1035D000000800040002FFF364C400000003480078
:1035E0000000004C414D455555554C414D45332E3D
:1035F00031303055555555555555555555555555E9
:10360000555555555555555555555555555555556A
:10361000555555555555555555555555555555555A
:10362000555555555555555555555555555555554A
:10363000555555555555555555555555555555553A
:10364000555555555555555555555555555555552A
:10365000555555555555555555555555555555551A
:10366000555555555555FFF364C47C00000348007B
:10367000000000555555555555554C414D45332E77
:103680003130305555555555555555555555555558
:1036900055555555555555555555555555555555DA
:1036A00055555555555555555555555555555555CA
:1036B00055555555555555555555555555555555BA
:1036C00055555555555555555555555555555555AA
:1036D000555555555555555555555555555555559A
:1036E000555555555555555555555555555555558A
:1036F000555555555555FFF364C47C0000034800EB
:1037000000000055555555555555F1413F1714F1D9
:10371000307FCD0E93FFE440758E337FFEE27C1C3C
:10372000F57FF8C02485C01CC24C5C1FFF950A04BD
:103730001046841CB88FFFFE4A0E011A13E4505540
:103740001060F502F67FFFFF92E2C81A04D0B807B6
:1037500040AE85F70B2B1F03B0348FFFFFFFF165E1
:1037600005940748460A50AA5E2083B0C8881142D3
:1037700089130FB8E0FFFFFFFFFFF22E17205964F7
:1037800050B23583D41CFFF364C47C0000034801AD
:103790004000008244719141F62970F942D78008B7
:1037A000E007540B3406502003400E9C2E01BBEF63
:1037B0006DDB6D66934792AD6F5BFEBF0B942E047D
:1037C000438CC2341305E55D052880F757DB4C6F49
:1037D000E2407EA98B0930BDB391D35B64561DAB2B
:1037E000D61D2B14C6818238522C24214265F2F852
:1037F0008C7719B64791E98C438D7961F88AF6D5B3
:103800007AAD9158C695C44DEFEE9E24BBBCFF1116
:10381000B31DDD563192FFF364C4FF25B439F401C2
:1038200085A0005679098136258DEF357D439F7639
:103830007EE12EED5C5FE2F88127C7208C27022C09
:10384000CB0623AB886101025DB4EB849E3F75E734
:10385000FAD6358964BE3FDE337A56044C6A48BBDB
:10386000D5E9B5193B451C042D6EE2E0B2CE063217
:10387000F6F291485935479CE4C4AF42291E04CB67
:1038800011A246BC685243963C3AC773F4A6737FB4
:1038900048FEF7C42C44AD7358B67D79950007985F
:1038A000A6011D061FFAFFF364C4EB38543AC87F23
:1038B000807902B89988D38A07068FC3E2410CCD7C
:1038C000E618BC3AFB0E3AC397AFC2DCEC0C2D6194
:1038D000230DEB7EDDEF3AC2FB529379CEB4FFD2DB
:1038E000769EEFC1D69DF62297329333B65FD9D735
:1038F0008996EF991CCD26D8B21BF3FACC54D6DFAB
:1039000069BA5227DC6CE9421AA8D5B8C22491657D
:10391000ED0C1CF9D93D87B58A1C47D52CB4BAE902
:10392000A02B322315621E0383E3C27970DC9387D8
:1039300073C2F425ED25FFF364C48C331C36931356
:10394000C560003844AD656B53830DB99C6ADDFEDC
:103950004C696AA3507EB309FE9595258353C2A096
:103960009C9179CB8C975196E7749F1921415C7B90
:10397000114D5796CC4FC450596964BE2851521905
:1039800091BA44EA89BCCDB74245085FCF6BCF6896
:10399000DA6CB38170743C0AB030400FD2060482F6
:1039A000FD76E6EA5EE32510476CCE21D6BC687B47
:1039B00042213484064C428353A0CE2DA7F5D0BAC1
:1039C000FABF276CED5CFFF364C442296C3AAB1874
:1039D00048D354DE1E99C2CFBFFFB75FC88B8DDFBF
:1039E0007C4DF0BC5A5579B0A6E133CBE456877ACA
:1039F00087BDCFFFFC32DCF3EC2C20834C19B45490
:103A000042BBA9AFFD1A5BFE71C81F1D57FE95F2A0
:103A1000DCBB0CDA2FD76909C6C7DC5D37B2AA1741
:103A2000A128E71269CE63607C9901B3A44C7305A9
:103A300060289513AFD165CEFEEEC8656B9BB206CC
:103A4000ABCC3615908250D3A788296B04642254DE
:103A500016914EDEE79DFFF364C41F23243AC31C76
:103A6000C184D48C31B8A4B1FC8C641820D618ADB4
:103A700030620DA7150EAA4CB681866267F4D67B1C
:103A80008181DD11268A61CAD93124A51D33B23E58
:103A90008119D51EAEC4B0E8E2084A5DAF327F435B
:103AA000CD4BDB4F47FF8349DD50C69656FFFA9753
:103AB0009CC828E5653FFFA3A3FFD7FD9FBA191F48
:103AC00056BB38D1D06A0E18B53B154A8B45430A10
:103AD00065589867B5A3295295F3F0A00A18180104
:103AE0009984F8531A95FFF364C41520313ACAF447
:103AF000F7045A2FB18F2192992D8851ACD506C861
:103B00004C9CBD2A664831EC3CC758041CBDBA1613
:103B10000099344A182B3292C0D9C9E3100DC0C79E
:103B2000A05140C4E13303078C08092E23DB279AF8
:103B3000B7561B91EBFBCCDDFFF294FF213EDE5527
:103B400060E2F6F654081748217C23BAAA9363EF83
:103B5000FED0D8EFFFD753CEFE1FFFFFE55DA96C67
:103B6000A24363678A806E5D32FDB156066182278B
:103B7000EE8C62A5C103FFF364C417208B42BF1E05
:103B8000DA0534F9CD6D5988C0CC1C11C6BF59680F
:103B90001917202A54040D76512B8F1850617E6915
:103BA000A9E832405C392B94E54BC5E761CAEC12B9
:103BB00003E4D7ECB7FC9DCFF371FC8D816BF3056B
:103BC000CD8BF4B5AE70F0E5BDC1C06C3E9B92A448
:103BD000D66C69D6BD092FFFFFF237FF46FFFFFF06
:103BE000FD1FF9E4539F0AEA70833FFFFF12AAB159
:103BF000100A9BE88A76DDDD6B751EB4C1CF5FBD10
:103C00004957B770D7E0FFF364C41721C35ED65E8F
:103C1000C20B4AB5D1627EF5DAEF424FA7C49F0BC3
:103C20001920CBE94F4B6F1BE4866992CB963D85FB
:103C30000B2DDF879501A5996B8D06867F890F7FF8
:103C4000E4AAA937108099FEE4F8ABA7381DFCABB5
:103C5000F7F4317FFFF881370F0022EAF121E28289
:103C6000F26384DFFF47EEC6FFFE9639265141E33B
:103C700004185460B87051C4EF23FCECB17A80444E
:103C8000887F959090C34A56416DB9F96FF167C42A
:103C9000208C6186359EFFF364C41320227AC25EB5
:103CA000C3050E1162C2EE3619655581236C3C972F
:103CB00014F204BE00E83B0FE4EEFB1D0055DD4EA0
:103CC0009C25890795F964BC7BF9764E4C4B6DDFDA
:103CD000315A86FA9062AEE6891D19DD18EFCA43A3
:103CE000D8C042C41C0C3D1DB73193FFFFFA37F218
:103CF00082521850A384062C8716388567FFFD91E1
:103D000010E504C5C130C01C3AAFFE2C7C203561E3
:103D1000BAAC81C02AD4018ACFF8E7CEDE58240598
:103D2000C8EBDFEC1821FFF364C4152023DEB25E7C
:103D3000CA0515001699AA1A6B466EC000D405D2A2
:103D4000072115A7D5A7A9AFB892CDF8D0E4054DA6
:103D500017FE84A1E3D7942C36EBD496EFB8547AAF
:103D60004F58FB5515100B67795AEA6D3541AE5027
:103D700020C02182FFFF46FFFA7EAF5A3992ED64E0
:103D8000BBFFD7F26DFFDFEAC86E6669CB329CCE0F
:103D9000579737FFFB5B7428B12C3E7053F5DAADB3
:103DA000C3409B6B1CB36DF8F7F58B861793AEA9D8
:103DB0006492991C21C1FFF364C4171E9356DA5E06
:103DC000C3CA5A05CFFBA9494B87FE045424587730
:103DD000482F7A28DE41EAEA303C00B2EEB1CD72DB
:103DE000A1848F5BEDD058C12112A280AE86F4ABC6
:103DF0003EA50286028B99FFFFFFFF98B36BDB980D
:103E0000D2918C8633FF672682CE39CBE8DEA9F5C6
:103E1000112F35CCA452C405C594CADDFFD4B22BF2
:103E20003A7AA248C2C36A0480A7D51B6FFFFBB6CB
:103E3000F81ED5A2CF20497C924F2C53275E2BAE83
:103E4000630EC34FAB11FFF364C41F1C334E9516B2
:103E5000C0CB1298ECC3BB4B8535FC449065023255
:103E6000878263E1CAA272A5502AEAFAAAEDFD553B
:103E70006B1A9BAB2D0BB56806101E5CA52FFFFFC0
:103E8000FFED33AE86E8F445298C6CCDDE9FD289F8
:103E9000431B33FF4FA395B728C1ED952DFFF017B6
:103EA000AA25AC9086D4A5F07D58A984229B25B97B
:103EB000F72F98D148B0CC24080E1C025DD2D882CE
:103EC000805F9705A6E7522D2840520B40EF024332
:103ED00000202E1528E1FFF364C4311B81924409B0
:103EE0005B400060FAE9C57BB9A9F9F252952E6AE8
:103EF00069A555D6A4955E5AF95FFF8695F2BB99E0
:103F00008FE4A3CA068F23FFFABE86FD677A9F421D
:103F10005E77D6A7A5AA1D611FFDE59F666B2B9551
:103F200000534802209090A25AD40F2BD3631D1146
:103F300018EAE7370B86004096EC1AC5A7DDE8289B
:103F4000F088497CA44C81862206FE381B3122A4CD
:103F5000061058020545EE0812816BC06B8C01BD3E
:103F6000160634707A60FFF364C4462E743265B965
:103F70009AA001584882DF0E804F832043CAE6840E
:103F80006391619DFC758CE120450A26E1AB4942B5
:103F9000B1E2A8E6FAEE6E998160D5679ABA8D9281
:103FA000D4AB722E9103248A84F9709F2A20758ADB
:103FB000A419D94BFFFFFF5A3FFFFEAFA1AA8226EB
:103FC000EB48D122E4F3AE8B3A094C4D5915197FD9
:103FD0006FFFFE8291D6EE84C16999A9048D17FA0C
:103FE000FADB5AD6C6EE2600905DCD26910F05B4B9
:103FF000DC579445A9BCFFF364C40F188ABA699FC3
:10400000CF1000FDAE0A1AB2FA3CB12916B58347AB
:10401000D19C270233809540500980449590083305
:1040200095AF40D0A643619D8CA8F30EADB94B2847
:104030009294C8F9B2E8AAC552F6CCE92FEAA5EDE8
:10404000434AC8F96E5A7FFFE633AB7499EA180801
:10405000C25572E8DEA5556F49898DA81C4450F4FD
:10406000B028743358171CA910962AC5C748E20215
:10407000C078924D3173EB4B2EABC1D0A9D3C02188
:10408000AD068EC4A745FFF364C42F19B09A28006B
:104090007A5840C34AFB842CDF157014EEA22583A6
:1040A000AEB1F10AACC9879C88748AE6E439A3C230
:1040B00081D12D0971C63ADC44E617B6C95C04F615
:1040C000DCF55369D52C349EE0E051060049E1ACA3
:1040D000E46F88669EF5EA3B9483437A716CA54F42
:1040E0002A7D32F7C9252FD7F76D3F23CAD3A6798A
:1040F00072DDCE255FB611F3B4CBC6D359BFAFC3C3
:10410000AB721EE75B2B9685E9C5CCBF7CBEEE503B
:10411000A913E65BA4E6FFF364C44B1ACB921CC15F
:10412000481801B943A59FFAF9D997919558BF3915
:10413000D23FE4118D24D75FFDC1319B14699DD915
:10414000B8377EAA0265D6C287253330540ACFD845
:10415000180701C06054077343A256E6922DAC18AD
:104160000D0A298B285BD4C3C0B9C9F03F5C3C0C55
:10417000B0C803360315C5809B71C606D8150199D2
:10418000CDA0344600629DBA09BA0C2280D8C05D29
:1041900040B2CB8FF7B329014A1D16590733129F3E
:1041A0006DDBEB0BB02DFFF364C46230FC323809D9
:1041B0009EA801FC5BC1B983048B920B55D4ABDF85
:1041C000DED21E4F8E315A1102822C69DF66FFBD8E
:1041D0007B3289C2B999B97CBE6E6645C83922AABC
:1041E000EDFB2BADFBA1435EB4DCB81960684C0954
:1041F00082D1133F408A1043E61FEAFFABA6CA5F95
:10420000E83D48AD46068450D168107260A953F568
:1042100025F49231858DB21004068C4645198946E5
:10422000A2618ACE9DA7DEDC4012B81E96B8B554B6
:104230006A16D20C212EFFF364C4212462FED65FDD
:1042400099800296EF34A105B302E8CA1644E4331C
:10425000A8070019142E9859B2604F42310B984CA0
:1042600075998513A2E4244CD4C3A0DE66E4668B62
:10427000AD3414BA64CA266389FACF2291003C8314
:104280004C09C10D93141664D49B3C99133FE9CC9F
:104290000743FD46E4374EBAA87676DAB6A0F6BAFA
:1042A0009FD75BFE9E7BF5A7DAFB7D7D66A93579FE
:1042B00047FFF915CC30086B5A914AFF976AF355BE
:1042C000A99DA2DBB4A7FFF364C4121F730EBE5FE7
:1042D000D88000EAD7E52A65421F3E56A9F2B59478
:1042E00049348C25874710C22F13A542A8360616DD
:1042F00064CCF934A3618E04208423C20A51B24EE7
:104300002F8C2AF289B3FCC895FA49102242EBAAF5
:10431000A3BFCC90B6B51915BFFFDFFB2BF537F463
:10432000BFAFFCF5FA74FFA9BADBED5A2A48DD6F7E
:1043300031A5690A922D47DB2AAFF58A4BA271405D
:10434000B200094E7C7A8D984935BCBF2C3B1910C0
:10435000BC220E32DB63FFF364C4171D0982A8DEA2
:104360000E563CF56C3F44B10D06A570ED26349415
:10437000E5F5167282BF79AA2A00629BBF86C00A41
:104380008FEBBFF5476952CDABA8492AFF98B2CB56
:104390008EB871B73FF5B570FB0F11D415101C59CD
:1043A00027E2209756B0E99DC1BE4640C5161CECD9
:1043B00054E1EFEF781E28EFBEF7FF8B164AC107D6
:1043C0002A19CA2AFD6596DDBB1D5D00E280BD96F7
:1043D000DAD68E07A13AFFF44A0020367BEAD83DB0
:1043E0000820366CCFD8FFF364C4251CD9D6EE3E26
:1043F00092C47E91E3FFD32CD48879AEEC14600292
:104400007CCAD4CC287511674318C757A215517FB1
:10441000D1ED531461C2EB71207EA1539C467040D4
:104420003C58260C8BCC21A8713150FDF3EF2D0F99
:10443000B6227FDAD2C2C250E3438E33016CA3FEB0
:10444000D2551C083D50C4E6FFB663F90F40502614
:10445000AF8F5D4A7B0E824F8C7AFCB21D009F4766
:10446000DBFFBAD4CA2E0E13CCF1EB44DA9B6CD12D
:104470000894998867A9FFF364C4341CCA5AB9FE2A
:104480007A45286AE488D1FA197BCEE28043375B0B
:10449000998FFFF52B1AEAC0D8A8E73044676BF56F
:1044A000EAF5DB315C18E3818D452A183382672BEE
:1044B000587497FD05EB5FEA1E040C4282071FFE4D
:1044C0002403AA0A0031012087660D3BBFF32BDECF
:1044D000F92103ED2BBADB579B2A613270FF1A7B5F
:1044E0009625F1C537FFFCD6A5E0D570533A656F28
:1044F000C8DE00813F58D237745416146E46C12E60
:10450000AD599C99794BFFF364C4431CB3C2C31EDD
:10451000794548FFFF52957476BBA53EFFD798F4C6
:104520002CBFEFF584567DE8744FD47317FA69E811
:10453000E7CE650454F46FFD866173027141F3DFC9
:10454000A4B09A08125359CFAEF6D977150A0FD4F2
:104550000079AF98E22969E2D54A9E24B7E78586BB
:10456000458603E434C1B01307C8DD92E69ADED76E
:104570001A967F536F4435918B989A1BAFFF20FD9D
:10458000661806701B087FACC4FD333AB05992FE22
:1045900073539994891BFFF364C4531C6422FAFE7D
:1045A0003845D3FA7FE44BC469081B60433949227C
:1045B00024337BA19887B231DD7F211AAE4AE0B364
:1045C000D8BA08004235CD6EA19BE717254050F3BD
:1045D000D4BA18BE929656FF294AEBE6BBDF655E59
:1045E00093EC9A97F2F42A5974FB7FFFFF7A3237E3
:1045F000BFAFB518C36AEE1C5A1C98A621DB9EE417
:104600008733443ABEAE7BCEEAE799BC6E66366F1E
:1046100078C74FF68D3F53694F83A64D3B687A3478
:104620009E5B9F50E710FFF364C4641C0406CEFC3D
:10463000288D5D5DDD93B677EC5A7181375B7D1512
:10464000DDED96C96581BFFDBB7B0AD5528D82E346
:104650001E7DC3CEF9F97330F151BDD7AFFE118E77
:10466000185532986475060459BE10B811F23673A5
:104670006391BCFE4BF50EBFC259FFF97FAFE5DD7C
:104680006C764B65CD72B92915FDFB270FF90A67CA
:104690007B49CB0C145010E5033D04CC1A920CF46A
:1046A000382185C50EC70501CBD307788787655BA1
:1046B0002CB20A18C691FFF364C4771ABC1ADE5CE8
:1046C00030475E26D2646C9713EC511655239875CB
:1046D0005C8BF124EB3724AEF50D4538E29C4600A7
:1046E000A606B291966D62F101A0B41E03ACCADFBA
:1046F000D42A7E7D2BB1824337419C52798AEAF9D4
:10470000BA8F6F1CE031B08100E826498872EE9DB7
:104710009BE5DE7DEBB29C5B410531D26B295205F6
:10472000C54020D9E3F08C544601078877DB6B2421
:10473000971333B57F1B3B5A2F393ABB4573C86774
:104740007F208BF4ECB0FFF364C48F1CC1CADB1C68
:1047500002461EE44138EED3A25AB00E3D0B03359B
:10476000A422F9E0BBE2A3C47504DA1B788BB0394C
:10477000EC7A9CEB2A3F18995B22CF3C9CC8726272
:1047800068F9AC0B0FFFFFD7FF5E929B3195C04AD3
:10479000B0B15FAD176A7A582A2CD22121C6F3AE88
:1047A00023A753C7847849CA4A0899BA87345DB6A3
:1047B000FA07EF29105026360405AB43AB1B638C78
:1047C000CD56380D13280C30C289BAB9F149A85218
:1047D000804CA1808E08FFF364C49F1C6A7ADEFAC5
:1047E00060C5525CC2AB189AE106C8461261CB792B
:1047F000BB11E5FFF8323A7FFB50D63150C57EEE53
:10480000F296F46CAD97BAA18D9AD2F4A1B91DBA03
:104810001A5FEAC66B3FCB290570A9D1E02CA969C4
:104820001A09DDAC97217FFFFE452951D58C62988E
:10483000C6322E60F0785A94308B525A07886A1923
:10484000CAD34AD431B2B51D58CC67375299D54A2C
:104850005294BA94A52A7FFCCEA52FFFEEA86750EC
:10486000E8E018E5652AFFF364C4B01AA3BEAF1CE4
:10487000184588950C67E994BF3398CEAD297E54CE
:104880002A18C715182CFAB18C652F5294AC24C283
:1048900042DAE248612161A68482B22B2140BE0B3C
:1048A000F1455514928A38D700A042610275385BF1
:1048B0003250A64601E35202DC2C3FFADD0920F813
:1048C00048FFFD2567559CC6498C657FFF8979AFF8
:1048D00073FF0C7B8FFEF7FA185494E0AE06227D2E
:1048E000C91292318F77DFFFFF0538EA0E80220C64
:1048F000331CEA2914CEFFF364C4C81D0BBA6C79CB
:10490000412801333861CBFFFFFFAC28D0B6C7097F
:104910004E755AADB538E4FEEA3EB6B5FFFFFFFF6F
:10492000F98ECF034BE85E23B7AAE7CE2D88973FD9
:104930001AE66F84B8FFFFFFFFFFFF963D31A79592
:104940008FA81A5644BA8E3BC4211F895E29E161A3
:10495000E43637F680CFFFFFFFFFFFFFFFFFF7F8DA
:1049600089ABDE267735F14C537FBF7FB6057B4B95
:104970007B1B63A6376B0D0FCEB20F24A85B3B5297
:10498000AD834A397738FFF364C4D6349C3A899DA5
:104990008D78028E2903C3F9D8D0140C6381519C01
:1049A000E6E76178987C801C7E31307844097FC4CA
:1049B00060530582498AE840CDF3DBA6C4ED6AFE68
:1049C000F709B351E91F1563895AEA1B517C422F3D
:1049D000ED4F01E53FA553EE78D5958BE09801604A
:1049E000F0B632E66E0FC556E3E1917269ADC68B43
:1049F000596927B6FD69129F7D9DE21ECF26B1023F
:104A0000AC6FF50339DD777C7D46890298B4F8C731
:104A1000C6750B1BD7DFFFF364C48635AC02A6F363
:104A2000DC7801DE375FFDB1BF5CEBEF10B75AD722
:104A30005F37BFFF37DC7BEAD0BC38F35715D405AE
:104A400063C64DE2D7BDFEF50FE759AEA9348F31ED
:104A5000BDEDFD9B3E31AC44D55E3FD6B52B9C3BB6
:104A6000EE1E6052063567FADE318C44A7DE216205
:104A700099705C7562012B8D6840C8565E702191FB
:104A8000D0454E954B84C077C06B00D543941CF342
:104A900032E0426170827F2EA8921430AF8398DB9F
:104AA0009A0B58770B45FFF364C43226D406BB0C2F
:104AB000914DB405AD653186CAF4DBCC088B51400D
:104AC000DC530146274C1EA26C668C668A74C9545E
:104AD00013E40E0B7B9BE401056BA83814A9C8FEF8
:104AE00081C1E5D275B742A7FF5633FB97CEBFA869
:104AF000C7A701C40CDA0083C54BC5CAFEBF51EC81
:104B00009D0E431B41C2CEDA468ADDB60203EFABEF
:104B100049149153A8F3AE6735A51D879505020D7D
:104B20004C546FFFEDEC4B136F6C52E5CF41B26408
:104B3000BB6B81C6FF51FFF364C419212BFEB70084
:104B4000C344FC78AC825F4887ED2C2A20CCDE1D64
:104B5000CBBD070AA8A48A48A681312F50EED245C2
:104B600021A400462111924D4A0AD4D052F1085E88
:104B70007571EE8FCC55F2FFD4513CBF3FF51CDF71
:104B80007FA2B7FFFF77FFF7C807D460303236281F
:104B900020DE021517228BF854604B8617F619FD9C
:104BA000413BA3D4235F51CAAB901A21DD1C1208EC
:104BB000000C4B655CFFFDB97D52A46AF35CA9D281
:104BC0000493215EBCCEFFF364C41722BC02B7027B
:104BD000C48B1027FAB2E722A58BB0B745650F4FFB
:104BE000B863B71428F76522A14E0FBBD738645CB1
:104BF0006EA288D05A29A44340A491ECEA658B5058
:104C0000B7AA6EE787491047A945FD449FE1D07FC9
:104C10008B0A7A1BF1103BFA13E31BFFFF643BFF87
:104C2000FD087D4402C4C4D5A701049394E2BECE1E
:104C30003FE34ADD505D3DEFE518C5ACA1532D9033
:104C4000E4CC6330FEB51D7601088F88640CB1A7F3
:104C50003698190888E0FFF364C40F20A302CB1E26
:104C600086147C6B1AF6015686A13F7B5A58143481
:104C70002FC419147761976C595BFD726210A59669
:104C8000F086241136BEBFB75E50EC30CB12FFFE6B
:104C9000EF18DB51745C408159BC7C084496E425D4
:104CA000BD49477D08BE542F050B6A1ECFAA27D4E5
:104CB0007A3ACFE5BD0EFFFFF39FFFE871DD0E21CD
:104CC000453EAC45E8790BBE55D92E7B06B36E5CEC
:104CD00038F724A8A99175F035EFFD0021DDBBACB4
:104CE00067D4C215D326FFF364C40F1C69E6C25E05
:104CF00079C5206813CAD419E3A4F08F491E1F2771
:104D00000CD888C8380434F164A140424498A942C0
:104D100063278FB15D07245AF8F013FCA47F60A9C4
:104D2000EA024FFE86474EE62D90C18BFFFF98C0EA
:104D3000C243CC26A33B609BC9DC5C0987BDB11193
:104D400053A250D4B311FBFFFB4AD4B111E1C28E80
:104D50009179059F9B5A5A03198744596EBAC73FE8
:104D6000D36A0040C5539EB1980603356355F98058
:104D70005C95D8C61106FFF364C4201C541EBF1EE8
:104D800078C5118AC623C386A6B0F3B55CA352CDFD
:104D900099AFE7AB5DDC2D012E2A89585966473E55
:104DA000993E64526DBB7FDBE97552F9CECE426805
:104DB00075A4CAA91379E8DDBFE6FAFFEBD96FFF46
:104DC000FFFFFF93FAEAE47A98B174740824C8608C
:104DD0004C089B22EA6001BC5AD01AB4612A084CE4
:104DE00098364F57B84351A308200ED0203AA4A0BC
:104DF000719614C18353977299DA66D16650D72899
:104E0000AF50C00E9C34FFF364C4311D299EA62C04
:104E100046903C9170340950F8917AB5AB8A1D5791
:104E20001DF4FC4EEFA63283B0580D2628FB4A89AC
:104E3000F97F9FE9112A65E4F6D4CF2E9151755C74
:104E4000BE765A982177FD9EBD073FFFC57616DCDA
:104E5000B761D0A3D26345303A4801567BAD62D2E8
:104E60000631B72771B54861CF8F9163F2C935E636
:104E7000C46188041FA3C32C78F52B2CBF9BC2BD33
:104E800056308B5CB34F9F6E3137E37AD07CF7F1AD
:104E9000D12DFD81F8DDFFF364C43F1C0A6EB1AC77
:104EA0008E8E5CF71E0844B319EC3ACDF26FE70D15
:104EB000D4ED26137FAFE69E7ED6A7CF9EDF3FF7C9
:104EC000F42A0FFFD49CA39D285905CD216FECFF38
:104ED000DFFFD7CD2A1D30F4B6E8A7FF7FF784495E
:104EE000F9FD613107C37AE4C1C404A8A1D490C616
:104EF0000B337DA49029C3C14AB1B1700F512B79F6
:104F00007E41C7A9FD4E4EBB520EE998301EBA1C19
:104F1000411BCAFE5007D1DC3393FCEF541646E622
:104F2000CEEEA518045FFFF364C4511C941EDE5E30
:104F30006A054594CAD3F46EA829BE6FC9661D0CD4
:104F4000FF97FFA5BE4FD17F7FFFC991BFFF46EE00
:104F500041CD490CEAA4102F0047CDAD2D125007CA
:104F6000211619726CDD029045406748553DD159B4
:104F700033F73A525E7CCC098D63EFDEB02C7E9322
:104F8000F68D128496ABCAA183BB8C0F1DBA94A672
:104F9000D590C5F9AA7FCEFFFD4A81C590BD0F739C
:104FA00019FA2B6DD1EFCC66EA9FFFA27FFFFFCDF0
:104FB000298B29440585FFF364C4611BBB4ABE1CD1
:104FC000930B089570A9576A4497FC92C6D40E803B
:104FD0009F8824DE8E64CBBBFEE96C43800FA21A4F
:104FE00092514691897C83B4AB7716DB488B80EB7A
:104FF0006087BFBA89AEFFFF2A626C6B55EDD47330
:105000006C0B872789D4B0B99423DF61223EAD5B56
:10501000A218C2670C3FD3FA3C8F451472FCCC67D0
:10502000A4C0708AE0277EDA6A5C0C82DF90FB06FF
:105030000B0CC50914426FBF7F1AE1759DFF799172
:105040008B4CB0E5040BFFF364C4751CA1DECA5C95
:105050007B0B2669D957EB6CBB6EA5B930598AC753
:10506000E47380D8E81A8A3268765A104D8B4FFA6A
:10507000C7B583227675E59AB50B92F6A650252A18
:105080000000311D4E4624ECE2AAEFD15888A02042
:105090002556FD0D47285699BBBAFE9E0CA28E25BB
:1050A0001FFFFFE8D4BAB732FECF79697A1944B846
:1050B000F04F7B58AC5B0E55FEE71EFC4A61312871
:1050C0002AD58D248501A40FFD416DAF2027481CF2
:1050D0002417003805B0FFF364C4851CE2C6BE7E09
:1050E0006B045C4351514DDC89CB6070CA516653EF
:1050F000D17DF9CEAFDD5728F9DD7977CD34E416CF
:105100006F2D26CA31083320ACA5972B237E3B9FF9
:105110003EE6492B5438CE5CED47FE52B0994AA585
:10512000FFFFFCCF28A744747FD97FAEEAEAF311D2
:10513000DFFFCF37DBFF976B314D476338823F5539
:1051400094274EF5B006BCA4E5893FECACCD2051C8
:10515000185844591939D1734C0F59EDF292A5D111
:10516000E0D2A0857978FFF364C4941C63AA8C1400
:10517000C184BCA9A6DBFFE25D10178142A2382BD7
:10518000830B61A23A1639D275B84148D63DCF9EFD
:10519000F9CC77354E759FFBB2AE29275A7FFFD1E8
:1051A000298C42B33EC96AFF5FCAF233722A7E9FDE
:1051B000AFFD3FBFDEAE7673873B1ED95B40BF6459
:1051C00080B5F3A5F0671B8CA76D6E7F97F08EFB03
:1051D0003C75B5F55996391428728A122A2BFDC3ED
:1051E000675E7AF737778E1C8F324772CA24F422B3
:1051F000320B0C630E63FFF364C4A51CB3BAB99EF3
:105200004A04BFB55737274573EBDAE6463F93DAD2
:10521000EE19148CEE512DFE8CAF657BA7FFFF7D40
:1052200060DC3AAB50470EA9EF639EA76661C718D2
:10523000AB3B10CD56DACB657CB49F5691BF6777F8
:10524000B38C49CC26F3AC85714C5F5DC1B02E4F59
:10525000D5806B07E904FD56152E0B8DA93D86AC54
:10526000214871A805B7EF6D3EEE90A7CFDE5C51E7
:10527000F2DEBBC36A91AEEF5AF5015679B644FF30
:10528000F878BEF5FBB3FFF364C4B51FE3EACDBE07
:1052900078C4F7C18D571DCE92A813EA353B1BD9B0
:1052A00016106A4503240B8ED0C214826626E63C93
:1052B0006807AAB5FB0271835A4633CD0D9E3E2680
:1052C00073815C6B7FFF8464A8F1CE5886E2C4577B
:1052D0006FA328DE4DBCEA4A6DE526FE001393D489
:1052E000726E850A9E177A94084BA4065CF8320FFA
:1052F000944A9C4478467C54D064F840063C5A90CA
:105300000C7236D4E32ACC301E3201FC80B6BAE1EE
:10531000EC823C68950FFFF364C4B829DA2EB4F62A
:105320001E1E22B3191D1B74104514C130F25BF907
:1053300099AB3016293B45C5633FBFF4B2B69B33EA
:105340003336BD29163C4203A211892D5E44B79D18
:105350008D8EBDA3AD0987AFAE6973CCDBF3A76BB0
:1053600083EE79338E7FFF712445088150101C2510
:1053700086C26675ED6FFFFDDA89FAF6D5288E3A9A
:10538000F2A78167870C8F4A515CD110DC3E967E74
:10539000C30C4025691427F5DB10CA9D618D80641C
:1053A000693E80788223FFF364C493217AD6C25683
:1053B000830EDC80FF70B6B526513824E5F528FB56
:1053C000546A37A663654E2E8FF381744747F6D42F
:1053D000250A20FF318FEB31D3D0C280DFB1548F4B
:1053E000E8E6FFF7299C083B27FF4294C3323FFFC2
:1053F000FFEFCAC9BEEFABB6DF912F4290B21D6D71
:10540000EAF4327E5D0F5F75FEBEB751C442211AC9
:105410008D5A57DE840466D5B02DD1BFCFBD1ACECC
:105420002004A38A0E23DDB9B6482B4EAF86D5D310
:105430007B2C628F25D1FFF364C4901B7BAEE27E90
:105440000BC43E011F95F94F94492FFEF96F3FFAA7
:10545000F668072A452C89491B155B8703056F7081
:10546000E18E280819F917EE6562954AEDDF6E5056
:10547000119576AFCDBB1425D1EA06BB0D122512CE
:10548000A0AA8E80D17D6CF1295504CA80731ACFF1
:10549000FD950066AC9006E2007530C70E78046199
:1054A000BC940ACA3A454D1CC4F206CB5549249017
:1054B000672C353010135586AA4CBF582935F0BDDE
:1054C000804299404954FFF364C4A51C19E6B25CBC
:1054D0007984F495569466ABD66D49B5F0C2AAEAC4
:1054E000A57E19EBED35526650C292E0D152C0D084
:1054F0008BF3A052C8068B3CA9E23E47512708C354
:1055000076051EC011512C3B895B89570A96BD95C3
:105510001EEE6F8755002704614160AE5E3612961D
:10552000401889893C33B56524A30D20D1FD9E3EEA
:105530000E5ECEA1E0303084DE41C818B8C03C1504
:1055400010C2216BA0D8CFC2DF02D302E0C52E5C0F
:1055500002307423C86DFFF364C4B71D51E289BFE4
:10556000501800C2B66A5787AE6F333740DC56A07A
:105570008914E10B0E6FF1C81983C5433372D1133F
:10558000109C8790822439E387FEED425C676911A5
:10559000226B3524498270B9FFE83269D37A993594
:1055A0009409D375A91303C4F1D1DE447FFFCBE680
:1055B000E6882C8A1A48F17395C9820889103375D8
:1055C000ACE9364D0ED1CF264AA37C708F2421A1A1
:1055D00043FFFFFA17410A69D041934D3410A6ECFE
:1055E0005F20678B8418FFF364C4C43514367A5D7A
:1055F0008F8000B4E440F97CCCDCD0F164B858333F
:105600002F9A155511AC0D5007FEB19AF2489885A6
:10561000202E0A363A8729A569BCB75895BD1D5A70
:105620005EF95CB6C930B45D3B3A5DEEDDB3F98539
:10563000FC62ADAF7EF0E74CC319C2C241E3F4DBBC
:105640009DBF94DA69DBFB94A739B95B5357C6CA8F
:10565000F7E8BDF84FEFDED9FCE65D88217F5704FF
:10566000822090A56219FC89692A7E70F1509A15F2
:10567000E4AC303CB1C1FFF364C47234D4329975E8
:10568000C9600160ED3130C1D5EEBE70B4CC73118C
:10569000CAE3BC5DB781CA52E7070A0FDBCB7B6C5C
:1056A0001D95D5B0963698490DA8B19332A1AACFD1
:1056B0001E0D09F64EAD61FD961DD890A0EDF84C7B
:1056C000D1D6DD7BD97B6ACF25630483C6CDCC19C7
:1056D000BDE9345F79C5957EEC527EAFACADA69D39
:1056E00076CFE0E5950CBAAA977037647A0FFC8004
:1056F00038D6064917205D4A8F2F3F8751BDD419F0
:1057000074FFFAAD0048FFF364C421256BE6CB1C9F
:1057100030D0FDBFE67B1523243570B0EDDEAE4EF4
:1057200044AB9C387E50969AA9FB52575AB235A783
:10573000FEEA8AC3058A1922E1E33D08C2676100D7
:10574000420944610958F384E3E870F82D8CA810ED
:1057500046D9A2EF4E7D0D3E269E5A98475645A942
:105760002A946E58E41903DA9D27BE939EED64983F
:10577000AFA9ABBFE6BAEB6DAD1B84ABE27A873560
:1057800032784A2D49ADD2DA187FF5D6591AFFB3CF
:105790004FFCF1AECA5FFFF364C40E1C1A72D258FC
:1057A0003047AB48A992E70AA8C90213281AABD31D
:1057B0001239273893AB61F243270B82354C76FAC6
:1057C000C886FE25F25BCD33AC1295377ABE7FEBEF
:1057D0001B27F2FBF38C62226423F69763B0C104AB
:1057E0008DD205951FAD5C4EF04CAEAD4D4D37AD35
:1057F00058646A08D79DDE925F8CE4FBFADA77FD85
:10580000FF9677FFBF7508899998766B6D72AFFE2A
:10581000AADFA841A6AA082D60636D344C177A4B05
:10582000EDF2056D773DFFF364C4201BC28AE71CCF
:1058300030C54EBBE6E8092BADC9C979482AC62751
:10584000A7727856155EE2897E5CE166EAB7FFD7FB
:10585000DD8D4D3AD5B25493D6CDEEFCE8ECA8AE32
:10586000AE2424380A157098B3850244DAD9B3EF10
:1058700052F022E24CA9F0BBAB1C12302943E9AD37
:10588000DAEB078897FBEB6DAFBFC56347870D0267
:1058900000080760DD0C84A93CF8436052D460B86E
:1058A00035B4173050511F711DEA1E46451F03E9DC
:1058B00022623F5A76B4FFF364C4341D0BAAE2FAA5
:1058C0004045D3B482569A2D122ACDBF571DCAFA2D
:1058D000FFB90C11D10BFFEC9337084AC986203071
:1058E000CA1110C531A7BF756D0C46509C37CD73DA
:1058F000FF97D6F6A7FE708DF8537E369BE9C5C19B
:105900003E359D2A478657CD2552C39AC55302017D
:10591000C3188D238E27637C8BC3355113BD40DAAA
:1059200008213C70B01D23CDCCC21C2516D0973A5F
:105930007E1741BADC100D03CB78420380F0C2C160
:10594000A181C0020343FFF364C4421CD106C6F226
:10595000EE904E287BA257E895FCCCFF961F64473B
:1059600014101CA7776E5E2A2E3DCD42D0B774D19D
:10597000D98775897FB1A77C813FFF12FE5A8F5B63
:10598000A33B0246AA0A9686F6CDB5B20567FFA2EA
:1059900058C0A8C92793FAA00C3A46070B9F0536B2
:1059A000474301BA0EF80F4F5A2A7D3031A0B53562
:1059B000FEE4E6E7BF3D2705BEEF96C2C5A8B1717C
:1059C000D8EE8349F67ADF2E810892DF6C14A2B5F7
:1059D000A190ACFD30B2FFF364C4511BF142FEFE56
:1059E000E30CCE9281230F2811880E4B970648C2F4
:1059F0002EF57FFFFFFFEBE16749FFFF9F76D6287B
:105A0000764E223256AF786FE2330E30E9BB1C0C73
:105A10002001150FAAB630901DAE5E409A7ECA27AF
:105A20005CCBCD01521544185049AB9D9853E841C9
:105A3000FD43749DB90A056B2DBCDE8ADCCC04EDF8
:105A4000A98D7D5BCAD47A9667CCFEBDADFFA7FB5E
:105A50007FFF2E635158C5AA6B532B747FFFFFFB4A
:105A600085CA60A414B3FFF364C4641B8C0EC5160E
:105A70009AC49421D88EED42DA0C495D0ED50C0201
:105A8000345EFE49FFF0C06537D4C716DE05200A34
:105A900003C1656D0163E1FD10CED0E4C9EFE1F40F
:105AA000965D801404419F60C8FAD6DAAAEE84425B
:105AB0006E7ED39D8211270E2D98843BEF5E6391FD
:105AC0000EF3157B99BA3FEBBEACA5D4A52951E4E2
:105AD00064B795BD35FF47F9B91AC799D6E84FFBAA
:105AE000FFFFFEB9EC09EE6BEC4BAEF057F73A3B1B
:105AF000A564107D835FFFF364C4781CA3AEBD7EF4
:105B0000798499FFCDB310C52C77F4AAC63C41CC5B
:105B1000C09A79003146DABED06B085C56B3BC4AF5
:105B2000A4B3CF5B0B32B5E4175098926C9AEFC0D8
:105B3000E9F664D2B1FE48708FFB987AF5AAA6996F
:105B40002A34004E32EC485E33FFAFAF557FFFDBA7
:105B500073F6E41D3B2818FFF060E7AFFE8ABB4EEA
:105B6000B2B345C99CFFFF62257AC6A03023022A42
:105B700018002A01EF25E6380C1CFBCFC4A67025BF
:105B80006257355C8025FFF364C4881C49DAB4563B
:105B9000CBCC94069CFFE14C85AA2BBC4841896282
:105BA000A3F6216E42417DF7434513F54FF9262BAD
:105BB0009C930B7D8481F06C8ED986C7C3353DBC28
:105BC0008B3A424CA1F25BC8E6579D51E1360E88F4
:105BD0002C08445BFFC240B980003C8FAF0A0A0129
:105BE00051F7DAB0A01FFFFFFF2C16051E75F51E3A
:105BF000378E10CA34E6D77FFE1407F8B282FF7ED4
:105C0000FA6A0F4945F6A7D67C2CDA5E3C09E15CBE
:105C1000169262E78F2EFFF364C4991C59DEC216F8
:105C20003BD03C1F16D55D7D95CC4FFFFFE5E7FFD0
:105C3000DB5BD61085E4C84B3084BE2195E4E726B3
:105C40001231E42F3FF300CC214C0FFFFF5FCE2138
:105C500018580F904FFAFDBDFFFCD62321CD2679B1
:105C6000FFFFFFFFFFF5556825020C250CA12F2E25
:105C7000FECBAE42259200F5EF5302F81D2CA62470
:105C8000C5ECD175E6D0BB8AABD4D63078AD61E532
:105C900015A24B7FA97E2267E028C33D2A1206A1E8
:105CA000914ADD5CC6D9FFF364C4AA1BF432F27ECC
:105CB00078457FD04858BEAD7E8FBB0D222B14C8CF
:105CC00062FFFFFFFF4437643874765244945624D1
:105CD000E7BE7723ABFF62B6528ACCE50159B4CD5B
:105CE000E632FFFFF6FFFA9871A8A3C3AC00813437
:105CF0000B6E5AD7C7B1EE0C1101C530D45F9DA70A
:105D0000954BC29D46F5D596442B73C4C051E7A967
:105D1000248E44B3F7FF519DED03EFD4D54C7F3A69
:105D2000E5DD0CA52B222D93AB1CACDCCE7444D549
:105D30004AE552EE7552FFF364C4BD1CFC36CA3608
:105D4000030A1EDEABA7FFFD6BF5EBA7BCAD762209
:105D500025E62555D8CEAC0B1BFEBA27FD3FEC8DB2
:105D6000ECDAB5BF5ABFEBD289148B07BE94641F1F
:105D7000FFC6E5E90EEDD9973A6CEE370FB973D04F
:105D8000C3F72A741964B5C372DFB8D3FF227DDD6F
:105D90007915DDBB8FE3D6FF59A76A71D8716129E8
:105DA000D823C70A48F338D9BB5841223443B156E7
:105DB000E4D32392DA8B9D9DB4C7F3918C5BF509F4
:105DC000427932061BF4FFF364C4CC1C442E8636A1
:105DD00079849C83A04FC32529A349CB91836F1459
:105DE000176C80CC9020509D1A327ACE83A8249EC6
:105DF000231B02C134836FB6F08DB8826E529D3B77
:105E000046DC1BA7490126C133135199C11BF1463A
:105E10000B89E344F8978492E1C5DF5B20C4B97233
:105E20000C9BF849EFFFE2916F8784F8FF84AFFF86
:105E30002EE208A494FED76AD105050751F61C0A84
:105E40000281143A254B55FFF7EDAE49624E2218F8
:105E5000B00CEBCE25A8FFF364C4DE338C3280D6C1
:105E6000C2519173495E0B193E8DB0A0224AA857CA
:105E7000AA6E0B02B8B897252BC419B65EC580FD73
:105E800037E328095A5E14F3E18DF553EAF55C0710
:105E900004E45B42704E3AA1FE76232B00FF86D4C9
:105EA000834E084230C355A90B637C35DB14CDE823
:105EB000793B34D6D473A7158A458C1C80422206C0
:105EC00026230BA392E2870801040C28C101BF041A
:105ED000C8C9ED73EB0A15A23680C21158E262728E
:105EE000030466D27526FFF364C49234C406980096
:105EF00033D3358CA061840ABE74751CC56DA62B86
:105F000012202E1B6F8AC9D1E23B0DF631B203730A
:105F1000411BD85D520CBDB6E5094E7536EF6E15C6
:105F20005992F48270AFB9F3FBAA843CAAB3F61875
:105F30007C31068A174B34B084DC9235C4693564F1
:105F400056CA6E16678E821C675F9FF20BE91318A4
:105F5000C0CF6D66DF7E473958BA9DECCDF0ECB10D
:105F60008CE16D89FB575E2FE8E11513D58B875EB9
:105F70001ACD8354F453FFF364C4422C6376E65E77
:105F80000BD9922B624CA244B738C6572E5C189A94
:105F9000181226F3FDA853F017A66DBA10A23A53B3
:105FA00025D4DE1B8B98AE6A45B88764887A1C7846
:105FB0002163F0D57043E754C7A38C74FA9159E478
:105FC00084871110D79E981F9C894A2E96614ED2C5
:105FD000B3D041132AD7D1E34263177ED0DFFEF559
:105FE000CB6569959FED728CFC7941A5EA57628576
:105FF000B43A950FEEDEEABB6B98001960B1AC5D68
:10600000FD34810891C7FFF364C4131C499AE31E51
:1060100001861440551DA64247C3D0482D91428B9E
:1060200009EEE70CC0C0D98F09747E1A01DA4ABCA8
:10603000EDE53364FFA79033A5A929D6041069B212
:106040007EB945192410B42EC286351B540CB78B6B
:106050001172913EAB83B377BF03058F343C153E7D
:10606000F2A457371F23161004B103654EEFBD424B
:1060700056AA9BAABC99875910003FF1C1088FCB43
:106080004D4794C3F10CE0755D175A07139DA12885
:10609000AAC71AF87ED3FFF364C4241D1A66D31C62
:1060A00033067C1DE0E636B92D1CA0A559F04B3512
:1060B000E644FA0A3641450BF32D619D9FB773FA0A
:1060C000AB1B65064D3D99CF87E733FBB6A4B0E126
:1060D00095FD8FCA37C63E550CE894A1DDAB41173C
:1060E000486D50A8CB1D7644EF91FEB71CB28AAB29
:1060F00075E222D548AA4693100A7FEE61959081F9
:106100008C38973AFDBCD62161F0C34916547E986D
:10611000C1203C95031AAA35335B06281085680414
:10612000197CE6B76B3CFFF364C4321C40BABB0277
:10613000E69850E0B0E4CE4B2098EFD7FCA54F0393
:1061400002C641063E4C513936960C3DC8DEEA0582
:106150001C30596FC20252A0BD034D3A8BF3B4A953
:10616000EC7A90EF960D204591A3FFFFFF6E9EE520
:10617000350B078137B2201C40494D7FFEE58984ED
:10618000EF3AE481E03AF4BDE62541C342370C041E
:106190005332EFB0430B0030F0A040E401F539F684
:1061A0007B0A09BE73F0218F2BFE2CBC5A4DE1FCFB
:1061B00058E7404093EAFFF364C4441F12FAC31E39
:1061C000DBCAEC29F853FBC15BE31FF2FE60CAB3E4
:1061D000D4627C61A9A2874ADFFEBFFFA7E8EF5720
:1061E000D94C7A9999C69DA885BF29449DDCBF40AA
:1061F00017855DFF57C9444C61E183D58C02217836
:10620000C971396AD31CA0111644E06852E3FD67D6
:10621000742EC6A53FC6E43AE27C5BC20CE13F4265
:10622000D4D2DB0F99C92449FEB2C24E508D639877
:10623000145FC619BE242E9E865FD3E2A2E1EB65F1
:106240002949E8654F43FFF364C44A1B8C36D23EAC
:1062500053CA9A7FFB29460757FFDFFBA6C929C807
:106260002AAD1AC7FB275A3275B2953FFFFFFFFFD1
:10627000FFFFF42E8A78922A81800EA292054D7A31
:106280008E84A4BEB66DCC8700D8B7AAFAD57406A2
:106290009FAFCFAB0A6B79FE0B71A4227A463C818B
:1062A00005EB98CC47B2ADD9909F13F4A6BBA00CD8
:1062B000FE881FEE6501413AB1905FBA3A3DDD9E1E
:1062C000F54976F56A27FFFF4A7FFFFFDD972B8DA3
:1062D00023A37BFE964FFFF364C45E1BC436BD9EB2
:1062E00093CA7E42FFFFFFFFFFFFFFD08446420AB2
:1062F000A9868B8E164DAE34E34A5FACE04E45F373
:10630000A5DAE38065B65D4D11371864DB5D7ECCA0
:10631000BFB8200C86895974ED0084CCA862108423
:106320006EA601FD936918389677254C6FDFA6ADF0
:10633000BB5BB292608CC8B545FFF46FF2FFFF7B88
:10634000E654C8795CAF544754FEAF43AD7CFF9F21
:10635000B117FA9FE77F22B9C38E463B9266E76684
:106360001D28728756EAFFF364C4721C5432D19E12
:106370006A44EB20004BED42FB20889A02BC425E4F
:1063800088EE132292DB59C3E6AAECB47CE4260122
:1063900034FFF9FFCFFE2EBFFE3E5FFE63F5B6E68B
:1063A000C046E497FFFF73ED7E2589C855DF4A712B
:1063B000C8E22BC2107138EFFBE5742A88008841CF
:1063C000C5C895D2B13951674E57100DDCD22BB8E4
:1063D000200101C74BE1000029C73FE12688EE1DDF
:1063E00080141F124BAED77DB468B9E6512C6A9564
:1063F0002623F294059EFFF364C4831BFC2ABD94FC
:1064000068471DEDBBF57369553237A9D447F2399A
:10641000020FB11ADD24B2326AF53D851882973E2B
:106420006CEE53FD7FF91FFF8D5C33C6E540C1FE66
:10643000A1F2B96E73C94995F7E7776CC5F28DFF84
:106440006A2909EAB8833BC9C81B603740AD8CB1E3
:106450000A952F44D31F50B28B82CEFD2B8A891B05
:106460006DFEFB7D6CC07FEEB436B34AC5943B8CA9
:10647000CD1D2B90B72B791219B03D34F124A4D443
:106480006B5BC7553185FFF364C4961BB42AF25E7B
:10649000104DCF03EC1F4424C40A5D26862F69AB40
:1064A000ACE89627C8A9188C33A1E10A986D566EFE
:1064B000C5FB3DA63DFF15EC1C284FE93D5F249D23
:1064C0004D7A920B384880008C835AFBBD5DE7C73C
:1064D000325876E46F78F2342DBA150789998766B9
:1064E0006DADDAB47F5562426D68591B04992E94E4
:1064F000732B2CBA1D6347990133C5CC10A295E3C9
:1065000030A4614515024844BDE7B3572F384A2BE4
:1065100047EDDDDA0538FFF364C4AA1B91EEDE5CBB
:1065200048C5860E82C6444441E3FFB162E9552462
:10653000EB2C31403D34EC167814CA22CA3A7D9CCB
:106540003ED944C7993220205C533682621836B552
:1065500048356942C1A1CD2A07877787666B6CB839
:106560008FFDF2A328F26BAF650C37AB9913A35ED6
:106570005D76E4E6E92026470629EAD30C2C571D70
:106580007512F14AAC8AEB7823ED6272DDD8AFE583
:10659000122F5CB26462BA7AAC29BB071BEFDAAC8B
:1065A0008F5D0F07FFEBFFF364C4BE1BF996E71C7A
:1065B00001861AFFFD4CA5639A8798C5323994AAC3
:1065C000398F3B7FBFD2A94F2CF622DFDEC0984423
:1065D000687CD1B25D82C7A2C9679877FB592492C3
:1065E000020EF55FA15266BD89FF2616166CD3997F
:1065F0004346A0A191B271609AF3A65CC8293326E4
:106600003090CDBA4D724043AE638057C7FA9D4774
:1066100010980E03FD0B53B5218DA4E0B82A1FA2DC
:10662000108AC7B80C400848B468F6940817A03020
:106630000470BB642C3FFFF364C4D11D03AEDF1CA8
:1066400048C4FE1FAB9C0F759E6008993EBFFFFFBC
:10665000EAFFFFF6CAECFD75488B99B87656E2273B
:106660004EFF4F5820446C2661AE46861F09182CF9
:1066700000628201A42487F089994CE865D26061A8
:1066800088C9663369D6C1B583420D0C2E2F32AA54
:106690007CD8F2735BAACC8842300830C1C1C108F3
:1066A0003C21098B38600E81900F1552E32C9046E7
:1066B0001CCA07161A664B85481C6103DA8490824F
:1066C0008A0910636982FFF364C4E01C58B6EAFECD
:1066D000D65E869CD0F5244E4508A6B7372F8E612E
:1066E0003B5292ADA8E569052C6E95F36C746EDC97
:1066F0006985BECB0F107520D9871C66158813AF2E
:106700000C5DDBBD13D3D3B8ED04A860E7373C853F
:10671000B090A0E0242877D71B3E0D1EE78EA7F28D
:10672000463CF2DE78882AB9570754E2BB55484206
:10673000024CFE9B0C42F6184CCDE4C11748D057D2
:10674000662473F61AF8E810E8BC3B425B744574A3
:106750002DB311698182FFF364C4F13211BEB71CFD
:10676000E68CF495B65B02AD2E2AED7E691FC75A02
:10677000FEAFD9955A6347512D98555ECB82756609
:106780003182A061424303121A360161D2405000A7
:10679000144293A0D0C4D9EB3A4A59E95DC2D5A9B5
:1067A000B48C7B9DF8765BD3E7A2A4391FFFFAB6C1
:1067B000282082832122052B7D933008020C3BA8E0
:1067C00078467BE649280A913E14A9B4BA9979EF34
:1067D000B25A54B509975AEFCE32A8DBD5A7743A0E
:1067E000214CA8AEC93DFFF364C4AB1DB942B566E8
:1067F0007E06CE98A0885E201072391B4CE8DD28FA
:10680000453AB928CD7793DBF57DDF93D2F7BF56B4
:10681000D9E456FB6EEDF7DD36675774F4FA77FF6F
:10682000D9F4546792AF277FFD7F88F047DD431B83
:1068300049D4A41A1526E7F949015E15EA67BE4650
:106840003F82DF9A5DDAE736AC99A27770F7083AB3
:106850003B4C762129BE45A3B91ACE6A1CFFF532FE
:1068600030A16359DCE61CEB63CED893A90C9621CA
:106870004D73EDD54C53FFF364C4B71C43F6BE1EF5
:1068800083043D1554DD3DC81D6D9D88C874A3D596
:10689000BA7FFFFAD1EE6722E479DFFFFD2A65E4D3
:1068A0009D8E8B228B8B56072519F4C1B551889389
:1068B00094E1E44395A6E8E2E10128E67301AC1314
:1068C000DA99B4CD025223F931D5262044F7FDAD33
:1068D0009C847C558B85424B34AB9FB8EB4D297A19
:1068E000B4A7A4A438C86B8679BDD91E5516248ECA
:1068F000C423B68A56A188A1D079CDBF357645EE9E
:10690000E4FBF5656DCDFFF364C4C91DDC22CA3616
:106910007984723EE1400033634229669FE91C0B93
:1069200062A5188FF227A2550B4CA1AD68935FA802
:10693000C89F53D58ADABC791A724B75CCAAA3AB1F
:106940008EC7A2905AFE3301BD7A8038C22B1889B7
:10695000CA28C5C905F4874B878C44664BB2B9CBAE
:10696000444DC52B48CCACCAB9BFF5712A55D97D69
:10697000BD4220A33AA219DE9FE62F14DA15D354A4
:10698000E675D68C790E5AFD7F93FFA7FEBEBFFC3D
:10699000FD2912C11559FFF364C4D41C5252BA1E0A
:1069A0007A4478E81A29415516767542C49A1B62D2
:1069B0009A10095399D8A64653C784F8DB462CA8E9
:1069C000D8421C58BC2678B5A9F7139F5CC97CB780
:1069D00028A3CA1C0550E78251847D968A911D58D0
:1069E000FC3171614442080366A7B361FF966F28CA
:1069F00090FCF8682CF6D585077190295FC53F8318
:106A0000705E7D4A1865233C547D96E69C0DFBA381
:106A10006BEDD0DE6F2F57FCA8695D93533A25BD0F
:106A2000BAAFAA9BD7EDFFF364C4E51B836AE23ECD
:106A3000C3046EB53BEDF50444108D385387808C4C
:106A400077CB740910066CA1E50868165062B18016
:106A500000A22A28F7F6F76C96AC392F3487750315
:106A600012045294BD7A2130D1D45E3542D892F9C5
:106A7000BCDF65D7039B7F9BB8A1CAC77F3BB1062C
:106A80002C80CB37F79C66FE1595A5B7E674E23AE5
:106A90005F5084F227E1C3479D3F8BF37396833E9B
:106AA00012860212F628E01C2A0867540339F120E6
:106AB0000DAB64A9BFFEFFF364C4FA24035AA5EE2C
:106AC000C2054CEAF7A314E7D5062218E7DF7F6B6F
:106AD000208406AE57C77261689CADC8DD50F7834D
:106AE000492738CFA16177E1F11ADE4916030A81FF
:106AF000446192410E4C7659F58971285A40E7035A
:106B0000396E00F8159073E303580061F4E415251D
:106B1000982F296B24821C296FF747C7F33EAB944B
:106B2000E9CAC9FE70AE7585647611DC4211EDCB01
:106B3000A0D5FD95217E89E1440B7A154161B68E81
:106B4000B43424B89EF6FFF364C4ED2582CEBAFEB9
:106B5000C305483C8BB47F3B2EF728241F869074D6
:106B60008A38881A12894153C82C9BF9067D1C4922
:106B7000637DF6861C88A06127C987282E740920AA
:106B800099D4097349EBD2A85221A5E552060DE725
:106B900004611F941320E968B431E95915999BEDFC
:106BA000A8DBCF8AC47F15B1AB2660ACEFE706F255
:106BB0003B5FFB35326B0A1843590AFDCC4298C142
:106BC00085F285085954AADA1952C51266444B1F3A
:106BD000FEB64FFABA92FFF364C4DA203962CF1ED0
:106BE00078CD6483F4336A56A9D1CCBD3FFFFBFB5B
:106BF000F32551B6E11BFFEAC60E365CFB1FE52B01
:106C0000BCAD6BA77557F3BEE4209445C440138810
:106C100080D634F5BB9FA68E346CFF0BAFA1705E9F
:106C20007B1B4D0340623F28065777645440499FC1
:106C3000ACF633F9359FEC50D43CF79293A3D8C50A
:106C40009636AA8D3ACA5467954AE4631969FA31AF
:106C50005D8FD58FFF95DABFF455429175EECDDD8E
:106C6000AAD5FFFF5398FFF364C4DC206C32C6FE44
:106C70008BC498A716CE8391CF05D067FFF962CB5E
:106C80002C8A3A9F99E1C59908010BB10E89FFFC46
:106C90006E27E8F3327D7D58282E91EE8ACF873714
:106CA000492947571EDFF2E3A49D6BF2EE55624E71
:106CB000BAE8B3DFC652FCC7D3468AA8DB9F94214B
:106CC000A477731725300AEEFDB0C9598393FB8E64
:106CD00053B5A5CBD650E52850057542B1FD4621E8
:106CE0002A560E9447FDD8E73FFBDDD6AD64E95741
:106CF0007951ABFFFFD7FFF364C4DD1BC2E6BE567C
:106D0000C2449C32AA18CACFD6727EB5432B7FB537
:106D1000ADA3DC59A561420CFEB99990C9C32236D6
:106D20000A2A680106110002FABFF7FB920AA9DCE1
:106D3000C7F752061079289F99A9660F48208DA39E
:106D4000C316934BC2CF1E4D063DDCCB754AC9CA54
:106D50004E65587A26393DAE8103CE9CB8E01E744C
:106D6000E59288264796EAD4AA84A26605C76B3ABC
:106D700077B450036632E962A1093404C22A52AFE3
:106D8000F5A22823C9ABFFF364C4F1230BA2AE4CD8
:106D9000CB052C1B52B2A575616BCC7EA5439089A7
:106DA000FFF2CB91432B062435C1132FA93AFE14D1
:106DB0007C24D53429CEAAB58B20593795111B7563
:106DC000230A5B762054B75DB534E8340709E673CF
:106DD000F0510E74B25CF35CD0C8014529D3348DF8
:106DE000CF2FB1090B9703DFDE765E12FC45ED7302
:106DF000F52E69963FF52A1C6EE614BE5013B6C0F8
:106E0000C0481C65B05DEC8E57EA6546E7623D4AB6
:106E10001503FD91562CFFF364C4E72402E2AE741F
:106E2000C3052C156BBF8880A4179382819FAA305D
:106E300028C1291D53048F6EDDA755B6FA9F5091C6
:106E4000CF0ADD9468115F8FFE49A7F8F4604825EA
:106E5000F5FDE1932388939C2E5E60024176BE5C33
:106E60005C230277687229131F0CF36BFFB507557B
:106E7000B9CDE43ACAD660141664518240293794D9
:106E8000DF52FDA5CD890FE76537D29928065BA9AA
:106E9000883DBFFEDFFEA5F97F56323B8891CCCE00
:106EA000FA3D3D32B1D8FFF364C4DA1E01AAC71E11
:106EB0006E0494C7218EF2952FF7FE9E6FFFF37933
:106EC00095311438895944483D358925EDF3B4CFBF
:106ED000B05AA2E92FA9695BF861EF021D3617715C
:106EE0007522FF2B2324AC47069EB2C1F76A62527B
:106EF000E0E8B2622493532B1F5E7B5879409BDA03
:106F0000CE8E81897CD60CA028652A15BCA5643656
:106F10005DCD2EAA82BEADA959D208E529C4A967C4
:106F20002FCBFFFFD597EFFDD59CB5D0D3399CCDA6
:106F3000FA94DF9ABD25FFF364C4E51E1C32CA36FD
:106F40007ACAB69B6FD5BFFFFE56E4023E699E86A5
:106F500028EC3134B78DF29176CC8493A07DD45F48
:106F60002FFBAAD69FB61B44F84B74E1334745313B
:106F70008A244F5A61525C92C160341A7C02C7C1A4
:106F800015C964A02415799CCEAA40240234C931C5
:106F9000944959E431F969B294D3294D54305125BB
:106FA0002B198C65B54AAC54319CADCADFFDEF5E40
:106FB0009F6437D5BE6798CE63743596533FF5FF0F
:106FC000FD17BFDF5F75FFF364C4EF1EF43270146A
:106FD000C30495FFFFCC6318D294AAD41470A022E6
:106FE00055121596C753A08C11588B413FC1CC1137
:106FF0008520D5B14D25AFDBC0C123CC31B48DBCCC
:1070000005C64583F01615A3303C38609321E70888
:10701000CBA7D1571898312DABB4AEF1DA5B315410
:1070200020FAB603F29FB77EBDFF6311FF36FDA0C5
:107030009FFA6AC11F07272D88D7B31E475554EE04
:107040008F3B5EFB79EE33FA9F4FD7B7B8DAA78C48
:10705000BE87DAEA38F2FFF364C4F620143A38083F
:10706000D24494541D58FFFE7BFFAA41A18406EB35
:10707000B9AA12243CC60E25460D867117D60A22DF
:107080002CF0D200B9752A50610872001483A0C791
:1070900000861E300E42450CB10E765DD0E04DCA22
:1070A0003D02FC1B3CFFDF9BC7641749EB1457BB39
:1070B00068876A56DCEE8533986B0FB896D3DABED4
:1070C000221A26AD44DB5EAD4950CC6A31E9A51EDB
:1070D000B9BE8DDCA621683B969997FDB4423094E9
:1070E000D79E6459EE60FFF364C4F81F1886240A23
:1070F000661831F490E3E4EE9954A1E679573BB178
:1071000094EF19AB9489108BFD563F9E7F036E0858
:10711000482ABC4D1D0127335D8816440F10000C12
:10712000144243735D340C1E3A32D078D3B11375D8
:107130009F4C720F3050F0EB240AAD302350701882
:107140000CCEA3302200AEC462CD2A3356087C1187
:1071500011EBB76A63E2C08829591A6BF3B3FA37A7
:10716000FE8CA73A990AA631151576FD81871D195F
:107170003FFFFFFFFFFEFFF364C4FE26EC22282A38
:10718000D1473DFFFFFFEBA2B91347546BC80C1F5B
:107190006902EC13068463412052413FD72CF470FE
:1071A000FDB96AAF0C2A20101492DBB3CFED415722
:1071B00044CB0450970406830C15A0E020F660C869
:1071C00069C5652DF2A4780B5F1F8F838F2D5CB18D
:1071D0003EDB853A12A856515905917A2272567CA7
:1071E0003CCE71FE73BF5FFEBD6D97396EAF64D448
:1071F0000D698158C2D273C0885FD2F0D5F7CAB189
:10720000C1FC9135B99FFFF364C4E5210AFA40D06F
:10721000E6848CE74F94114EC7850A8C43D813EB54
:1072200084A2B2573563B99BDCD48E0D8E17FFFF55
:10723000FFFFFFFFFF5414AC8341D9508517322361
:10724000110F6F3A2EA345EEBE282AB40255FFFD5A
:10725000FED67F2D058042024D4E8560DD17E11F71
:1072600082C0A065B4C77E6E55712799CB0E4F754D
:107270005080E6F52EEC7EDD8EE39B1381E52FBC7E
:1072800063930D42BE54303CBA72ED88C59EDDA5B5
:1072900097BB70F4CC31FFF364C4E325D34E81BCBB
:1072A000CBCAFF1F77DC39EBD0C44252E065128AAB
:1072B000B9C0600626E0C4A18632B925702CC55934
:1072C00063F7DA4887C5276ECDB6EE4A97CCB14250
:1072D000E42C644F75E273CD7E61F787AB45A1C99D
:1072E0003C313B6A641D1470902308350E9A214985
:1072F000BB7A37B2F65FFFFCDE9489963532E58DB6
:1073000098D00D209819D2272425EAF852DEF16092
:107310005426F13990D190A88D43FFFD95D1FE956B
:10732000558000EC8DBAFFF364C4CE320B0EA9BEBB
:10733000D95FE6137FAC23E099CDF186875FAF700C
:1073400050506C478B49E51C7961E6B4EB56D56823
:107350000941A0386237289C9EC75BF5027669AC6C
:1073600048E05BD5ECCC416DD21C91CB6A9EBD232D
:1073700053F48831E8E682A359A0A32096B9145BA0
:10738000CD24FF4ED96998A3612023BF319CCBA3A4
:1073900097318A60C0C8380A94C86B4B42A1BFFFBE
:1073A000FFFFF7CAC5290280892DD7B85973DFFFBF
:1073B000F5D04BFAA795FFF364C48821D2DE951E61
:1073C000C9854E0DFE8943AEB058086025A9906B63
:1073D000471F221971C8B0713F9CF846BCD0B02835
:1073E0006D00296CBFB087ACC04C4A7FE61DE88CAD
:1073F000EC4ADD2EA5D1D8766ADF6AE3F2F55B832D
:10740000C9CF6EA74ABDD6FB05AAA140498F319DC1
:107410008B26636C501315656E6D0A06D3FFFFFF54
:10742000E49414054121C1D1CD45B77FFFFD04553A
:10743000051525B6C91C9B742DC778C80830F939C5
:1074400012CC4AE9CB50FFF364C4831B11824C3445
:10745000E6863C368A795D3D3527DCC7C95AA6FCED
:107460008FE47E66CCEFFFA91FB3FEBE8FFF7B7F4C
:1074700077DDED590041EC396118B0041AB4579921
:10748000878CF0A3BEF6FDBB1B33615DE7FBBB85BC
:107490002E008CBF963AC3A4D58D0A000E06843206
:1074A000E14F8C6AB1FD765B128C6CECF6C6FD7711
:1074B0000F7F79D6A9119181C757874F1B15DEED34
:1074C000B81D9DCF11D3F3FCEF7F36CEBFCF96BF53
:1074D00036C5EAF1B2D4FFF364C4990D8032591F66
:1074E0004F10009191FDE95D5B17F24DF70EBE1D47
:1074F00029BD6BE33579878CB489123E32C9EF36EA
:10750000ED5AFC7C529887FC2DEA9B72F0F38AEFCF
:1075100058DC4563517C380838B1ADB9D68D8A093D
:10752000A0E2B16B5F4FF3E487BF4DEEDBBE22E319
:107530005BDF8FFFF9A6F50AEFEF7A4946451A1E81
:10754000ABC5F2E134D588F27976AC9A3231A9C173
:107550006BA70F49582F1B440C08CDD91D591BB1DF
:1075600003D533DC3648FFF364C4E633F43A240130
:107570009A7800BD15BD4E1B602689561CB7ABB668
:10758000BE0168C50BD5EB4911E665A40732FB893E
:1075900013D59DFD25BFC6A32750D61B65EDEF4D26
:1075A0005775F35F1ED194D06B0AB5D6ED8C575A40
:1075B000CE6DFD6B78B9850B11774C78FB896DDA50
:1075C000DF302BAF99B76870E14F2EF4CBF55CEA52
:1075D0005A63FD7F8CE7E3E3FAFF053A8A2DC85929
:1075E000CC5C8831CA86E20B6B6B12BBB8DB388F80
:1075F00058B9BE5B6CDDFFF364C49934443A24018E
:10760000997800ACFDC1AD2DEB78B7AEF17ECD2DF4
:107610001F30AB596DA61627D2DE584D6AD2FAF943
:10762000F30B557D6F6A6B79FF76CCD8CEEF5F4D4B
:107630006BE2D9FF1FEB7F18B7A66710011D311051
:1076400096CBCB5A2101FB8541024BE8A76CDA9E11
:10765000A4668A7A8E2593CD2BA3540762E2040890
:107660008740006D774CDBB4623AC3D9B1C3B154E3
:10767000EA643DD35C30E2DFAA79AC57E69FCDE9FE
:107680009CDE73BD8FD6FFF364C44B2B943A200B62
:10769000985800D94ADA5F5B8D0B1F9A56C34D7913
:1076A000D49FFF972BE4EFFF38D6A67CE1C7C33108
:1076B000D7B3FF9CF49C5E908DF5FFD2DB2F7C1E30
:1076C0006191BDE98EF0F643A00800081A3D364FDF
:1076D0001A953FF1FE764FABDD7F07BFFFFD7D932F
:1076E00044F04C1D85860040423192623FB09E6E50
:1076F0007C7D0F67ECE3550DD63319AC060365AA04
:10770000CC662A010F93731317E800D9817C50A02F
:107710001A130B1D8DCCFFF364C41F2532DAB65F3C
:107720008B6800877951A2D6E481A02B8646227E01
:1077300037A492D11284C94689609414172207296C
:107740008D1CB885484D882686C3BC9364129E491B
:107750000FA09ACFB5668AA9AB5F5BA08320B53A2C
:10776000D373A5F47B4C92752E9BDF4D379828DDA3
:107770003BEECA2E24AFFAF6DFDD0D0981A17F4D65
:10778000351BA603267CAF3D1CAFFF522CA84044FE
:107790002C63C6BD22A0D8B055DC43F05FF9D2A45B
:1077A000A815107B874EFFF364C40D2091A6B55336
:1077B000D87800FF26A82BCBE574C3014224CFEA7A
:1077C0008A3F41DC797A38FBEE1B1C2FA86AC5DCA6
:1077D0009BB51167F285E418EB13D223C8B1770D7E
:1077E0000F6250B143579FE4F894AA9464AC3AC531
:1077F000A0D7675D2C2AD18D8C0E0FE3D63E296A67
:10780000E1E4F15DCAFE4751F3AD3F819885C3A81D
:10781000B34A3FFEA5A5BFFFB18208E08B09ACBA11
:1078200018C16FFFFFEE9C7A95C30031006F6BB7F4
:10783000FBE4CCA54254FFF364C40D1E4B0ECA36C4
:107840007B04B884AC820B13B90DC0900AA71CB698
:107850000062DED6DE656E2C667E8E5EB6BB0EB432
:10786000D58F12A73D3486DBDDF95EEAE4D5DCBEB8
:10787000F9F060318C5B656D597975B780B8294333
:10788000233151BFDBEBE9BB27BFF5476285667744
:10789000FFFFFFFE8EEA42829D099179F0D8706069
:1078A00018503A77FFFD44CE8366C1305C120F2A30
:1078B00084005A069B9B4B3EAED81A975E02E5CBDE
:1078C000775233549458FFF364C4161CBA72D63EF0
:1078D000798A9E09297475CC3D7E9CA24DB2F3DB5A
:1078E0009B9D2292AAD061C48F48DCCF4FF270CA10
:1078F000D0503079D0C5EDAE56CAAEDD4B28A80CBD
:107900000C40EB3A398ADF7FEBFAD68653175633B1
:107910001B9E8CA3A1B481BFFE5A092C925A0A80E7
:1079200084448243DFFFF1CA3C9128D59D9606939B
:10793000C11E99972EDADDB3AD057F38521FB5D23F
:10794000F051FB26659BD47FFA6AD7E6EB55CF5BF7
:107950007E7E18DA64ACFFF364C4261CBC0ED19E94
:1079600061854B6AFC4FB92EA39593EF7F8EFB1177
:107970006C4D2302469453EDA7DCA7FCAADF295DDA
:107980000B65712603323A37FAFF56D5E6F7DBF579
:10799000F6FDEAC67EED672A319FE647D6E7E9FDA8
:1079A000FFFFFC9D951BFDB5BA1EA8C808DA8B32F7
:1079B000431A410BF9A7F383DC43AFEE2BE2C495E6
:1079C000481502D3BA956215AA30111E9006E1E55A
:1079D000EC470DF65B7D2BB94A01A95A31366AEFA7
:1079E000CDA51FBD49FEFFF364C4361BF262B996F4
:1079F0007A44F28C9B6730312B42D2DC2B74FFF23D
:107A0000AF3662B6FCAE2E4777BB2B910952F7D248
:107A1000D656A0782C76B03A487FFEBFD1FFA0683A
:107A2000BB9B69D8E41D2244D0881048128B9A90E1
:107A300084AFD9BC56CDA352B012209C88E8DF0099
:107A40003E785F4465967A981F763F1DE35746E679
:107A50009002732CE4BF312EC7E3CDE77DA6DBAFE8
:107A6000B75E58BEB5164A60C2D4C41E56CFDFFFFB
:107A7000AAE5A34EAA8BFFF364C4491AE1E2C59EAE
:107A8000798512B30285965000D1A48FB8ED41C21A
:107A9000A5013304F6047F77FA59EB5A3FEA423FD7
:107AA000A718706C568AC59A5402F7D64FABAE032E
:107AB00077E55E3A6CF0BA8734CF1C0CADF481D315
:107AC000FA91DDB302E8E4C3AC410521050584CA9F
:107AD000E2BA2B3D9E85B1C619D4703661594DFA74
:107AE0001D8BFFFF285DAADC4E70FAACD9433B2A00
:107AF000F9F94AAED3F6DFB0C31E0E2485EF76A5A2
:107B0000BBFD1F898486FFF364C4601CB25EBD9E0A
:107B10007946FAFFC51E93A592A0CDC580E2E70283
:107B200000C2C0A0A806C40FE91576BA4D59586125
:107B300002521294212FB0C47532D2D1BF5299E8AB
:107B400063EC2899B6DCAB4802CF78C5F6D8A1180B
:107B500056C91555362D157555FE7A955243D3677E
:107B6000E2E2FD4292632B7F9725C948349990DF6A
:107B7000D96F7EDDCED35A4DFAD59AE6D4C7D1D788
:107B80007CD881E213A4C56E59A533E0AFFBAC3AB3
:107B9000A62582955648FFF364C4701CE2C2AD9ED0
:107BA0007A04F690BAE15A1801F9F258CD47412704
:107BB00094AB0E3EB072BB8D451748509070ACB878
:107BC000A07135F76B278BCD475A3B87BDF7BE7148
:107BD00085A3488050C28C43D129BB311439CE844F
:107BE000D6FE427A37F3A28008000E384183EAF3CA
:107BF0009C38677FF1825033A0503A1258DBFF5D0A
:107C000090927FC9A56FF948600EF2EE6A81004E2E
:107C1000180FADDFDF1BFF2FC29DB52733F18E702C
:107C2000D6772A46A552FFF364C47F1B79D28C3ED7
:107C3000CA447CE14C281010A8F77F9A67BE3BFA33
:107C40006745DC3A71D302746920D20249C20BCE77
:107C50006BB6C0A8CB64670485C9D26103A70CFECC
:107C6000DBFBF7D46FE43273FE1B8940D09C547A5F
:107C7000C7FF65FACE4A7A3FFDB77ABFFC5A6E2736
:107C80000E080FA47C25005E197997020A0184046E
:107C9000FF06B7402093268CE141C1A3409C0AD146
:107CA000030DB39ACB1F58716FBD4C569FCFF7D2BF
:107CB000CF7C1194E15DFFF364C4941AC1B29C14AB
:107CC000C0D29442EB0714D6F235074221C0960287
:107CD000CB6A873259E1F2E76245FF5BCD7E77A63A
:107CE000FBF789A7D0E6F4B3D04AC8E6EB045325E6
:107CF0000811FBEAAE158B0B2D75FD9F7E8A0F7F59
:107D0000FDC719356D63B67E9BD88B4D2DF6809CD3
:107D1000FF4F8CB605A85A2F43BE1D3AB0FC7AC55A
:107D2000581115820570C5094589AA14ACD88D3E35
:107D30009CAFE508883BE476511F0AA06C1B3D31DF
:107D40008E239EAAED5BFFF364C4AC1BF9C2A17441
:107D5000C2185CA766762C62666D5356D9CE5BFA64
:107D60006EAB72FD1DAEAAA88738A0A6177442BAE2
:107D70007FFFFD1C8A972DCCFFFFFFFFBFE700D1DF
:107D8000D8C47094214FF4C171F91D6A436AD4B606
:107D9000101CFBCBF12A601D1121A440281337D001
:107DA00010E0C05058FE3204FA8560C6CDCB87F291
:107DB0004E93A5EC91895BD950F4FD68F50222162B
:107DC0001EEC22453764A554C8AAE47550E9EB9E21
:107DD0004C7611335CD7FFF364C4BF1D2422C25E0E
:107DE00078C4BD9D2EED2DEC3CFBCDBFFBFDBFFE51
:107DF00082836785026F6A0837C670CC1420F3F758
:107E000044FFFF2F008B1B32580C1E83F180A038DB
:107E1000A3252A030802AD68C88C01F36A9A932C43
:107E200060C1362C1487C2E4515CC2AF8720201099
:107E300000A0E0502BB411411038A546B084C752C1
:107E40007DDB7FDB6816DDB67F0CCBE9E36D721F4F
:107E50008BCAE1716A4A4802ED78BC7D983386206E
:107E6000D210C143DBBAFFF364C4CD1E5262BE5EC2
:107E70007A46ACBA66CA38EC24A28940883EF1B191
:107E8000E78648F23ED02CD41F4BD99ECE55BDFD7F
:107E900098CFBBBFB964FCB70AE0C3469108F2664D
:107EA0003198C622CD73D15D97B6F476D7B34831F9
:107EB000A7219ADD3D3FEBA7D0AB057B18C1C439A4
:107EC000987209491D0E567293E9E6EA669CC6BB94
:107ED000C940F72D5B22734E2DAF133E3BA90B64B7
:107EE0007AC6D585A299500BBFDB75DE265C0533BB
:107EF0001C0B204854B5FFF364C4D6308C3289443F
:107F0000D08DD1127D4C99D390002255AED10191E4
:107F10005222260D2F2BC924AE352BEE8DC65DE9DE
:107F2000C63086278F3D03C24421F549C59C5502C2
:107F300010FA11F1D8C213BF518E6A3B96AACCA297
:107F40004729E5142880B1478C563B99E434F1A6C3
:107F50004CC9476FFFFA158A2C07615B21D0C8AA6C
:107F600042B1BFFFFF46A3220D723C65868AF33AF9
:107F70001B9AD276AB7A9756462B52CCAAA8E59597
:107F80009642954C73B1FFF364C49625F42EB23E2D
:107F9000C24ABC584580405FC5AEE36C08351D50F1
:107FA00074B6809A7BB20D42129F753244D4C52DAF
:107FB0007A3A19E5C0E74E9E32B238B5C79996BAFB
:107FC000D4771962DAB062D73E2C99EF6595EA75DD
:107FD00090B310D171603F932B93F8D2325429E6BD
:107FE000A84D933EB5A1337D7FF9A530676755CC89
:107FF000722881C0808CCDCB3239794180B65B1B31
:10800000FFFF30639C65111D2E6647567AB7FFFF50
:10801000D1E643198AA2FFF364C481276C2290D66B
:10802000C3C4BD4306322032D4EE8AD93499EFDF7F
:108030007D6F9BAA290D95DF2B2AA21A560A88A2CA
:1080400080068C93CC68983B20036D26564B4D528E
:10805000E5DEBB123D6224E8540AAB3EE3BF2EF4DA
:108060009444BA4BE4268266750D46F1585E6D3E27
:108070006CD212D65971A048580A1D49898324C36D
:10808000C297191E6032CCA8F56566B6FAB68B7138
:10809000835C486B6ACAA556B733D92991FF54A7A8
:1080A000FA8D9D9A6643FFF364C466214B1A84B629
:1080B000C24AD6D5BFFFFFF4729A864AC28FA1008A
:1080C00035CAFFB9C1A99A4E40C54EC0532B707432
:1080D000120DD51642FB1A5F0DC761E42B1F313418
:1080E000C3502DB237AB0A31DCF5438CD828206859
:1080F000E0E5478E353472CB87553D65C318A01730
:1081000012E8E682C13840E11EC323432CD197CD4B
:1081100059968CCB6E29998ED6776A1FAF74A513AA
:10812000ADE6FFFCA5F9592BEBFFFFE89473206344
:108130003093854F3F33FFF364C4631C131A8C568E
:1081400078C4DE751F529FF244A488B8AB2762A69C
:10815000551A02AD50B829EA64709F89951D79556A
:108160005910D4F422D26318C05A9610FE3CD2DAC9
:1081700005562DAB41745758AA8932B7CAF75B1A16
:108180005AFFD8B6224504A6B4503C84C951498848
:108190008298418A5D594C8932BB15CA34CF285028
:1081A00032DAC6442E9FFFFFFFFFFFFFFFFFFE9F57
:1081B0005634D43FD1FFFFFEFD7BFE89B525D7673E
:1081C000C2CC391D8CE0FFF364C4751C742254507A
:1081D000C244D5C101319ACE1B38F17E9DD68CE0C8
:1081E000AC565B19A16029230F556122A1C868DD37
:1081F000552D5BAABF92E72FE6E1D6962B8AC43EA7
:10820000E7AED642C9927C8C955EA79EAC458B8228
:10821000A0A82A7669FFFFE992D3F675B384C8282F
:108220003C0A960A207073C7FFE1D253B6F3512976
:10823000E00AE2253ACB56AB2034B81C22DF3D36AB
:108240005FD382BABAAEAC18CA5D3CB969EDBFFA69
:1082500094A541404E14FFF364C48618E1224008FF
:10826000D8D2B0D60202140404F686A572A3B1DDFA
:10827000B1D2C7753D9954D67F735ABAE46C42D4D3
:10828000E5114E2D1B129D236CCEE42D6E6ED4FA9B
:10829000C276E2FE1CD0B5A0CD23E369D24ADB2131
:1082A000DF7DF556DABAA9E80F7439D9298C740B39
:1082B000BA301383CA1650CD927036C66FE99DDA74
:1082C00038CAAAEE86CB5CA7BD7D34B0A53CEF943E
:1082D000E4FAF59328F9916713285BDCC927E67067
:1082E0006BCF9093BBD7FFF364C4A515611E340C0C
:1082F000C0C450DCEE49A6799C4AF9F96F91D3AE1F
:10830000F7338FAD3BD9779982362344EDEE4C415C
:108310004D45332E3130305555060079DC07BA26ED
:1083200092D91149BB4D9298E6AF96E65EDCD3DF59
:108330002B6676991F4A5F76C1944E6236F7D3DC7E
:108340006DB228D50D5B9E7A1112F34BCD63B481CB
:10835000EDFBEFE9D94FCCA2BF6FBFABDE77FFFDDE
:10836000C6CD9DF0EC85336DEA1DFFBB32D650B90A
:10837000ECBFF9B9BD26FFF364C4D21A83FA1C20FE
:108380005846FCFC472D51BE378A0A753229EF54F6
:108390006ECEC64ED45E694A77525B956E7E3D11B5
:1083A00031DDEA9E9B2946E4C1F59EF14E6F3BBA52
:1083B0007E28BA2BCD73B62BA6CFCB777994E4F871
:1083C000929BC4E9B591A8CEAE22E71F225791181F
:1083D000E6A8B695C65C98C5721AD998536A91AC4E
:1083E000AED6FBAC6DD7F190CE86E47D33917A6A40
:1083F0007C3A3E44E37DCC3B9E78682F773CEB464D
:10840000A5A8BC26AA7BFFF364C4E018D92A260AD3
:1084100038461D78A20D94EFE6E2D5B86663FD926A
:108420006B3A0B731D229348244D4C414D455555D5
:10843000551715499AF869E82DC6E422B099C74442
:10844000B08ADF97DE432AB9696CCED874C8F67556
:108450009DDBBE7D33ED473E1D786499F7C1E7AAE9
:1084600031313443FFFF49FCE1EBCF2D738B769123
:10847000C8B99B1CB48418B5295ACF79713A02CB7C
:1084800097EEF6713FAF8A3C9EB929FF5641594994
:10849000EE76DFBC50C7FFF364C4FF24AC160C00BB
:1084A000684C0141CAEE72DCC5952BE7C84AAC2C7A
:1084B000903EB461816269AC624804B8A563713BC7
:1084C0008D8884432866A288A33D182831D50123CE
:1084D000053A80C61C8731A561265258460A10AA63
:1084E000AC4A833878C3F011910804C81C599FF432
:1084F0006796B0A3A1748E120A254548EF9F51429A
:10850000C56A68058C143C08865B58F07B4D318E3B
:10851000D214F0A10114061555D19C1C641D2B1C0E
:10852000EB1E1B032A31FFF364C4E81AE292259282
:1085300038461D87BE097B0C485710F0299DBE1B8D
:1085400077A2440A731958D981502855A5250C2AB9
:1085500080808950C1549999AA823552E0A35FAABC
:10856000AABD5252F680203EB1BEA943FF8C3D55B4
:10857000F6E93010A3D5B94959832AFAD0A5F79462
:108580002B3EB8633AFB7CAB5A808987CD60A3EF62
:10859000032AADFA55BFE3066828555552D54BD985
:1085A00099BE657FF52AA4AACDFD5553B9FE55BBEA
:1085B0007AB19544F56AFFF364C4FF24FC360800E1
:1085C00078C600A9AD558D196AD2C9A9F030A35259
:1085D000655AB07A04CDEA8055BF666662FD575091
:1085E000A046AAAA5809AC666660D0D519A3317C0A
:1085F000A028CD009C4F5578DC6635E5804042A927
:10860000366A4CCC0404148E93030112C04E02024D
:10861000258F94057666628DC6AA5554BE911C6A54
:10862000261F17F9D40204055554A1B742892555D0
:10863000AB199BFF5555295BD49B55663FF66526C4
:10864000D554BA0227F5FFF364C4EE1EE42E004AA7
:108650001887C097FCD46671B5AB4D2332E6D7FFBF
:10866000FFE7B91C48D094354658FCBFF526AA5EF2
:10867000C6A4D483012C6FFAADC636D54EACDCDF70
:10868000E8A598C63280A030F2A3AB18CC672B7E49
:1086900086F4CADDD4D52D4BFD4B315BCAC0300208
:1086A000008A9AC9A0E80581A8E666B9151516BE24
:1086B000FE6A1556A4934A161546F86F8B66FFE1BD
:1086C000BFD5566A2555578B66983A54AB5AD50193
:1086D000B1CA30E2C78AFFF364C4F5219C31BC0003
:1086E00018CD7D9E12960696301ADBEA3CA0694CA6
:1086F000414D45332E31303055555555555555550D
:108700005555555555555555555555555555555519
:108710005555555555555555555555555555555509
:1087200055555555555555555555555555555555F9
:1087300055555555555555555555555555555555E9
:1087400055555555555555555555555555555555D9
:1087500055555555555555555555555555555555C9
:10876000555555555555FFF364C4F11E7391740466
:108770001951545555555539F9954C414D45332EA0
:108780003130305555555555555555555555555507
:108790005555555555555555555555555555555589
:1087A0005555555555555555555555555555555579
:1087B0005555555555555555555555555555555569
:1087C0005555555555555555555555555555555559
:1087D0005555555555555555555555555555555549
:1087E0005555555555555555555555555555555539
:1087F000555555555555FFF364C47F00900400004E
:10880000D00000555555555555554C414D45332EC5
:108810003130305555555555555555555555555576
:1088200055555555555555555555555555555555F8
:1088300055555555555555555555555555555555E8
:1088400055555555555555555555555555555555D8
:1088500055555555555555555555555555555555C8
:1088600055555555555555555555555555555555B8
:1088700055555555555555555555555555555555A8
:10888000555555555555FFF364C47C000003480009
:10889000000000555555555555554C414D45332E05
:1088A00031303055555555555555555555555555E6
:1088B0005555555555555555555555555555555568
:1088C0005555555555555555555555555555555558
:1088D0005555555555555555555555555555555548
:1088E0005555555555555555555555555555555538
:1088F0005555555555555555555555555555555528
:108900005555555555555555555555555555555517
:10891000555555555555FFF364C47C000003480078
:10892000000000555555555555554C414D45332E74
:108930003130305555555555555555555555555555
:1089400055555555555555555555555555555555D7
:1089500055555555555555555555555555555555C7
:1089600055555555555555555555555555555555B7
:1089700055555555555555555555555555555555A7
:108980005555555555555555555555555555555597
:108990005555555555555555555555555555555587
:1089A000555555555555FFF364C47C0000034800E8
:1089B000000000555555555555554C414D45332EE4
:1089C00031303055555555555555555555555555C5
:1089D0005555555555555555555555555555555547
:1089E0005555555555555555555555555555555537
:1089F0005555555555555555555555555555555527
:108A00005555555555555555555555555555555516
:108A10005555555555555555555555555555555506
:108A200055555555555555555555555555555555F6
:108A3000555555555555FFF364C47C000003480057
:108A4000000000555555555555554C414D45332E53
:108A50003130305555555555555555555555555534
:108A600055555555555555555555555555555555B6
:108A700055555555555555555555555555555555A6
:108A80005555555555555555555555555555555596
:108A90005555555555555555555555555555555586
:108AA0005555555555555555555555555555555576
:108AB0005555555555555555555555555555555566
:108AC000555555555555FFF364C47C0000034800C7
:108AD000000000555555555555554C414D45332EC3
:108AE00031303055555555555555555555555555A4
:108AF0005555555555555555555555555555555526
:108B00005555555555555555555555555555555515
:108B10005555555555555555555555555555555505
:108B200055555555555555555555555555555555F5
:108B300055555555555555555555555555555555E5
:108B400055555555555555555555555555555555D5
:108B5000555555555555FFF364C47C000003480036
:108B6000000000555555555555554C414D45332E32
:108B70003130305555555555555555555555555513
:108B80005555555555555555555555555555555595
:108B90005555555555555555555555555555555585
:108BA0005555555555555555555555555555555575
:108BB0005555555555555555555555555555555565
:108BC0005555555555555555555555555555555555
:108BD0005555555555555555555555555555555545
:108BE000555555555555FFF364C47C0000034800A6
:108BF000000000555555555555554C414D45332EA2
:108C00003130305555555555555555555555555582
:108C10005555555555555555555555555555555504
:108C200055555555555555555555555555555555F4
:108C300055555555555555555555555555555555E4
:108C400055555555555555555555555555555555D4
:108C500055555555555555555555555555555555C4
:108C600055555555555555555555555555555555B4
:108C7000555555555555FFF364C47C000003480015
:108C8000000000555555555555554C414D45332E11
:108C900031303055555555555555555555555555F2
:108CA0005555555555555555555555555555555574
:108CB0005555555555555555555555555555555564
:108CC0005555555555555555555555555555555554
:108CD0005555555555555555555555555555555544
:108CE0005555555555555555555555555555555534
:108CF0005555555555555555555555555555555524
:108D0000555555555555FFF364C47C000003480084
:108D1000000000555555555555554C414D45332E80
:108D20003130305555555555555555555555555561
:108D300055555555555555555555555555555555E3
:108D400055555555555555555555555555555555D3
:108D500055555555555555555555555555555555C3
:108D600055555555555555555555555555555555B3
:108D700055555555555555555555555555555555A3
:108D80005555555555555555555555555555555593
:108D9000555555555555FFF364C47C0000034800F4
:108DA000000000555555555555554C414D45332EF0
:108DB00031303055555555555555555555555555D1
:108DC0005555555555555555555555555555555553
:108DD0005555555555555555555555555555555543
:108DE0005555555555555555555555555555555533
:108DF0005555555555555555555555555555555523
:108E00005555555555555555555555555555555512
:108E10005555555555555555555555555555555502
:108E2000555555555555FFF364C47C000003480063
:108E3000000000555555555555554C414D45332E5F
:108E40003130305555555555555555555555555540
:108E500055555555555555555555555555555555C2
:108E600055555555555555555555555555555555B2
:108E700055555555555555555555555555555555A2
:108E80005555555555555555555555555555555592
:108E90005555555555555555555555555555555582
:108EA0005555555555555555555555555555555572
:108EB000555555555555FFF364C47C0000034800D3
:108EC000000000555555555555554C414D45332ECF
:108ED00031303055555555555555555555555555B0
:108EE0005555555555555555555555555555555532
:108EF0005555555555555555555555555555555522
:108F00005555555555555555555555555555555511
:108F10005555555555555555555555555555555501
:108F200055555555555555555555555555555555F1
:108F300055555555555555555555555555555555E1
:108F4000555555555555FFF364C47C000003480042
:108F5000000000555555555555554C414D45332E3E
:108F6000313030555555555555555555555555551F
:108F700055555555555555555555555555555555A1
:108F80005555555555555555555555555555555591
:108F90005555555555555555555555555555555581
:108FA0005555555555555555555555555555555571
:108FB0005555555555555555555555555555555561
:108FC0005555555555555555555555555555555551
:108FD000555555555555FFF364C47C0000034800B2
:108FE000000000555555555555554C414D45332EAE
:108FF000313030555555555555555555555555558F
:109000005555555555555555555555555555555510
:109010005555555555555555555555555555555500
:1090200055555555555555555555555555555555F0
:1090300055555555555555555555555555555555E0
:1090400055555555555555555555555555555555D0
:1090500055555555555555555555555555555555C0
:10906000555555555555FFF364C47C000003480021
:10907000000000555555555555554C414D45332E1D
:1090800031303055555555555555555555555555FE
:109090005555555555555555555555555555555580
:1090A0005555555555555555555555555555555570
:1090B0005555555555555555555555555555555560
:1090C0005555555555555555555555555555555550
:1090D0005555555555555555555555555555555540
:1090E0005555555555555555555555555555555530
:1090F000555555555555FFF364C47C000003480091
:10910000000000555555555555554C414D45332E8C
:10911000313030555555555555555555555555556D
:1091200055555555555555555555555555555555EF
:1091300055555555555555555555555555555555DF
:1091400055555555555555555555555555555555CF
:1091500055555555555555555555555555555555BF
:1091600055555555555555555555555555555555AF
:10917000555555555555555555555555555555559F
:10918000555555555555FFF364C47C000003480000
:10919000000000555555555555554C414D45332EFC
:1091A00031303055555555555555555555555555DD
:1091B000555555555555555555555555555555555F
:1091C000555555555555555555555555555555554F
:1091D000555555555555555555555555555555553F
:1091E000555555555555555555555555555555552F
:1091F000555555555555555555555555555555551F
:10920000555555555555555555555555555555550E
:10921000555555555555FFF364C47C00000348006F
:10922000000000555555555555554C414D45332E6B
:10923000313030555555555555555555555555554C
:1092400055555555555555555555555555555555CE
:1092500055555555555555555555555555555555BE
:1092600055555555555555555555555555555555AE
:10927000555555555555555555555555555555559E
:10928000555555555555555555555555555555558E
:10929000555555555555555555555555555555557E
:1092A000555555555555FFF364C47C0000034800DF
:1092B000000000555555555555554C414D45332EDB
:1092C00031303055555555555555555555555555BC
:1092D000555555555555555555555555555555553E
:1092E000555555555555555555555555555555552E
:1092F000555555555555555555555555555555551E
:10930000555555555555555555555555555555550D
:1093100055555555555555555555555555555555FD
:1093200055555555555555555555555555555555ED
:10933000555555555555FFF364C47C00000348004E
:10934000000000555555555555554C414D45332E4A
:10935000313030555555555555555555555555552B
:1093600055555555555555555555555555555555AD
:10937000555555555555555555555555555555559D
:10938000555555555555555555555555555555558D
:10939000555555555555555555555555555555557D
:1093A000555555555555555555555555555555556D
:1093B000555555555555555555555555555555555D
:1093C000555555555555FFF364C47C0000034800BE
:1093D000000000555555555555554C414D45332EBA
:1093E000313030555555555555555555555555559B
:1093F000555555555555555555555555555555551D
:10940000555555555555555555555555555555550C
:1094100055555555555555555555555555555555FC
:1094200055555555555555555555555555555555EC
:1094300055555555555555555555555555555555DC
:1094400055555555555555555555555555555555CC
:10945000555555555555FFF364C47C00000348002D
:10946000000000555555555555554C414D45332E29
:10947000313030555555555555555555555555550A
:10948000555555555555555555555555555555558C
:10949000555555555555555555555555555555557C
:1094A000555555555555555555555555555555556C
:1094B000555555555555555555555555555555555C
:1094C000555555555555555555555555555555554C
:1094D000555555555555555555555555555555553C
:1094E000555555555555FFF364C47C00000348009D
:1094F000000000555555555555554C414D45332E99
:109500003130305555555555555555555555555579
:1095100055555555555555555555555555555555FB
:1095200055555555555555555555555555555555EB
:1095300055555555555555555555555555555555DB
:1095400055555555555555555555555555555555CB
:1095500055555555555555555555555555555555BB
:1095600055555555555555555555555555555555AB
:10957000555555555555FFF364C47C00000348000C
:109580000000005555555555555506AAD9BD0EB282
:10959000501B00C9397E0355DB207AC822107D6636
:1095A000B0464424145FFE974460F1F24159454FA0
:1095B000A0F4E6E0BC989DC49D465B5185E4DA03C7
:1095C000A7C9131581C0C004651B6A1534283A3831
:1095D000175989CC80645C0B208CA24E40420D85CB
:1095E000E548136D440B9217698DB939FAC11966B4
:1095F00049D48BF711A9192658581815A49A5169FE
:10960000979F1411B462FFF364C47C000003480008
:109610000000007CB961F0C179678CEB6D27139471
:10962000427C50340C05D1125A393105D23046589B
:10963000C05CF85D112234989D4589EF51369979C7
:10964000394723920891B646F409ACE46930A39BEC
:109650004075A65EC202358C118C0A478C09013216
:10966000C611A8CA3D8EA89B651C8E9BAB46B93C13
:10967000DBAD5E4C23A5DF0119F1441032DD2E7AFB
:109680006A5ECCA391A351D346B1220C9903828880
:109690005B84FB046D42FFF364C4FF3384397C5464
:1096A0000992E41846D3B11B69CA2D880C92368200
:1096B00094564C05D99205DB5C6084F80790ADB8F0
:1096C000728C8781B411A5F51CD4FA4119C2F62C0D
:1096D000B6C05DAC9A46186DC2BD2E3E847C365035
:1096E000C489390308C56A2E920B2042507900D8EC
:1096F000FA6D0A0E9B384993A4116EB481093C435C
:109700006A2A4E90A197E233861BA608DBC7A055B4
:10971000113A0E281B3E283A689D027B8BC8B9A1DE
:10972000F1459032DA03FFF364C4B4333C2DB80042
:109730004A4D7D520E100E54D043B26FA08A2908B4
:109740007694F6532C9A64E099C0081000F6FBC793
:10975000365B2231B4EE9EEF2939D32AFF9A761771
:109760005D110A2477AF10A174F2D29E9F114CB400
:10977000CB242E9A11D3A64FEFC4872BA564AA65DC
:109780007AF0A8B847E7512A65093CB34F43F4AED5
:10979000E89BD7F73D1FA65FD9BBA1D385A647C6D7
:1097A00042424D10D0A2532D08A1708F777B308993
:1097B000D9E7D37D2E85FFF364C46A1C241A1000F8
:1097C000404664C3FEBF587C81FA8075D332B236FE
:1097D000C8AC53696D9D47EB69D22F624CE4239A64
:1097E0004A68533B970FB91C8874895ADB92CF3A69
:1097F000A6D934CD4FEE50E9B9915865D392721481
:109800008867E7631594E165722D6B16F1F436EF06
:10981000AF4C24A7572584D725B9EBDC13C2AF750D
:109820007884561FC73420E653D7B15F37FE77BB25
:10983000934D090B98E3D1B0A06E33DB2813E3A757
:109840006B9988AAEAA1FFF364C47C1BF41A182060
:109850005046152BE9EE38898DF0D3365B37405CE6
:10986000807E50C03194D1682345A92119420463F8
:10987000D72920182921B2B6FE444039C146E273E7
:109880008524EF7236B0CBEF95EF4F684479532CB7
:10989000E2E311084084DECE3ABD3BF537FF7FB1ED
:1098A000E3DEDAAF0C9BDBC3A54F43107D5D536B4A
:1098B000550DE5A5E64BB830B7BC6A6486B6E4FA48
:1098C000486F63BA8588B1667280C4BCF19D651229
:1098D0007C80EBB168D2FFF364C48F1A4AF220CACD
:1098E00040471D3246F350215C8D682A1952542995
:1098F000605535D6D94536525DC9E30D3CC3134397
:109900001650DB103D22A4E269340F2481CD5D396D
:10991000A44E28DE22402D26ADAD30F1CE6D77214C
:109920005CE4F4D1020E5DD9A1F204CD8D32AAB46B
:10993000DD964468AE0CA3358D21C4A25C9F9A8944
:10994000AE59BA6551409A105225445B22544218D0
:109950001091B4DDD3C698891029A6C9D0ABB6CE74
:1099600022C1230D4D0EFFF364C4A8343C39FC0121
:109970004F480010D4DB5C17885307194D95609150
:1099800072346A7DDD224680D8D366CD1B14205DFB
:10999000481565C082A804E809D0C3AA009984824A
:1099A0000D04A5AF980700F98568AD9809021984E0
:1099B00009F9DC668634A1C6607802E697616460C6
:1099C0004E06AFFE4605202A2400E60C40D04C038C
:1099D000E9A71CB248B8072605CF074BBE9A6A2CE8
:1099E0008B90DC49D7D45D27C2FB9798420034287E
:1099F0001BB856E58E9EFFF364C45A314C2E48D3F3
:109A00009E9801666E81A1D27C9D1CF0D564B0AF9A
:109A10008721FB95D9EA9E00C20B68E611315C1DD7
:109A2000A1F1A5FE5F37ACDD06CDC6E1885AF8DAB4
:109A3000172110FFBAFEB4FFB7533A08265F7EAF76
:109A4000EFDFF75E9CC1ADFEB48B8560F8032C0E92
:109A5000C277FEFFB506FDD99B5ED9B3978D8B8C7F
:109A6000F9D4D643C719D37FC8A10E38300B55346B
:109A7000FFAA6EB55424981499AB9E071337288C0F
:109A800002E2110E5EEEFFF364C41722EC068C2B8B
:109A9000DB680139D56476FFFFE55639556CF52250
:109AA0005671F4088220D109B1D0E7145DAE9FD978
:109AB000D752C9E1CF3ED2C1E40A840B8CE707B983
:109AC000A56CA244DF759A9490672E0D63C0600D5B
:109AD0000E99073006F8E74F2F9EFFFEB52D3FB7D2
:109AE000BA0876FADD0FF57FFFFD165B17CE0E453F
:109AF0001A229A9356A43DABD9DDA9DD12FBA6D755
:109B00007FFFFFEB759BF3D2D3B975B6146452593E
:109B10003671368170F4FFF364C40E1C7B86D1BEAF
:109B200083CAB6BE58228327B2E7226E6F4BD08815
:109B3000DE71598503CFF5049EAD66F65C06A86A12
:109B40003540F0C908F0DE7EEEE91A8863BA98263F
:109B500047F51DF137F18DE24BE8BF37FFFEDD66BB
:109B6000F667FBEB42FD5FD925FFFFFE6AB2AA3D17
:109B7000D68799959D0C7545732C8871CA2A79BD35
:109B8000B49D525B9D8697C2F72D7A34692FFDFEF6
:109B90006F0101597CBDC47F281502983B2CBEA7DC
:109BA00028DB789BBF0FFFF364C41F1BF106CDB603
:109BB000C3C526F752965086F168DCBA2CBED9BBD5
:109BC0002366EEFDB2CB03B11C600981A256A1123F
:109BD000558D5FA9A7607EC6EFEA22B3E1D08281EE
:109BE0000D27D4C314F3CCABAFDE15C87FFAC2C2C5
:109BF0004A9DFDC2E0387800EFE2E987EFCA00CF66
:109C0000AC3E0825E093A7FDC408124DFDE7FE53C6
:109C10006EC4EE5ACAE5D71448F873756531089ECC
:109C2000AF6F1ACD69CC943F18CA632A50D89743B6
:109C3000F8ED56B5575AFFF364C4321B13D6E25EF3
:109C4000C04B5CDEF614C1E2F858580A5FFF935A25
:109C50009FFFFFFFFFFFFFFFFFEA7951337B735B3D
:109C6000B8D9A66F75AFFFDDF2D3F599CAC242A687
:109C7000660F0C280A2C1F31418FE52B89153253B2
:109C8000891027693F629429DC14947B4A1FC0C263
:109C90003822533F07315E4B26BE64D87F0FD2E790
:109CA000BC4261657B610DA17F4321FCC6ABAF5611
:109CB0003A9F2A3FAFB1345453819EB7FFF630A686
:109CC0001CC0AABA3FFFFFF364C4481A7BE2CD9ED2
:109CD0000BC43CFE96FFFD74632B82752BAB7EC9D3
:109CE0007A3FBFBCD5A3D3FFFFFF36634A73036936
:109CF000D38596DF261C52A902564BD2694B4DCE16
:109D0000D09400C7489BB5580850801379374F55F9
:109D100028F4211BC6F09E51068A13EA28DF2B1C6B
:109D2000FCA543EBB23A7318C34C284D8BFA50F2A2
:109D3000656567FFFA1DC8A752959F7FFFF4433DF5
:109D40003B2FD7AF5AA5D9AA55ABA29CEFFFF54739
:109D500028D16191633BFFF364C4611B9BFED25E1B
:109D600003CA1CFFFFFFFB644AB5E30A0EA70D40C0
:109D700095142922AE68DCD6C9D6818E43814CFB6E
:109D800018DEB52B7E032DBFBDFAFF893735CEBD5A
:109D9000B2AB675871CFD4C19CFE8712181086E50C
:109DA000291BACC6F950CA427D1CB9D51CCADDBFFF
:109DB000F52A070E543AA1B33A954A56D89EBB18D5
:109DC000C633B1A9E69BBF63040670F408A36929F2
:109DD000FF108A09402A7FFF53D78F8084A642E76D
:109DE000A244AAB4064AFFF364C4751C4ABAEA5EE8
:109DF00086448E5F7B66D649FDACF61FDA20A0D77D
:109E0000F1B7EF511C47EF76DD6CDA7F47FFF6259F
:109E100051213282F9F673EBDCC98BDD49B7BC7A8C
:109E2000C8C6FFDB67AFA956C2607EB9D5859A7EEA
:109E3000276680E8979473861489FFFFC72A3D66DA
:109E400090FFF53E25CF3B9567BCAA02E3B48C7129
:109E50005F5A25A143210161C0CFFBC160E2E053FD
:109E600034561B961630D09CDF697D927FE90DE554
:109E7000E60BE1E954F8FFF364C4861D41F2DA5EB3
:109E80007B11260EE999A19BC715F03C4529D442C8
:109E900005CFFFC126FF0DAB32DAEC1E8C51520EFE
:109EA000AD9B86D6F695D14B1D5A8E430632FF8662
:109EB0003218E040476FFF95D85060237FFE81BF86
:109EC000FB9BF99D3FFD4B295BEA5297FFA3AD4AEF
:109ED00057A95009E218E3DFE91672056F586BD6EF
:109EE0001A1D0F0C266B41F388F2D20A83988982DF
:109EF000291E85976A7AC4BDF82E50C8C0A6A01C3A
:109F000061D8F40D40EFFFF364C4941BC356C1BE87
:109F10007A04DA58BF672FD1E8475DE291A13F5438
:109F20008BBFC8461E41C4F1088421084CCE14637F
:109F30001809DFFFA2AFFFFFFFF5FFFFEF94482AEC
:109F400012748B4F752F099D2A6625AC340AFF4980
:109F500050584AA78754F221AE0AD542AEBBAB3562
:109F60004E9CACB4624B07097A65C09070C1A518CD
:109F7000A53EB6337DA6134B181F59653E2F7D3A7B
:109F8000764DB476DB761B93779DA05B321E52FD37
:109F9000DF2EA3DBE990FFF364C4A81B0AC24C3296
:109FA000C84514E5CA4E18FB0A7D63CF5B6A285D7D
:109FB0006B72D40C2442144BF8C71D8B0A1F9F4BA5
:109FC000586B2666E52C6C075BB62100030A0D0270
:109FD0009818624689818F8E8068E3F01970400678
:109FE000321801850240679103A09C0CF6310200F3
:109FF00040E3058C0C76480DAC090082E57CE93E17
:10A0000089BA02141471711141ABFA6A6A66E32EBF
:10A01000401CBA2CC23BF989F2E1072FA9322E432A
:10A02000042E430F9386FFF364C4BE12B8323C552E
:10A030004F1000DFF740AE709C200398441C88133B
:10A04000E43C42619A199510735FFFA9D3FD345324
:10A050002FA1FACB8DFFFE5F3741374DCD0E114357
:10A0600043E6081BA6572489E2A16CE9448B9203BE
:10A070005C9A2006E5F27895FFFFEDA6E60686E7F6
:10A080000B87D903664D8C0D09C5936551972D97A4
:10A090008B833A4E8CF10C20E811A3D13C479C1CD9
:10A0A000C10783778E70372041829511989A550D9C
:10A0B0003CCA537FF5F6FFF364C4F63B8C3A54D1A7
:10A0C0009BA800C9FFF6B9AEC373C0D9478209B3D4
:10A0D0002C60389C40A01296A2B5EE3634C24A06D7
:10A0E000051B8775B749681BE91D4916512E491292
:10A0F000270D8D8C543F0E31081F4394499F923A8F
:10A100008A427232CA7A8DCD589E2782583BCA65E0
:10A11000E331351E4E3D87205BC963448CD2336CDE
:10A12000932A1E8401844D8E94C913889698A2ABFD
:10A130002494D1E5F29938691EC3A9044BCA06DFFD
:10A14000FFFFFBD34934FFF364C48A318C12CA5F2A
:10A15000DA6803D240C1B67BACC893314545F53AC5
:10A160000E898A8C1A9AD4D64CBF41969A0C9A0AB8
:10A170009A2B40C0D5D479D15A4B522FFFFF41536F
:10A18000176B6B372E99A9377344CD881CE9622A67
:10A19000100801175A03803FFE672AD825E34211B1
:10A1A000960C52293652ECC6E2F8567697519F0F1C
:10A1B00018E0283AC58E250E907C05E8D7A5BE0884
:10A1C00036E69555330E2A7D03E0E7FE87AE9D0403
:10A1D0000514A4F9C5EAFFF364C4461CA1F6965C15
:10A1E000DA0ACC8A22E66A125FDD194841E8C81C07
:10A1F00027FFFE640EFAE5322706C6859BAD61F0A7
:10A2000089D1600822492193FFF6688A6121396A61
:10A2100020001EF4063FF59CC4DC10100E241442EE
:10A22000AC7457F0042E230433C9CB8FA01010DB7D
:10A230006A0D40008F2C2808B0D45A5398625AB641
:10A24000B5EB7F79D6B5BCFFBD65AD8D63EE37EC60
:10A250008BB43D3E0F7678706B0FDE1CE8647F7B1D
:10A26000C29E34CFD170FFF364C4562713CA899AB3
:10A27000DBCADC2D9D7D7972E6793ACED04CE92897
:10A2800075FF6948CAB511189028FA7EC9FEAFE378
:10A290003A3FC715861FE5435BCECAB3656950D206
:10A2A000F461141DE8191C2E6D58A1BFFF37438CB3
:10A2B0001F1CE0D1E6B0E1E47A2A01EC00F85FFF70
:10A2C000B9B91A3B80404C0CE8D16F8F55C848296A
:10A2D0005BDA6446D286A4F03450428A710FA0271C
:10A2E000D625375A8B6E2A97AB4A953BFA304F4D9D
:10A2F000308D95A7285EFFF364C43C2383DE845C25
:10A30000DA450C5A44F8808D840C47C0E92878342B
:10A31000D4E34AA29618636828A08518E27AB18B24
:10A320006296ED0C6731BE8F656E6290519C09CCD0
:10A33000BCC6549BF97E52B431FAB25CC6FF43F5F9
:10A3400074339BFFFED9BA94ADF56FFFFCACAC99AA
:10A35000436421436E00FD670A1F875F691CC1517A
:10A3600013F2938AF22982C0A7C1AC68AF3B2529BA
:10A3700055292D27C976A72ADD725B8C324ABA7619
:10A38000F5B199ECB36EFFF364C4311CA9166456A1
:10A39000CBC674A08758051A1AB1AB10FC7E1ACC34
:10A3A000E0522A263C250D055674B0154481A1EED5
:10A3B000779109018AAEA1E5622D0FFEA356CAF07E
:10A3C000E963C443658F6B2582D3A4858EAC157376
:10A3D0000441DFFF458CCA99980055F89EE3449BE1
:10A3E0007D1EAA02014917542CD46D5590B124D07A
:10A3F000B3321210B1A429351B8A144B35ACDDD60B
:10A400004FA5E7AFA959EEB619EDF57AA258E3A129
:10A41000A542022877D4FFF364C44119C9462C0031
:10A42000CA4674C756EBD22CF79816D95E463DD66D
:10A430006552EB48EF64F04FA9259F2AB055DA1911
:10A4400057BBB42AD3D4DB63082A00B53AEEEAAA94
:10A450001F0C1551551D1EA42D269AC73246F4AA6D
:10A460006093482D0514A84EA4AD06DEC734EA1C3F
:10A47000FA90F7694A1BBD841DBC755C5D6D15A71C
:10A48000E8562EE775A26684293B1096EE256ADC15
:10A49000D4A96B1D52954B280652BC8A4DD1C7C515
:10A4A000524DBD74F30FFFF364C45C1380123A3451
:10A4B0001084006FEFCCD0B97CA99EDC2584725E3D
:10A4C000F7BEA647B2F0BDF5BE7D25DB3BF57F3379
:10A4D0005A9C8AD34242284857CDE370CFF934289A
:10A4E0005FA7294A44D69736E3DDEBCAEAB3FF23D8
:10A4F000F622730450A535A4677F5390E1F69EE7DA
:10A5000082DB5B5BE42DF323A50CBBF0B395045415
:10A510005F20FA00C3104091006101FEDDC801C850
:10A520007130886FB999B06C66E1E1B45EA6945B56
:10A53000EB8051998E42FFF364C4911B64161C0199
:10A5400048180166556E1EF280D8182702E1B50A38
:10A55000500C541F0034544E00C4A8AFF0180282AF
:10A5600053228570319A4940C538120309C07005DD
:10A5700000BFC9C5BACDC0C0581301A00E20212C00
:10A58000329FBB534E1B506A8208488C785D5FF245
:10A59000206EC33699130F9C6340A00600E0280686
:10A5A0000580709F032200D017FF93E98D0384E19B
:10A5B000305C34300120540C1380B0020681F0115D
:10A5C00010300E004313FFF364C4A635A32A657B45
:10A5D0009CB00092616F9FFE89B9A6E85693202334
:10A5E0004260BE4C35455301FC4EE3B7FFFF43FFCD
:10A5F000DC892CAE78DD044DCBEF4D23467FFFFB8D
:10A6000065C3018AE0003FE67241BFFF615246B771
:10A61000AE9705C5962EAADE1DCAF657B2A90C83C1
:10A62000CC2F44B1B1387A05A001A63C48C603D06E
:10A6300088314A1A666412929965F2F9A3D14D34B1
:10A6400094B59E29991D343E92934924D13C5D1CBA
:10A6500063807992A710FFF364C45224D322D59764
:10A66000CF680364D9D37A683ACE99A0411944B12E
:10A67000F2EAD994A526A636A3E820A9D98A994E4C
:10A680009FFF55248FD4D44C924996A45053F53A49
:10A69000D94EFA4EB45EAABFF649D99D23A89F3C75
:10A6A0007458E2F96AA9B6047E5A4B7BA2F8CE022E
:10A6B000312D6BB174086AC6FE1ACBAAA71F0B9086
:10A6C00085289F7B434F1D33396DA90F8BFD0802F1
:10A6D000042B30E0687D86367EEDDF7E66A84CCDAB
:10A6E00068B2F3735FDEFFF364C4411B99F6DE3694
:10A6F00093C65A2FE80204CCC8ADF914EFFB7913C6
:10A700000981C9953BE91828C3B77B010112CC5ACE
:10A71000188BBE48419EA4F95FFF9C2D429FF5C453
:10A72000F58998156E463973F84003C438AC022990
:10A730006BC5F88D9F5062F05965E25E1D292C9221
:10A740006987B02803CD4C670E5F288F6CCCB1D0E1
:10A750006FE5167E167F215B810595F9BCDF0489C4
:10A76000C10DEBFFD1EC9399F8B53776F5F9D7DD4C
:10A77000BDBF645D088EFFF364C4551C941ED636BD
:10A78000814567CD223EBB7D7A1114961643B321D5
:10A79000CB9C6B7FC9CE744BAE5F7FF6A1EE20A53C
:10A7A0005581920B20B4DCD3C4A81752A274450C77
:10A7B0002737E3246440EDF192021B913FA97517FE
:10A7C0008F379D1BC3F6BAFA450D73835E054B9216
:10A7D000321E32C47E2826CC2C29D4611B1204A63A
:10A7E0001E3BF7766CA6F45427114F2FF2687102C6
:10A7F00031D85DB513140FA1252FAAA72CE87AB67E
:10A800008D64E9B32188FFF364C465205B7ECA16BA
:10A8100093CA9B7E46B7F4F7FE5F937576573AD09E
:10A820005341CE3D986F6707176202096DADBB4A71
:10A83000E16602482E5975DB09C1CF6D6209CC0A69
:10A84000658CFCBD15E58D7DB0A7551A6D83A153B0
:10A85000FECA118C8F241AA5DD0A8350143E321CC7
:10A86000D3DEF9A44F8964C60B38212A1B17580C74
:10A870009064E8604A245895DEB0A861A502E935E5
:10A8800012BD28380824DB9622053F86BFF69C407F
:10A890008031D70EA711FFF364C4661CF92ECE36A3
:10A8A00053D034A69012405236A841D2B62CC4B828
:10A8B00031D880226400CEB73FD59C457809246703
:10A8C000FEAAD05A386ED656966381A395C1A84089
:10A8D00032A05858FB9F5156AE94A1E4265036053D
:10A8E000C228A190F07185BD39242BCEAE92F6D747
:10A8F000D9DD4A0952532F4AB69FFD7631D2E6760A
:10A90000ECC4FB16BCAF95A6544AB1ADFFFFB72B04
:10A910006DD9595AC94AB7FFFFFFABBA73F635254F
:10A9200047FFA2026D1AFFF364C4751D741EC6565C
:10A930007A04D921C43197D18BF2D934A059E82FA8
:10A94000108526AD20E5314C061BF82AD4EA1D9A65
:10A95000C2349144EDD395AC680468CEFE4D359F6A
:10A96000CD72DBB2526A2D795540A63BD6D57FE930
:10A97000F0E0F098583A0FA470A8500F3F674B4B87
:10A980009640DC58895109D9F43C50A8BFFA9C186C
:10A990004CB43027039F3E6FEBFFC440B27A1BE5F7
:10A9A0001CB108082A754F22D002F6964AE49F7F10
:10A9B000ADA74A80999BFFF364C4821CF93AC25642
:10A9C0002BCC389E4359221047B0C80EAE3F91524F
:10A9D0000CAF6C68C33B950E4BB9B915251D9F6D27
:10A9E0007E162E18F2335118EED062070010D33ABB
:10A9F0002A5749FA96FECAC7233CE5A7537757FF63
:10AA00000CC54562DFCDF2F929226EA6D5D721C744
:10AA1000439C72D2B5757429FFFFED66FFFFF4EA1F
:10AA2000C69282428B824AB7C64254167FFF5DE4CB
:10AA3000BC1128C010A9D8C4DBFEEDC6E3AB1DCC09
:10AA40007F229C9AC038FFF364C4911D0416C65E31
:10AA50006A049D9D49D6768B93A3D9DDAE9A36E7DD
:10AA60003C42A941B0D9431FD5CFC21FF85CD7D70C
:10AA70002A993881C920878D6CA1105159B6722A44
:10AA80002FCB5FD37613140CCAE957A7FF2CA5FF71
:10AA9000FFFFDFFED37337FD77FD4FFFA993CFFF95
:10AAA0003FF56DE8E702178EE736D85541BC818047
:10AAB0001FFFFFC26A642D9504C2354D4DDAAA2AE4
:10AAC00016200C70F4EDAB42B86D1A62D0C6CCF90A
:10AAD0005D2B09FC9C55FFF364C4A01D4C06A8E443
:10AAE000CA44D9DBFF999CF701E5B0E67C16A84281
:10AAF000A23CFCD12113990419C82C2958D16121F9
:10AB000070CD3497FBF467FFFF5471A8E536F7FF6B
:10AB1000F6422BFFEBFFFFFFFFFFFFFFFFFFAB271F
:10AB2000FFFA3E8A41E398E918F5D53045E01A521C
:10AB3000A5D6C9A931FC38925EEA54C4C404E07BAE
:10AB4000854F3843801143D61D894BD0D508F44634
:10AB50000A0F26674E44A2EAE308BF79A7608593EF
:10AB6000F0A04E203B8BFFF364C4AD1C5412B5061D
:10AB7000C3CAD138180440B4AE7D3350C4EF3AB1E3
:10AB8000D10CB83FEA0E8958B0D00819FDA08A4907
:10AB900072AF51FC4F392800863FFD4BF86B891E80
:10ABA00028EA3FE0D29A040755100209D1ADD88FA8
:10ABB0003EC94A63AC0A6093AD54AA2F1182C654B1
:10ABC000A48A2898AC99222AEB5A05519C118EB47C
:10ABD0005E4D8D52C8A89FF539A81528BFF85D5164
:10ABE000B08F332CDD6F515E8A888301D3E631BF8D
:10ABF000FFE86298D5E4FFF364C4BE1C1196C596C5
:10AC000093070A54FFE976720E6123186C859069E8
:10AC1000D49628F19AA4175BBE2550B3BD3D6E981B
:10AC2000017FF58A1B3046A01535B1BFFC57E9CC32
:10AC300099A3B8EE3AA78BFF8354F37A86BAF8DC6F
:10AC40001283E16B9FFD69BFD891507400261DB43B
:10AC5000DF943D52E156B5AFD7F955FE1A85C70BC3
:10AC60001D37C7F8E7DBFFFFC39607544038A0AC99
:10AC700086C86565FFE52B19595AD472EE5A3FF51F
:10AC8000AEAD4339AA5FFFF364C4D01BC262BE36C7
:10AC900092CB66D6FAFFE82B7437FFFE9D50730106
:10ACA000DFFC151417083D00A50C7197B5A95B4C86
:10ACB000260E6A2D9C84E61969A60AE9650D4CA842
:10ACC0001669100C053E13FD3227DDC63F699EB1A3
:10ACD00017B434DAAC911700265584EF2493515100
:10ACE000A566CC63275C301010A319DCDA011CA523
:10ACF00055FE676D0D4DE614672B1AEC5E1808A81B
:10AD00006A3A73FF56FAAF2AEFFDD8EE886250CD4B
:10AD1000294857CCA52EFFF364C4E41D33B6B19E79
:10AD20007A04FEE5FF294BA94ADFFFE52AB954A1C1
:10AD30004499FFFFF576CB3051219D101D0C24AABC
:10AD400018724206C5D2F172282B0B4734C448F55D
:10AD50007EFFBE0E0B2786E6250EE47E1B6BF248B7
:10AD60002DA2B526F1AFA682B0402AFCB706D39932
:10AD70004A9E4BA1730C9F9C782569B5F47B538444
:10AD80003B32353C84ACF4609A3D317BC3871F7EF7
:10AD9000FB96F0E3CF888AB9D48B94B09A2ED4CAAC
:10ADA0008432686FED48FFF364C4F221B43A4C1466
:10ADB000D2449C8D8A07778EA4707F19E69FEF3F5F
:10ADC000F815E4B3DC81D2C393CC2CF7E2E3FE3F69
:10ADD000FF9AAFF212378F842290C474587FA8BFB5
:10ADE000831077FD0EFAE05E34D26FDFDEFEFEA246
:10ADF000BF933AB30C9B174326051052714AD332C6
:10AE00002883CB63084068028366C1F11CB1864881
:10AE10001ABC4D4A6017A349322E2CACAC50623E8E
:10AE2000B675BAE62D613E66DC18B956AB62D13C08
:10AE3000CE4A45C5CD5AFFF364C4EE31FC324032F0
:10AE4000C3D13586CD055ACB5C6756B7DFC427BA68
:10AE5000F5AD758FED6B7AD7FF8B63D6B16BEBFFDA
:10AE6000841D0E2CEAC345434C3B4370082A74AB47
:10AE7000B12D75076F509751EC59F1102A1AF9E767
:10AE8000F96055CCADDB567692D7329CB674EDA8FE
:10AE9000128D220AD54174D70C68C0F63B0D26B23C
:10AEA000766167585FB68FA8388BD9489F6509903F
:10AEB0009E42CAE9A692D4C9813620A0B9C4E766E9
:10AEC0005A9152740984FFF364C4A91DC95E5815D0
:10AED0004F78004DCE1829CDCF2949D24D4C828DC7
:10AEE000525591A092EC9B320B730344DABBAD3404
:10AEF00050A69A27934FA5388350634D69BAFAD369
:10AF0000376AD9CC9AA4D915549BBFE60689519FBC
:10AF100030363F40BB4293BB25BA271D4926AA9431
:10AF2000F9B9BE6068A410520869A925EB4BA17459
:10AF3000516B9BBD9F305AD17A9177418CE64C750D
:10AF40007E9BB171A4110ACCD45C34B266EA278C22
:10AF50001A10191C91B7FFF364C4B42ADC3A3435D3
:10AF60008C88001138913FE8573C9588615020EA61
:10AF70002B4C033C464EC0DE662F130C6609100FA7
:10AF80000A0D5A065200684068039A26D004C01A77
:10AF90008C0763074C03DE1C10FB48D447A4B12C7C
:10AFA0003409C1641A97C0B205C21FB87D5222E2AB
:10AFB000CF40B8469A97CDCCCBE90B84E926E58201
:10AFC000C96888991102284C53A6F5938B24D67D25
:10AFD000336283C962E94CC1D90305AC98271D4986
:10AFE000B19BA640C839FFF364C48B355C329DBD6C
:10AFF00098980338EB55462C5E5FFF9385451E6598
:10B00000DAEA299551AAAECB43FFFCDD22F1A3A0D9
:10B01000A3459B168AEB5296EEBAE91B1D64DDD45C
:10B02000E9FFFFFEDB5D04D6EA4102E1897CBE70E8
:10B03000B85B410FFA4D3AE6293A47C9A4B54082B8
:10B0400035B5AB7FEE536317D8B9C69B0A60E345AD
:10B0500092010323F32EB55DB81A10D2BB8CD8CA67
:10B06000EE72B1117839DC3891951993C5D7310F4B
:10B07000D0C28E3924E8FFF364C4382A2C1E951BF5
:10B08000DB80018C432310662A1AACE9A87F45595E
:10B0900078D56B51AA8584DABAD340870921A29C5E
:10B0A000C0F97C7400FC0601C474E99BB1B0B02106
:10B0B000B5CC08B89C1DD4831A2CA86EFFA2A75A41
:10B0C000AF2E9F4FFFFA1FEDFD6FFD90453BB23550
:10B0D0009BA1490329BA8F199BD274BDFFFBA55AC6
:10B0E00053AE9B5487FFFFD7FFA0E61498C9331ACD
:10B0F000CF990C62880418AEEA8BFFF5DBDDA99EC0
:10B1000012B4515BB97EFFF364C41221342EC25CC9
:10B11000C3CB0E37B3DD62FF84233B5BFFD3C29307
:10B1200048750CCB1F7E62D2DC1FC432D6FF3D7245
:10B1300023A79D73789AD9BA0CA2F0F2BFE705F85D
:10B14000D38FF7FEB6FC440103BEF98EFF88880A50
:10B150005D333B7E8FD55C68A8937FFFFF529FE8ED
:10B160008FFCC8A8A38AF5D4D762ABA9BFFFFF495B
:10B170005CE7492F46FD7FF5FFCEC394A711123936
:10B180004380732082A28C3411B7EF6CB6C9FE7F66
:10B19000C7C08204A555FFF364C410207C1AD25E98
:10B1A0007B4B4B16D4FEE7408CC9F7F5E522082906
:10B1B0008AE5585AF104FE25BF96351AC4DACE3115
:10B1C0009B7405167555404F814B3345D3E750F5B9
:10B1D000A30FC4F01C5885755080AD6C694011EB0D
:10B1E000FFFBB2A94E620F08801F95BFB2EDA50408
:10B1F000873BF5A7F743AAAD0CDDCC2DD66D5FFFDD
:10B20000FFB96C8EFB3FFFB7F4BFDC6AA14A60EA6E
:10B21000905931EACF8C141AD77D2396B7A4CE6902
:10B220003401AC1648DAFFF364C4111C81FACA5E1B
:10B230006BCA9ED9B855263516AFF4C71C3D1D63A1
:10B240003D62AF1DA7C49C9932DB5EA9F34C7AC95D
:10B250002EBEF1486738D87786EA6290E31F88EA05
:10B26000E71FE5FF008CC924C1C1FC920C14033F09
:10B27000FFFFA307071C57FCD6B5153E1808877AB1
:10B2800004465464FD37A3BCE7FB55FFFEA5C98502
:10B2900041968B8F0804A349471B5E8A8A83D80C8A
:10B2A000C9C4A8BCEF674C98221AEE2EE0323C5479
:10B2B000A79F3D895BD2FFF364C4221C1B56AD1EC1
:10B2C00093C45E58BACE1E303813B4250ABC179109
:10B2D00059C12B30C43A322958922B97FFD9551EA9
:10B2E00052FDCA5987982911ADDBFC39429CE70E03
:10B2F000EBFFF6FE5575776C9E8DFB1ADBEDFFFAC2
:10B30000317DC41390989FFFF0C343C349C721B751
:10B31000A54A8402184E592FFF6FFCEFE6FA33005E
:10B32000335B5D658676E512ECF29E5C8CD54281DE
:10B3300069B4E7987AFC11478B598410AD55EED467
:10B34000D0865D3B26E9FFF364C4341CD3DAB65ED5
:10B35000C204D155774BB2FCEAE4BF5FEA88EA8ABF
:10B36000C97E763E4830E7108107504447BB97FFBF
:10B37000FEBB9B27D288445B02EEDAB7FFFDB31118
:10B380009C3B5DBFFFFFF3BE930A0E263A0B44645D
:10B390001383AA801600CE5B7DB6DDADDCDC782899
:10B3A000A074605D72820056D8179F7231003951C7
:10B3B0006E8008A20C67D052A742B3AD343DA152B3
:10B3C00014E493491A145B0B2B3BBB748C8F056000
:10B3D000F0959F3B3577FFF364C4431C9C06B65E33
:10B3E000C0CAD52FE7DAA9915452514DDBDBFFFFDC
:10B3F0002E5EBFD8ED799CA54CF76FFEB725A5232F
:10B400002333D77FFFFFFAA12B519B95095646188E
:10B41000E7F395B87156AC5EE3DA211879CA95A8BE
:10B42000242E58F4A792BD8D5992A95A192614ECCE
:10B43000365EF4C6070F7A0E47E349DB5A288F249D
:10B440009D22D4EEDA8CBE6B6BDB6D977B2CCCF33C
:10B450005D3990798A8EF73BE4DC73B6AD96DF2ACE
:10B460004AE244407102FFF364C4531D23FA90F48E
:10B47000D98AD58A2FFFFFFAB23FBA5B56FFFFFE8B
:10B48000BEC5959EC2E763114CD5FFFFFE5D75AF4B
:10B490006AE58C13A58780BDC6DCADBFE77043BAF3
:10B4A000274261B8DA6618A67F7A0C19147482E80C
:10B4B000ABA80D77D1D24934D7BA433EC18342916C
:10B4C000EF44733C6349D158FCCBAA1E51F6FFA34D
:10B4D0009C90F8F141A0381C4988E20D2109CFD693
:10B4E000DF5B898B3890A036247729A545C0E4F826
:10B4F00034FC97E8ABE9FFF364C4611BA9E6BD9E89
:10B50000C18ACE53E725D9FFA2B07C68FFD662B8C6
:10B51000BA4020547ED38D3E771E8E3DD3965FA5D4
:10B520002E546A6DF95B46B1A06CA5ED213A5963C2
:10B530008CA81885D57FB213DF3700DA4DA8ACB2DE
:10B54000CB48D4ECB1AD42535EC5FB137FFFA901DC
:10B550003CD280A0E551060BEA4328675B516DFCA5
:10B56000CAA903BE8ECE867209B7CD642AA870FC24
:10B57000E4FFFF8AFFF244493FFF65626170EB4FD1
:10B58000FFCCCB554820FFF364C4751C8A4EB1B67E
:10B59000C314E61491829C91F3F1EA7239D02D3BE9
:10B5A000FCA97BBD4D86189DA709A84B44BB3EB89E
:10B5B0007F124AF865D1415FC67B1C9B52A115F9E9
:10B5C0006167CDF19F062DE67E6F2FFFCEC4182058
:10B5D0001CD0A2A6A36C87BA1889FB6DA312CAB3AC
:10B5E0002BDE9B99D5D0C40E1D8C46469FFFFFFFD6
:10B5F00056D5AFFE46E1DCCC40ADD1A84FFFFBA352
:10B60000330E6E95621049775A4B97CB9C57055471
:10B61000471D26453A25FFF364C4851CA3BEB9BE69
:10B62000C3C4967C11CA3CF3552910B7F2D440EE3E
:10B63000FD585F07D9C6C12B082A1193F5C9A0642C
:10B640004D76538D9337CD7DED0FAFC9DEB603A791
:10B65000B9FFA9E675D6843DA4CCC4BBFB29E9E5B6
:10B660003A17DD55B2FEFB1951D811C514D0A1739C
:10B67000F883FFBFCF75064A19A7F9C7856867FF2A
:10B680002E0290009FD6819B6FE0C428AA19929148
:10B69000CDE6B36E64CAC7F4CC97FF35D8EA7CEA2E
:10B6A000C47123443442FFF364C4951BFA5AD65E36
:10B6B0007985464AFF6012D71E03B5622533495F7C
:10B6C000B5627976411D06F4F4E73C9403F37A738E
:10B6D00013955DB57E9E9FFFFFF7CCEC698C5556A8
:10B6E0002DA5F7FFFFF9F93DA8453BB1CF310891F2
:10B6F000018870A85731BFFFDFFD5DBFDCFFF83761
:10B7000088010A814D2BFFACC91A62B723C8AE0469
:10B710009A3349BB408204A6C69AF384A4A6F9765C
:10B720006192F774D759CC191B877D3DA4D47398C7
:10B730002972E89DB794FFF364C4A81C842AC65EEE
:10B740006E045C3D5EDEB51BCB0FF9FFEE1524D811
:10B750006EC548CEAA18211299D8A095D06BE2B335
:10B7600078DCC4B8444AB2957AFBA763DF23D09B48
:10B77000F3BD1FAB74A90634D6D7FFFFCFAEB9CE49
:10B780008598E730D8E8E3BA9A9765376D0E3BFFA6
:10B79000FF83240CA90149B519A753D896A35DEBE3
:10B7A000C840A944998A0696723409B26EEA00012B
:10B7B0001027543DA9289012F400219ABD4222433B
:10B7C0008254511CA1A5FFF364C4B928143AA99668
:10B7D000C9D3980660CF6C4AE5BB34D9D2DC9767F1
:10B7E00061587C5CD394448F8A984E02A0D250B9A1
:10B7F000416494561F8D4451725A1D227B9092C809
:10B8000087C4C6A28C4B669AD9C77F2A6BB4D35A19
:10B810006A1ADFD4D639D1D0EA67737FFEC79B3965
:10B82000CD223C94EB68FFFFFF3D283E7D4D6D75BA
:10B8300066453950EEA6AFFFFFF37D756A35590EA8
:10B840003899C1A65D582B99A44C0E0C4E49A4D929
:10B85000D1CDCCE00458FFF364C49B22FBF2A1F7E6
:10B8600059500037751332285716408C371ECC3983
:10B87000028C2813C280A98482E88005312C2430F0
:10B880002C07050A82203C2AA105CD42C787C49611
:10B8900016129108541DC6E686E5B2CBA47CE98851
:10B8A0008343EA562F28C8D8D1CF56A361B25E1978
:10B8B00031FC5C2552F1593528BCB44D4E17A50218
:10B8C0002445CBE5A3AB2E95CC4AA5C322F26997BC
:10B8D000C719185A2D3A3517532E974C53459EFDCC
:10B8E000D64E5CD95334FFF364C49233842A5C117E
:10B8F0009D98004C75D4B676FF6ADA5F3742F568DA
:10B900001A3FF26568D2456EAFAD2BB6DF4DD04D14
:10B910003B329242F7FF5BAD14CD4E2270D8C92462
:10B920003FFD6EABBF740DDE837A1B502FAD0992C5
:10B930006935D6CB5EB35518C846220D92AC160BAE
:10B94000906CF1F412F2709C57E12C4B4EB33273B1
:10B95000A0C82D2F342B371B73AE1FD4261E2D4DA0
:10B960004643617263E5C690C870F927CE39721CF0
:10B9700091470AD72825FFF364C4472F0BBEDA5F2F
:10B980008F5803A84A3A511D32E17241307804457C
:10B990008110AA8F283B0965FFEC54D00C1B80EC6A
:10B9A000419A15163C84209642F6BCE6595535FF5F
:10B9B0003BD9B25F499F262D0A2A7E5A6EB9D3B170
:10B9C0001BF8F98E68E792C9E3E319068686EFCE85
:10B9D0006DB7ECA65699F38C7D329CEFA757EFF824
:10B9E000FFD95FFFFFFFF49DBDEAEC3BCDAEE2CE99
:10B9F000B9031810AA53DFAD2A80555555668B98A8
:10BA0000505A9155C500FFF364C40D1E5122D31D39
:10BA1000D148000320A270E10F0F8C69A94A5A6E29
:10BA2000E92945C6B6308199ECA5384E6A8260395D
:10BA3000F1402E84B2FAE3AEF5BF594A3F35B7B2B2
:10BA4000BE4146F922AB72A09078B38292C55644AB
:10BA50007A03582C3C322AE9D50335379E83478D2B
:10BA6000B9EB2DA1E792D0167F8C244A2371E76BA6
:10BA7000774FD2443B2A217280A4A02619B9856A47
:10BA80008042294C4600E7E1763232706B328B2ED1
:10BA9000153CD9821266FFF364C416216AF6AA4CDB
:10BAA000C9472C5DD76B29634F9ABDFCAAFE4B3B5F
:10BAB000AA682DAC4397B7296E6A0920E103C71124
:10BAC00031F32C54A532A0D5CCE36AA243C2175F50
:10BAD0005D257636BAC9525777C3667E4C7DF4F73A
:10BAE000D725BD26FD1F23D98FFFFCA43ED263E6D8
:10BAF0004B87229BA393156476ECFF943079C79A09
:10BB000044B99FFBDDD62004031B56C0903000745F
:10BB10000A1A5DC001532A444A80A38E586AEB1A60
:10BB200039916E679EB1FFF364C4131C6AB6B65EAA
:10BB3000C3CA90864789621FBC2265AA7FDB865AEA
:10BB4000A35F4C4AE321E6B347D38137530B0A5630
:10BB5000242CCD4D3694A8D440F0744811990CEDA6
:10BB6000DBD3C9D0707DCEB9EE462D76A915CFAD09
:10BB70005ED4BFFFFFFFA22AABA0E1014303D9853A
:10BB80008C87776FA7FAF59E3E215254E74FC3A9E1
:10BB9000164A63001C9A2BAC4A0252532A4434279B
:10BBA000A365D6AC0229003CCF85DF6E17CEBFC59A
:10BBB0008B311755D35BFFF364C4241CAAB6BEFEB9
:10BBC00093D470B140271BF583419CD2A2C36883F4
:10BBD00012FD10B922684446CB34624A05A21FD533
:10BBE0001BA3B79C79863229AC3F7AA9C8C9D478FF
:10BBF000EAEE73FA5DBFFFFFFFE974A30FD032B026
:10BC00006F185996FFFFA0BA074E2D0B498AEC1CFE
:10BC10003755A0014C2A4859027F5CC3367864AA84
:10BC20000E515276C4C2085CD7725796A862341778
:10BC3000EE381E501F8EF36600926CF54FC168E51A
:10BC4000667EC295AF98FFF364C4341CDB92AE5C91
:10BC5000C2C4BCCD5DFDD237FD4B7FE0F0211FFBA0
:10BC6000760ADDC337AB2B7AB3F720AF40A27FFA59
:10BC70007FFE9FFD151FB7982BE47634EF98CFEA2F
:10BC800027EA6FA94BFFCCB47CA18CD964EDF244B8
:10BC900082B34A59DF71C6A4FFFCF314E86A68BC9A
:10BCA0007A761BB60C382400800CAA3ED37BB2A750
:10BCB000608266FA2F93D40AC330CBDECB54623D48
:10BCC00091182044B51CDAB822850DCA06FD599199
:10BCD000EB6EBEED462CFFF364C4431CBBF29C5ECE
:10BCE000C98478C44DF42BEBF7759FEB9ED76B4C52
:10BCF000FD0C632E8F6B14CEC8AB7BEC9AFFD7FF85
:10BD0000F9D194CCB4A6A8AA4F6CA97D127347D3DD
:10BD100069FA530BFFF3C213065A034E02C8707838
:10BD200066A1B2A07607DEFAF3613856FD3F66E9F8
:10BD3000F67BE8AA28579FDFF6027BF96750802040
:10BD40009BE84212B9327455398B0F8118C4646371
:10BD5000E4FB264B5195BA070847751E5309BDDB16
:10BD6000FFFAA51AB7FFFFF364C4531C8BF6ACAA05
:10BD7000930A5DFFF6757FF46DD97FFFFFFE4DC816
:10BD8000A5726E94EF9F232547B3A8E4E1E3FA8CF4
:10BD9000F119AA00CE02DFE0BEE8802849D5194C8F
:10BDA0008DC1A8800BA39C9A2C6E620822058E4937
:10BDB000A093E361AA42C246404BE5E7A2C4C25F3A
:10BDC0002513FA80C46F20F7F90E8466A4C0F1B77A
:10BDD0003C6A3E7F8635917D3256ABFE97591A9A62
:10BDE000970DB0EBEF9BAF986277BDC295334C3F98
:10BDF000FFFFFFFFA34FFFF364C4631B1A2ABD9428
:10BE0000995764B81A715011E10C445575AC14512E
:10BE100066C84B6E4B757CB246D21D59F91706A900
:10BE200019FDB3B6D1B8E1FCFE88A2FEB7F3ADB6FA
:10BE300096D4BAFA3E22B13C5D875074522FF22953
:10BE4000942ABBEC4132B267FFA29DF52B3FFEC99D
:10BE5000DEF9AEC7EAC59E8DB375D7CBA3FFA7FEAB
:10BE6000F6563325190A1C6E52A3F5FFFFF61DF195
:10BE70008EDD7FFFFFFFA8A0D709781378C031803F
:10BE80004AC44B4DCFFDFFF364C4791C440ADE5E07
:10BE90005BCA9BB3AEBA0B35FD6ED46F3B4272BF2B
:10BEA00018DE45D95BAC566BEF043FFD4BA9490842
:10BEB0005656DEBF4A62677F121C084484A084B7CE
:10BEC000769615BFDFF748210DBDD704BF28DFAB3D
:10BED000B7D5BFBB6950A19B54475F97B6DABB5F2C
:10BEE000FFDBD5987B90A4437F6D5FFD7FFA77EEF3
:10BEF0009EBAEFF6FFFFEA73DCD8721020253240BD
:10BF00007644CA49CEEC66C4D8311C92E2E82639A0
:10BF100000F4D2A5AA09FFF364C48B1CA432C59E09
:10BF20007A4566FC1173FAD60C0867A23A463502C8
:10BF30005D1E23A293F1FFF81EAAE25ACDE19DB542
:10BF40001DF6A0D0FAFF60984CDAD3303E624A1B4F
:10BF50003C5D7F2341AA3B670D6A1BA95D5D40A93B
:10BF6000635EB79659151F310D9EE43A3154C227CE
:10BF7000483CDBF91E2BFF58949489D05CAAACC4D2
:10BF800026FB5D96DDE6736F660C44A2787956D386
:10BF9000164C999DB7F3648035FD4DF3C12C752384
:10BFA00053AA504A3BEAFFF364C49B1CA98AC19E72
:10BFB00083D0D20348FCD1E76E42013FEADF52BA98
:10BFC0003A96818DEA81CAD4BB18DFFDD6ADA3A90C
:10BFD0000C56F4FCDD29BF4F95FEA54294ACAC9DF8
:10BFE000BACC66E6595AB56323F3294A9295BFFF46
:10BFF000FFFD5FFF5FEA0301DC52CB68D7CD4FB492
:10C0000091018794B0CC5C648D41FC394A576B2513
:10C01000B8A14FAA10E7E6497E51A8514DCAE4E9FC
:10C02000FCECC96EDE3DBE078CEA75752FACD57F82
:10C0300056FEFAE4A5EAFFF364C4AB1AFC32DE3E16
:10C0400061C50ACD5119B285FFF93295082A933599
:10C05000FFC30AEB6C15DF7DFFC2C9FE51ECCDD0EA
:10C060004C729BBDFFD9316C5709E37876ED29B747
:10C07000F14849055F2FFE2A148234D89DC5C26A53
:10C08000FE1F76C64401890082563B3F30FD3C2CA2
:10C0900047966230EBEB097FADC65A4B7ACA6046D1
:10C0A000BCDC59AB5A1F0BBA777E0C9336FB76EF8C
:10C0B000DCAEBCC6E55B94A028251E43AFBA15A92B
:10C0C00054020330F497FFF364C4C21CC9CE7C5EF3
:10C0D000C3C659EAECFF2BAB462C267C26C8B21D02
:10C0E0008347AF3DDAE627F559A6CA53AFBA0AB37C
:10C0F000F8D2C12FCDC23C12241560C5B6E5F3E3DA
:10C100001E7CEAFBCFD32B9E4CFF62154CBAC45564
:10C1100009373FCCBE6D9C3C473F3942EA593662F5
:10C12000E832121E9F3556781B6FFCE4111DA0A249
:10C130000C5A22256149E4F6677516D03B7C8309C9
:10C14000629B38A410ACF1E929FA351B4FBD1F944E
:10C150003BD05596ABE1FFF364C4D11A319A340851
:10C16000D185049F5445DDCC8CBDF32EA87AA45B09
:10C170006E019221040DDB720C030E5070C5F51F89
:10C180009A315C250812CCFF280290D6FA280A982A
:10C190005E079CAC4D196607BB261A788E42D3C049
:10C1A000F7ED103020900C986076B80C09C6542F2B
:10C1B000B8DF032F9180C36CD03618D401907F274D
:10C1C0004898EF323C0DE003030103A7018038D00B
:10C1D000FCB49204E11E3BC4050090080303C9F1BE
:10C1E000A21813F96CC4FFF364C4EB1D717A2433F5
:10C1F0004F180189970C4BE5E03140E80C701801AD
:10C20000A000372C0080E2C40602007FC868E31A51
:10C21000668997DEB06A050F582DE87094836F1712
:10C2200018EF11DFFFBA068FF4DD6161E0DB701AF1
:10C230001216066083A52FACF9A7FFFFFBA0CE9DC9
:10C24000477F5A89F18F1DE20A0B8185B860FFFF95
:10C25000FE5F352FD0FFE9EF98882E4907CE4C13AB
:10C260008BFF630228684C225BC0000E105BB6DCBB
:10C27000B9DC6649531AFFF364C4F83AC43A5C3334
:10C280009DA800B1F5132CC3057D2AA38313A0A09C
:10C290006EF48A9A57033BB1996D28E81911CA1CAC
:10C2A000E22C408638868D61C26470AA01F90425AB
:10C2B00087305002732A9E22E7CB2448E9D37226A6
:10C2C000505B225F372E2270C0C0D1244F1A11E577
:10C2D000F1DA4F205A3C99A989999A48992D6D32E3
:10C2E0004D1A0990E1C6471508D2688897A6062717
:10C2F00052388A682F645D13E6D353636274A8E6EC
:10C30000E826752757FEFFF364C49035DC32B99FE9
:10C31000D88001B4D37FFFFFFCCCBF535140BE5C3B
:10C320002995C8017C7209DA650312B15CB83E092F
:10C33000920439274983EE6A419CA28BA26C6A93CE
:10C34000FFFD69B75A75BA906414605C6E9B981AC9
:10C350009E48D1474D8DCB46C5C8958A961C654BE6
:10C360004EA6FD2F85F14C16B3245D2C0E3385A30C
:10C370009D0C08E8D4A2E89C9D2B10E21B219ADAC0
:10C3800038379FF8226AD870A83E8B520804B3A8A9
:10C390007998DAB95B3AFFF364C43B1DD31EDE56CD
:10C3A0007A44EE3CE2C21CA88A67CE8433FFD5B53E
:10C3B00066474B117FFF42ECAD32E5FEB62C29D12A
:10C3C0009FFFFFFFF662D4A45299F13289577C9403
:10C3D000EFFB04E2A2B3CE0DAC59C1CA581586D505
:10C3E000C0005F40049BB8EB8BF07D90D3A6127C1D
:10C3F0000AC1C48E3B4C041C6AC8D03362292595FF
:10C4000094712DEDE659A896CA244028392D2A7535
:10C41000553C4B1FE1449AB37FCCCB6B4B6CDA6538
:10C420000CE165379A0BFFF364C4461B49BABA3E68
:10C4300079867880808CA98702B244C782AEE54CA9
:10C4400091221A77FF869536F090ED9FFF91B87094
:10C4500095ED54165AD4B0A1EA8D2A410773C03F16
:10C4600088DFF70CD4343C8D46076B48724E59EA8E
:10C470002DD28D6C6393AFDAA2F924CA8EDA947A46
:10C48000FFF69F2ECE181E4695705A79A068202080
:10C49000D023C4E8C57FCCB5EEAAFB7B9EE6563818
:10C4A00040785CCE3C351A1771A06874C4F53A8C9C
:10C4B000B64AD8EFFFFFFFF364C45B1EC39AB636DB
:10C4C000C18E9DFFAA31F548FBDAEAC7E799667F7E
:10C4D000FFFFFF307CC693671A313CDA482CBFD887
:10C4E000618317820FAEB183D3B4EB4B113047CDCC
:10C4F0000595637A3990799F8AE1FEFFF826EAE391
:10C5000058D1BC60384DF2C2F35ACE985FD0C63DC8
:10C510001F6D4CD47121E1C6A28A108631D5FFCAA5
:10C52000777994FF4275D6A3C48C61A1F72A1C08C1
:10C530003DFFFFFFFFFFFDFA9041914D29D0B57EF1
:10C54000E72FFFFFFFFFFFF364C4631CA3FAD2567B
:10C550008BCA5A475EAD91DA95DEC3983CAF61E273
:10C56000BF1EDA503297967754BA86E22E80380989
:10C57000F56215A5EC03101C9AC36C15E3BE8F8CF5
:10C58000F20B6D62C5512377E92A8CDAA6E0431AD3
:10C590001E8057EBE60D6D5477B86518E0CDD3CA11
:10C5A000DEDFFFD0CEF4B1F175453D44CCC75A3340
:10C5B000E89FFFFFFFE874DC48E965C618457FFF88
:10C5C000CB0F5525834DB4E282C030D053F23520D5
:10C5D0002149A7563021FFF364C4731ADAC2DF166B
:10C5E00053CA5A94EEEA52541822DD8131B701CA77
:10C5F0001C69F95CD050A89881CE4B277911E9FECF
:10C60000AF52D4A41897A734259FB828DFFFA67E81
:10C61000FDF1A8E245E491220A8F3664DC382B77DD
:10C62000FD0FB72C580C7940C03A4459278241D8A5
:10C63000346BFFCB11A8F055C7B8AA24BFFF3D014A
:10C64000163CD75CA090BB8020D02C21FD2A0A1577
:10C6500028A20081CA5E2210C99582096A60B0B121
:10C660009903A88262B0FFF364C48A1C591AAF17F9
:10C67000583000DAA65E5425F095BEF0F72D2464FC
:10C68000E233AD436D17379F6FEC7A2D0210566B76
:10C690006901F34908C3B46B2E270248863B079211
:10C6A00070FE486C8F26D78B004BC7A5B515AE56CC
:10C6B000FEAA7730EE501F921149AEB1D83BD4207C
:10C6C0004FA0F5DA6D30604959B4E273172926F9A5
:10C6D0008AC9ACF7EA4A6CD1CD29535B997D732C9A
:10C6E000A509CA266AC79FB3620D97A8BC3144AD9D
:10C6F00037D3B73EF8BFFFF364C49B2FBBBA5CB11E
:10C700009C58008363D6FA9F8EFD0ADAB35B5BD533
:10C7100058DB4894DFA6A297C2870FDFC2E2E93E4A
:10C72000A258B1ED083F278A5B64D6CB9DD357B1A1
:10C730008C4622098824A7E3269A05CD90DB2EA5F6
:10C74000BA996AC0390CCAC7A21E75B3DE03E9E004
:10C7500044C280E04E25D82F88F35F57A305992067
:10C76000372EFC8C2E671B0325D5F1E2B9DA66283B
:10C770000AFB5B715F2BED94E17088D48B4B2A949C
:10C78000CD20C72E19D6FFF364C45F34E3CAC25F5D
:10C790008F7803E934B4D523DF74A5DC20409EF8FC
:10C7A00055B1B843DEB3BFA8502143678FAFEF76D2
:10C7B0004A699191B0BA344054CFECD4B939E48984
:10C7C000256163F8758DE948673A16A09AF1E9A8E2
:10C7D000F0E3BF7F1FB6B1C68D0DE353DC7CDBD326
:10C7E00074BB0326617BEA683BF89BFFFFFFFFFFFA
:10C7F000FFFF4FEF5CFBCB68DEAEA4D4586FF1892E
:10C80000A773ABC5BAB756B511A91C72470940B892
:10C81000D364574460B0FFF364C40E1C7272DE5DD3
:10C82000C55802F9DDAEF38E295B996D70E7DD43E3
:10C830002619EFDEF4CCDA096131AD44AFBAAFEBC3
:10C840007B0F5264193C82146C9A6E4B39FFFFC700
:10C85000FCD457B638DE72A66BB46F459C38E1E95C
:10C860005B855CE3B47CD6B7B6262DD7B1D30EBAC0
:10C87000F51F2D927987D3BBA7FFFFD8D2249970DB
:10C8800049E1AB0E82CBB98F989C6A66477814E574
:10C8900083BD0670B9D9B471320F781E16C7A18A4C
:10C8A0001306DCE1A921FFF364C41F1D10C2D316D7
:10C8B0001698141418F12F97EB752E5AB1D6786884
:10C8C00010148345797834FE050F79C14CDD8E98BC
:10C8D0005200723B88860D4A3A032143EA040A2A31
:10C8E000B70CD3686C3AE2C061D6334AB3DA5C0164
:10C8F0005C4B5FBF12961C0D7FF461AFFF9DFE5431
:10C90000EA0B01C0651C68FA559A12620004AAFF7E
:10C91000DD041228708316092FFAD2B0B9E5E9694F
:10C92000B2DE5830551134E757C226E3A5FCA66F96
:10C9300085F00E8BA957FFF364C42D1CF952BE4637
:10C94000CB10EC04E062ED7B44F065687B25096B5D
:10C95000BDF02C755F4655A7971977058462034B88
:10C96000B3103C345C193B08824C08912873ADCD60
:10C9700004D23C6B92435FEDEBFFFE4A909011DDD9
:10C9800020B7FFFFE05091E385928C945992DBB57C
:10C99000189C28885817C7F616B1687B4B71670337
:10C9A000EA37FA4100907F4F8C9B8427D71E42E6DE
:10C9B00084EBD9015167BDC4E0D56B931ADB432FDB
:10C9C0009E5EBFB31C55FFF364C43C1B613ECE0E9C
:10C9D0008BD07669CE01388016032358541A038011
:10C9E00081DF82AD6258A8BB3F81C2A480953D43E0
:10C9F000D0E32EBCCA38BFECC7C5CED7FDFFF89434
:10CA000060A383A21A9400030022EED922C07742C9
:10CA10009B7E1D50EC2E842088388EEA4830785456
:10CA200094D6808C94AA9CBC19A31A2C1A90B3CAD1
:10CA3000C832C6A942D752524DBBF4968FE576DF75
:10CA4000AA651F8A2242CB982A7BABE17E7E4F17D4
:10CA50008510DAAB3FEFFFF364C4511D09FEB61633
:10CA60009AC54C95FC336A77F4E8D35BC8910C996E
:10CA70001533525EBFB08AE7D82C25759FDADDE802
:10CA8000C1E179779C0B55F03211911A5BBFCC0C48
:10CA9000BE0DB09EFE0270B4044DB5E185389BDA40
:10CAA000B8C9BA1831BF46C02446E513400519DF9E
:10CAB000950160DEFD524A1FEE7FA063F528DD433D
:10CAC0000B11942897D0C29B94A6D4A31B52D7DDF8
:10CAD0003E39CEEC14953E8FF41D96115DBEF4B038
:10CAE0004ADA81AF5623FFF364C45F1C81EEC2367D
:10CAF0007AC4EC4946A826443838162366BF256117
:10CB00001CEADD8E2621C11029490B2A4BF2C6E60C
:10CB1000F4CF41267E6CEA99D154AABFBACDC17137
:10CB2000A1FC7557086A5566F40540355606106530
:10CB3000E0130B2EA921664AC45D0134C9BFF0A2DF
:10CB40004B63EB7E53EBB48EAC9D2FFB7DF8CD6039
:10CB500092950729C89FFFFF618A50D1A17AC635F7
:10CB6000FFFB048A16409C330A24F02ABB50CC40B9
:10CB70003C5E31FFFA1CFFF364C4701CCA56B63E1B
:10CB8000C0C4FC414C11AAF006E492348B727F6C55
:10CB9000C21650E173D7BEEE8543DEBF4E9976D7FD
:10CBA000AB51FE4B203CFEE81B4578D715124119CE
:10CBB00059F54304B65350F18574D5DE311A3BC89C
:10CBC00099A7C56FF232D31AEA5D159A087A842DB7
:10CBD0004219348829834BFFFFE204219AFFE62F94
:10CBE000FE5F27100C82BB96A5CC6F4FA3D77D3379
:10CBF000037A5FFB3C4F5145D500011491B9184EA3
:10CC000009F4382DEBA0FFF364C47F1C4B9AC5BE1A
:10CC10007845960405E260BA99884EC87D2B648AEF
:10CC20005C150703DB55B10A1F91F78C41434E6435
:10CC30002374D4CFC942A226B1F33B253E3C57AA68
:10CC400037F6F4B417EF35E143443AAD88245091F8
:10CC500073B976E3FFFFF2A91644FFFFFFBF4FFF52
:10CC6000FFFEFFA2FFFFFFFFFFFEFFF7FAB7570827
:10CC70003384107D17593A6AE357F2903FA8AC18F5
:10CC80008B279B751A7ACCB784B21F8091B038F28B
:10CC90003D7FD96E48EEFFF364C4901BF422DA5E48
:10CCA00053C4BFC9E7F7DF893BAEBDBFFDD2BEAEFF
:10CCB000C3F77FED8042F7B7F20A943FDE513AFFA7
:10CCC000CD4D3672402018B5AF79B80403D6CFF1F8
:10CCD000AB02042EFCA8705868D71B07816397FE2F
:10CCE000985AB5FBFFFFF1452FF49D7AC7B41A227D
:10CCF000449A275EE2AF7237F48E864EC70BC8A9FE
:10CD000061A8854777CA866742473F48C4980ECFD7
:10CD100073E6A508FFC519B0E7E492D3A7FCA023EA
:10CD200001B6A52A7A95FFF364C4A31BA962D9B6FC
:10CD30006E0C7A908AB0A020457EA8ED7E6F2FFA07
:10CD40003B0B39CAC159EBFFFD0C66F321A9DFFF8C
:10CD5000F3B294DF33FFFFF2D944A9D5DBF5FFD25C
:10CD6000CEA9F56FD5264421869553984A262001F1
:10CD700051613CC133017E0765059790B2FB6A3172
:10CD800085E8E010E5B96246851CE53A75FE3BE6AC
:10CD900069FE3E748A439CB5DEC039421A21A2A5C1
:10CDA000D4A03079F3184841BE82EFF8C12774341B
:10CDB0000616D94A56EEFFF364C4B71BB40AD196DF
:10CDC00082C4B74F99F9B594C220D497FDC78A970A
:10CDD00009888EF9D87444B320177F0EE256BE0D31
:10CDE0003F66CEB75DF50146A05C1A2A3E55150098
:10CDF000085CADE4EFFF47E91D1F81A560C2C623B3
:10CE0000D9F3A5F619E2A53411744CD04BA8E8E18A
:10CE10002B51A913842B2F67298A60B9E72B496905
:10CE20007E7B11269CAA57A8CC69A7FFB7FFDBCD54
:10CE30009088204224222EC7665FFFB3BB4D4986EF
:10CE40009417B4192C31FFF364C4CB1CD9D6943E8B
:10CE50009BCA5C89211743BA058B942E051458B8D8
:10CE6000D77FF28643B209FCA0381C20E2A75639CE
:10CE7000000824C683AA303FEE4D4C4E90879ABDE1
:10CE8000829A2C020F485E16B91D0080BDB951C3AD
:10CE900077EC59C46BF8EE38A44FE78272E59BDC5F
:10CEA0009E1270EDF2F54FD55B148EFE146F90CC90
:10CEB0000448C7ACFFE7E83A2A282E685C35A3DDB2
:10CEC0002CA1E0D3C0E0A8A3861B48BB506D61F342
:10CED000D58D130ABD48FFF364C4DA1CF25E925E7E
:10CEE000A31540DEFFFFE1D24A3DE1F011848B0B38
:10CEF0000BB98B52008951C4C8C75A74D37C30789F
:10CF0000E29C4E01C499807018581996B366780156
:10CF1000025FEE4BBA1F0400B129E049F6CFA8A684
:10CF2000850878471924D54B716B406E369A648B0F
:10CF300014AC5B31AF72294C56694A52332984C70D
:10CF40001BD59FFD6FD59CA5641141E2AA20B2B10B
:10CF50009F4322D8A9F57CD2D9EC86795169D0DAE1
:10CF60001CA52E6752B3FFF364C4E91DA942763EA7
:10CF7000D986D0D9D48EC994ACB2A0B37FFFFFFDBF
:10CF80004ABEACE6AA5D00D931AAA2FCDB87634F9A
:10CF9000700408C5984E9BDCF50CD6481855AD2397
:10CFA000B184833378AC49813F512766A728A356C3
:10CFB000F9332D2A30E68EA05834034F22E712436E
:10CFC0004E1B142E6AA29A836B4E569B34DAB51D03
:10CFD00058D447FCEEDECCF9B7FD79A9E8ACCAC756
:10CFE0003FFEFFE6E6AB22B22FFA3FFF7E6EA72997
:10CFF000C5D27B217F98FFF364C4F52303EA605E0A
:10D00000DA4AB15D2B55FFFFFFF537AA4D53649106
:10D0100031DD129AC4A52A2D5A0918A4102105D66B
:10D020001B062AA0A01352954F3F05F9141267C89A
:10D030009C18376D871348433608C00037670E7851
:10D04000CD8B902C6C30B87C6F78CD0AD041006DC0
:10D05000C046406D6048A014FDB06C60A274720BB5
:10D06000A02A40B080C041880593DF01A211C1EA27
:10D070000AB1940D502683B8111C4EE2CB0E4DFF21
:10D08000230BA4FAC720FFF364C4EC1FA3E2300112
:10D090005B38018813E34C5CA2E720639081124364
:10D0A000D4DBA0A42669D040A0890359891CB6FD11
:10D0B000BE615A72E1A20E81A1C31353A4E9899102
:10D0C00054A84622B27FABEDF9A26689999A95CD14
:10D0D0000FA681BD048B8404B8B347385F34343461
:10D0E00026C7418A8BA58FFEAD96EBBBECF306916C
:10D0F00043CEB3774DD027D3A6D2B9A160B44A248A
:10D10000542064548813658260A6430C8B86C64401
:10D11000D0AA59F9CB93FFF364C4F03AE432543502
:10D120009A980132D108609426D4A00930101A9B35
:10D13000884619BFE21246C442659408678912C244
:10D1400055033C0B081E10D7A0B7963A0A104E6242
:10D1500095330CBC23002C80FB08222B717001E25C
:10D16000816360D041BD036C43860E1080452194DD
:10D170001981783324D13C4344A0215167117204B2
:10D180002E40BA01A0859E16E13F004082D2035591
:10D190008F2318B165859188E09A0C502CD16513C6
:10D1A000239CB1D03907FFF364C48734FB0E84ABF2
:10D1B000DA98018BF2E93E6C70BC5E4CE26EC72BD4
:10D1C0007454821741230416AF53A28753F6D15BE0
:10D1D000ECB7A96A494A31AFA9EB55BFBFEECA7F88
:10D1E00075EEA5535A66E99D717E3C40096137761C
:10D1F000BE2DBF253C032DDCDEF8D83EC5F953F724
:10D20000CC4A00F63731A8FDBC2544519A87AE00C0
:10D210006C0D247D9702C80E8A5EC9C27737CDCBCC
:10D22000FB9FA404430EB145397673ADEE7FC0BEBB
:10D23000B3027220C377FFF364C436260C2AC1768A
:10D24000798B56D9F4F964CD15700888F22800C995
:10D250008816137759840865E1843233FFDA5FFE5C
:10D260009DBEE133A084D4DFF769EC7F6F76636302
:10D27000EC65E7FFCCE94FFFFFFF74AB10FA2A2BF8
:10D280000A1058A4638C711383981085080704D979
:10D2900010866FFFF547F75B68D442BA3A105C8E90
:10D2A0002451834C842A861019001AE2A7C5E81F6E
:10D2B00067827449842C2D033DCBD0760929E3F293
:10D2C000C610E4B5F29FFFF364C4201F2436CA36AB
:10D2D0007A051E2A8CADE28A771B4B9F6A840982ED
:10D2E00027543C5569D97E27FE576451662910E6BC
:10D2F00099D7FCAB467207D4EF57ECB5044B4418F2
:10D300004C2CD8C95990E19050768424ED7A2B4F5B
:10D31000F5FBE96C887F75FFFFFFFFA7FA2C8AB247
:10D32000B9965FFFFFFFFB4DE563232BCF730C7AAC
:10D3300080824F555F64AE226C4E55368830C8529D
:10D340003BEA1AA55D0E07351FDC8A32FC96E77CA6
:10D350007F850082AD1DFFF364C4261D334EC216C7
:10D360007984BE23739269B9DC956BFFF1DBA474F9
:10D3700051C15AF326E3E4F52A1B2950864731B4FC
:10D380002B6A5E632E6D831D9E8776FFF99EA5AA8C
:10D390001954B70CE65481394C5FFFFFDD8BEAD29C
:10D3A000A596C62B4D285329D47BFFF86AB056505A
:10D3B000F0860A110B37E523090E6B61A4E5F840EE
:10D3C000F3182CB8CD3A2CD25215748540C92A6A6C
:10D3D0004D0D03A04A9345342858154BEA61949AA1
:10D3E0002A2972A4B6CAFFF364C4341C798E680E6D
:10D3F000D2469C22226DF28DD22FED95899268A89B
:10D4000065986AAC29B5012027AB7D9BF52AA8CA8F
:10D4100016788849E0D44416186540577FFFFB1EF4
:10D420002C9D5011533A14212225F67B64ABFFFF4B
:10D43000D50B7CCAC25F2D800887696182415A2959
:10D440000623EB46FEB79BEBE7D73FD52DA9B46A81
:10D45000024C7D0113F8559ED54B56672A25570C73
:10D460006BC9AA8A7AAAAA5234924639DE855C2B05
:10D470002B8B1EB3FFE9FFF364C44514F1B64435AA
:10D480004F1800DDDFF25B389C3FFC5FFD9FECBB7B
:10D49000F6AD0508432226CC223321919B609CCD1A
:10D4A00061C5E1CB801E2D4274C59C2700FD887F9D
:10D4B0000F9C921981CA1121B95BA617063D90C035
:10D4C00015C558C70A58AC99B9C2E3244E094C5C3B
:10D4D0006A2F0EA1D22D01D3A1A0D06CF8B1A65510
:10D4E00020EE2130932C87A2459D4D30342E0C998F
:10D4F0002643D01C631E3204449D2E26667516A05A
:10D50000877593299004FFF364C47434C43A9E5D14
:10D510009080024A84411362A1A96934C8695CAC55
:10D5200053297FF930B2A14112184118D8AB3437D2
:10D530002FA09226EA429B197FB6D76930330C6040
:10D54000995CDC9B2A2244122A970821550A75BA55
:10D550008D0C1A6AA5D7FFFFFDBAD36741D6FB131E
:10D56000EE8269BF4668A5B31B33A46CE6E6E752BA
:10D5700034379232B241BF51FF9B650214672609CE
:10D5800033B5346B6F2AC7869AE486EE39D2657B51
:10D59000F56ED56EF4C8FFF364C4241D012AAE35C0
:10D5A000DA3000DEC8C3CBC5B337EFBDE346FD9F1D
:10D5B0007FCFF91D8A3D64D711CE2287D6C3A4CD73
:10D5C000E9561A5834FC7050D153AE92C355BB6C17
:10D5D00073C3BFE86B890890492A7DDDDEF5D85D0D
:10D5E000E2C60514023CE7AC065CFBC502046224FB
:10D5F0008B03A9A0031B5085F232AE22B375390903
:10D600008AE3F2B211B196D6CE0D65934F7924011B
:10D61000DE79C4422FB3D120F2E2C882E33C9AD82B
:10D62000F4080885F889FFF364C4331C9926AE56C4
:10D63000160C10BF67AFFC2C9D28D4CF402678EB8A
:10D640008A04C6AEFDC1663C83CCAA58E050BB1725
:10D650005B2FEC611977C3D2E669C1D0BC9A55D96A
:10D6600047FF244DE192549F1E25286075C06936FE
:10D67000A3B92A205095350F81039F8D6A535ED13F
:10D680003613007172A0717765AD9B29AA7FD87996
:10D69000AB56C36FFA3FE553F8B886CA0F81AD9415
:10D6A0003068A84C0B14919602E749423002801E64
:10D6B00049B32175964EFFF364C4431D5B9AAECE09
:10D6C000C204BC8AFEABDADACE75432082DCBBA989
:10D6D0008B75536D2D4F431FFFFFFFFD8875AD5CAC
:10D6E000FFD757FFFFFFF91899AA06F5DC18521467
:10D6F000027455877D55408AF4B6CE2407D6F5B01E
:10D70000328A389BDC021A2C2AE59DE52D06361F4D
:10D710009BEE3AA632461CB5EA8B576EFE888514FE
:10D72000FA914C8EB41D493D2506A6E3E2583A7A9B
:10D7300088E2A129E8506BEF6A10BFFDBD8C939C75
:10D74000E25AE62D8210FFF364C4501C02BAC64EA2
:10D7500079C54A6360DC9469C86B1D3FFFFEDEE754
:10D7600078939C8E105964B3D67109FFF10EAFF314
:10D770000BB928406197BB9BA4D3049D6A59C02B69
:10D7800084392EC955D1961F8B97D9608D0E2ED214
:10D790006703FBEDE1FE8DFF7006666D9D9B933B7D
:10D7A000B9504C9FFCFF30491ABC560BC5A24AD554
:10D7B000C71DCF2E248D4F8F97F4FD3FD16D41C5EE
:10D7C00035B223E1A10096B2D0B7FFF79804860ADC
:10D7D0000659FFFEA940FFF364C4631C61DAC71653
:10D7E0008BCE3C786D0F5C208BE74D0814F1A57C47
:10D7F00089556072A7A8ACBCFBB8E7EB7FB5F6C54E
:10D800003573532A48145081C5AA2BE5ECE76C8286
:10D81000DC642B227C1B271E33F01272F7E92A7876
:10D820007E4DBA37AF33E335D72378109A8C53AD9A
:10D8300045DD98E1D17795215866BC1439026037EF
:10D84000961D0A813A0BA3FFED4961E08094C9CF90
:10D85000FFF7769D5774B8156F0D34A39E4F07D50B
:10D86000827025D99AA4FFF364C4741B513ED71665
:10D87000C3CA941EE6165FDDF50715DC0B1AFA889D
:10D8800005491A6CAF0CA60ADCE235962910B9A737
:10D8900055B527966E500DA83CF6AAF5B01A84FC33
:10D8A0004AEE555288BC52BC00F6A7F3A0ECB2B3C6
:10D8B0008F1DC44063740FAEAC2CF942CADB8EEAF4
:10D8C00020DE7F56EA9F7E933F3FA0AD6CAFFF9F67
:10D8D000FCB3EA682CFFA7FFFFD35BE7485EEADEF4
:10D8E000A2EA7062A2FAEAF48F3BFF44385E2599FF
:10D8F0006094425C3826FFF364C4891D19F2CF1688
:10D90000CE0ACC52FB6687A2C721C5D5FC4C89271D
:10D91000E66BCE90922D1CBAC5B9B086E5384BE5C2
:10D9200040C4A234129869E3429907E2A1D0CF1112
:10D930006EA33E2DEC3FC076E31BDBE3BC6FCFFF55
:10D9400093EDFFFCE3BA09FA8FD9FFA3E5A2557660
:10D950007D4B360088CFFE9950D28155537D956618
:10D960003E6ABA5A50EFFEFEEAAA890E315F2C8356
:10D9700084162AB1237F82236B3177014670439648
:10D9800029EA12C1F917FFF364C4971BDA62C6E6ED
:10D990007E4A787286C937BEA42445A9D0F2BD89D3
:10D9A00052CFBCCCFA897F56D4BFF852293729DD33
:10D9B000CC574D58EECC81E4FF7EF2686FFFF51036
:10D9C000381F1E100BE227FFFFFE25BD313A270945
:10D9D0002A7AB7AF5CED320D2B0A0746A5C0882125
:10D9E0002263AD25C4A811BEB0E24BC13B9F2BA959
:10D9F000A1C8327C73B115815C914DDD8C31B2CA06
:10DA00002F4A4784BFABA1C4C79D512849235776ED
:10DA100063328AA8E84CFFF364C4AA1C323ADA36AF
:10DA2000C3C496D667FFFF8330CA150382108107EF
:10DA30001C651224139A3D10E837F659E9D8143CB6
:10DA40005022A41EBFFFFEEAEA8C2CA264D7243128
:10DA5000677DC277FF8AAAF5B8222E5D24FEEF8C7F
:10DA6000C0BB507F01F9D7FE082326857FB58045CE
:10DA70000EBB7CB69CAAB218F20B0AF4C4970D1D1B
:10DA80002DA866784B2D1CE44AE79A8D3C657FEA09
:10DA9000A57334639C1B16863290AD20656FFF6FB3
:10DAA000FF4A67421CADFFF364C4BC1B09AAB56EF4
:10DAB0008E46763966389130C66FFFFFFFFF46A766
:10DAC000DA8763191E284BBB90F0D34DC4DB6FF689
:10DAD000032F2A602102EC32F777FEBF55D3D558C9
:10DAE0002C5254F994D12CA0B925F85680961911CE
:10DAF000E6E9EA49408F40F12248A8BB90307355CF
:10DB0000ACC496A5E7FDD04DA35E58FF1A725AFA31
:10DB1000D5FEAC6297CD6534F73218481581946F05
:10DB2000F54A37FFEB976D521A81E3BD4E425DDA3D
:10DB3000FFFFFF6EE564FFF364C4D21B9366EE5EE5
:10DB40007984F3EDB6A89DCE676205540471577CC5
:10DB500058228905BFFF0AAA03C0A74BB1CDF0D454
:10DB600022ADB6F661A9D952948A901344393BDCB0
:10DB700068450536153A4966F4D2588C912F9A7C3F
:10DB8000E6286730040383BEA221E1466943A2A4CC
:10DB9000F5295051ED290EF562B21DDF94CCC61661
:10DBA000126721D5AE22516756FFCCA85223820FAF
:10DBB0000E1115BD96F4AD664532324B67D2B2FFF9
:10DBC000FFFCD99EE8E8FFF364C4E61DF36AAE1ECD
:10DBD000C1850C956D68EA8AECAC443185CCB8F708
:10DBE0008E70207AF7FDBC984185EA820002935737
:10DBF0002D8F7FEB9DA91B113CAD6DDDFDB195D641
:10DC0000307FA11169EB524F4494A8C7828158CB51
:10DC1000EF54CBBFBF8543C2B6232DB0B0FB328FCC
:10DC2000C92AED2356801153D861BDD9FEC2228B7B
:10DC30007A18CE66461A2ACFFFD24090ABB2B19D79
:10DC40003FFEB47CB4A9165112B197FFB2B91FFFC1
:10DC5000D2CFD77E892BFFF364C4F121535E9D7E22
:10DC6000164A3887AA55BB3B9BFFEDF99077A68DE6
:10DC7000D9CA3D9D8071A206208088B811EAC003F0
:10DC8000765B6A4BFF5CBD42096CD1B87A26C2D381
:10DC900076DDD3F851135872206B4CC5A075C8EDD2
:10DCA000C0B1AA1C22AB6726254E467E5394EE9344
:10DCB0003EE63B5259128D051AA9CB562949D0C8C8
:10DCC000BEB1A183D75879E56CA92FFDA60E82912C
:10DCD00028A33FEABC186078A3BE49F5681EA3D804
:10DCE000E98129D0DC51FFF364C4EE21543A99BE96
:10DCF000C24AECE2B2BFF50B1450848F68B2450003
:10DD0000AF115556F40C32C1E1140D5F082A04829C
:10DD10005CC588A5C5F50112B90B24AC4C39832C20
:10DD200009654C00D48AD266D5A7B16396473D00F9
:10DD3000888AC3CC759F2769362E19A868EBAE0E6A
:10DD400085536A15555B6FD63F866FD7DAF55869EC
:10DD5000ABBA8BD2AE9AD769544B6A5B3D9FFFAB8F
:10DD60007F368637E5FF7E6B1BA752CB5F5B223D7C
:10DD70005BFD0DFFFFFDFFF364C4EB1DC9DA80FE00
:10DD8000C98AF04A542B2218C29C2AFE861F728729
:10DD9000624C414D45332E313030AAAAAAAAAAAA14
:10DDA000AAAAAAAAAA14DBFFAAAEF6CE9B99932729
:10DDB000A0C92576AB43D7F2CB5963BB97EAF32FC3
:10DDC000FF3865BB183108092020F8ABA282EBAD03
:10DDD0000A466B688EFAA472B6E0FB4FD81EBD4AA5
:10DDE00029226F5922AB9F09306292C38B736BBD9E
:10DDF00048306D17A47A147AC7914A4E772F46F8A7
:10DE000004157034D3C8FFF364C4F6203BF65414F1
:10DE1000CA04FD140E9D30E181DA04A42D16B80564
:10DE2000637B7A950702400FF8E3317498D60EE1D0
:10DE300085808D119871619F88A7F86039980D9839
:10DE4000C8C196A69C19D85878C3208020002134D8
:10DE50002790069200C601A0F1530BF81EE01208AD
:10DE60003242360C2A00C340C002050088700538D3
:10DE70001658B909C2E1A0008E0C4A573517382848
:10DE80004038C0F7C800B808A1A33270E0049088F9
:10DE90008EB19C24C46EFFF364C4E419E092405533
:10DEA00058180016883C08081F01AA9040B8D8E608
:10DEB00009C02DD89E45383DC13986AC2A8E4858B8
:10DEC000F8E8210FF59BA6A64102718DC32E08D854
:10DED0007307593E3A0A83304E8B988B954C869F38
:10DEE000FF9C271063753F30384386C110264FA62C
:10DEF0009CB65F62FFFFFA26E7D05A6A4D34915A0A
:10DF0000D4F426A7D649B19D8FA05F332E9A7FFF08
:10DF1000F4FED6DFDD04284DDECE83697F5D1598E3
:10DF20008E044FD5DA12FFF364C4FF3F0C3A7E5FD4
:10DF30009BA000402004074739128A6975BEDBA800
:10DF400072E2B7E4CC4401724384FB2346C9025019
:10DF5000A2E62710140FC27C51D048C793B0778A2D
:10DF600033DCA2655584C92DAAC2849BD895330998
:10DF7000E81CCDE15C549FF13BFD1EF1EEEF70D546
:10DF80007A5A7157B66E0570E9CF6B88ED516652BB
:10DF9000104318E88B9CC656AE15BA7DD96013089D
:10DFA00090B53D5CD97716FED66CDC78D883F70245
:10DFB0000E5393C9691CFFF364C48534038AC25F9E
:10DFC000987800581C759F7DFFFD997EBEEDF3F398
:10DFD000A8F583E5FD9FD7E2F1339F49297FF5E955
:10DFE000BCDAB979AC5B5F7F78D7DFCC287AB4F93B
:10DFF000AE718CE719F89F50757DFFFFFFE648CDA5
:10E000007055908BA4C7E9018B865843E2C98014F0
:10E010000014FFABCEBA497435359CC5A492D874B0
:10E02000C0BF05454E5572E4BFAA02691884A62EEA
:10E0300033F6FABF2A2C0641105BF116324CA819B0
:10E04000F004470180E2FFF364C4382A3C2E99674C
:10E05000DAA001E31B4F16906C00751FD121A2506E
:10E0600038F663A4010F2910749F51344FDF50B468
:10E070000DB748E38FC1CF0B92384D5A88FC791EFB
:10E08000B1A86CCBAD318E271AA7991EF597D6FE95
:10E090004A249FDBFFA697DD95E74B482DA82683F2
:10E0A000555234EEC8EBBDB553A1414B3876CB4C3D
:10E0B000C4D94C9AA83D252EAABD6BFFFFFFFFD403
:10E0C000BD6898B008018400400483BFFF7DAECCDA
:10E0D00046A47E131CAEFFF364C4121FC9AAA25645
:10E0E000D28D2C225234219B3AA9F35E0C06821366
:10E0F00057168A3ED000703108E421A7C6C7BA413E
:10E10000504115E019DEE2685603AFE25071DB21A1
:10E11000210D3E70E7D075B7104144053799C142D3
:10E12000435FC7698FFB9C48B53B4C386C02E82ABB
:10E1300032F01073093BC6FED24888486643044952
:10E1400009149E01100B82A44C253FFF512EBFF7EE
:10E1500055C024300C29F5BEE301A3D966C160C9BE
:10E16000E96078091E06FFF364C4151F633E9D76BF
:10E17000C9C538251EC65EEBC8A1B6940620F1328B
:10E18000537AAB7264055117BCFF371F8B23A0383D
:10E19000E7F6F61B510068EF130BBE9F61F39F4932
:10E1A000E475384660062FE61CFFFE3DB4E425FF0B
:10E1B000F7A3D87C52454C5731FFFFFFFA17A2A0B6
:10E1C000A0C36536CFCAADE51243B609A596A266CF
:10E1D000444AFFDB1642D7DDF1A401950B80B8E578
:10E1E0001FBC63296A24971509C8FCE4BEAD352A13
:10E1F00098FBAAADCDFBFFF364C41A1CA306803EB6
:10E20000C0C5298ADC58AA2735B60B2A8EC814C97E
:10E21000FC60D5EF534DB39924FEF5DF5042A94D74
:10E220006354EFB2F449BB29854756DC294D7CBFC6
:10E230007297F31C852A39505A3FFE8AD563299E6E
:10E24000862917FFFD3D7A97A94C728CF2A31530F1
:10E25000EF43297D1C3243A0B37F83D5446C7DD529
:10E26000751037F028D2DECA1E275AE963E85959DB
:10E27000AAD0F8131E89A78588C335B898A6071AAF
:10E28000DF7A3F4552F2FFF364C42A191ABA400AF2
:10E29000C24A749449CA8653183C633D1CC671A295
:10E2A000A030B08874C563243A2A9975294BE86375
:10E2B00097FF2B75F296AC632DBFFD7FFFA95663C8
:10E2C0002945488B957FAFF431FF46AFF2CA679C72
:10E2D000DF472DA4A49288F16AE10F35129D63AA4D
:10E2E0006BBF14938F0CD7A4AABC8EEBBBC8ACED4C
:10E2F00032B3222F4B3251152D746E8E897B56739B
:10E30000569472F3E6D95D89277A49CAD458279A78
:10E310008C42CACDABB1FFF364C4481AEAEA240ABE
:10E3200078C455EADCCAA9ADEEEA2E77B5BF78AE5F
:10E33000DF47F6A7D5FE8937DFB57E3601375DB6F4
:10E34000E85D8F15CDF85580129D9E5E5EA9619F98
:10E35000B5DFE2A11B5AF9C4E6C845696F09214837
:10E360006A56122F7B6D29349F7B4F28BC48899DAC
:10E37000FB216F787E79599592E78BCDC81F3CF9C8
:10E38000A3D4851391DD215C8DB5CB6DDC90D8B91C
:10E3900093C87ED9D296C222B307C52FD72C94A991
:10E3A0005DF9A7E13F12FFF364C45F1B0B861C21DC
:10E3B00048180158D3AFF1D25D6756EAAE191DF285
:10E3C000AA000C20197C4DD730483131342BDE5453
:10E3D0008F20183B30A4FBE60D914B0DBD914E37BD
:10E3E00050770240801BBC7200E2729A030F8514C2
:10E3F0000CD28E36BAC37C15BA423F0322C4180C25
:10E40000870B80180720616413BD4A732BD60581E2
:10E410001836203DC0C565EAAADB7C7F20C2E01B20
:10E42000C31C16C3B6AE6E84B81A78180402000C6A
:10E430000900C2081B0FFFF364C47532032A384376
:10E440009DB0005C2E0C528FB2FD0656871FC4A6ED
:10E45000034020A680EB1C65C38D774B5EF3A6E8D6
:10E46000569BDAE991A4F08265F3227CD932E170FF
:10E470008A159B757ECABABFAD692D6B52468C5FFB
:10E480002993EE68669981A503736025A2AB5A753E
:10E49000507FB7CEAC13850C080408944D850A91C3
:10E4A000C700162718201C8314C19EF8E1653C8321
:10E4B000701670C1950052400210007CD828C368C5
:10E4C0001A007F14412CFFF364C43028FB2ACDBF0F
:10E4D0008F6803023851374C1B213C52247013E8DB
:10E4E000B0F61EE401E86A623D0C0D5325D125D437
:10E4F00078F3A64A9F3AA698B140F3521FD2280F4C
:10E50000C1381F8D102D40E95A2EC91589F89F1466
:10E510000CC792488F71333F452D025CC1D5E4B0E2
:10E52000E374FE604A1835FADE604A971133DD1550
:10E53000A29A04C47FE60DFBFD948321FEEA655C8C
:10E54000C575A6DE99B3378F44D07F6ADBBEF75717
:10E550000F22096655CBFFF364C40F1C128EE237FD
:10E56000D8380224195BF93FF594E99CB6B3B8BAE0
:10E570006CD79F8471F9C4E2A0FC11479316DA7836
:10E58000B568342C75071EB4B7F350E4FD4DB47173
:10E5900046CEAE6CC431AEE61E6B18FFFFE74C51A1
:10E5A000E2EC6933198C6FFFFABEC63DD9CE3EA4AA
:10E5B000EBA89A2EF5C54EB81A61C130AA801FFF8C
:10E5C00012920E855585B54720191133FFC67CCEB2
:10E5D000C26991657523BB9830D6FEC7A8659122A4
:10E5E000DFEC02EB8EB6FFF364C4211CAA96CAFED0
:10E5F000C3CA79D420EB1BEF016AA1CE0BA03C6605
:10E60000C658E6DEB6B89B5F22C2AF2041B9BA1940
:10E61000FB73B67815B3BF76E76E1A1D7420AB771F
:10E62000FF55476631B88FFFFE226746429620A508
:10E63000C71C20E268F74E1E6F8CC32E3B5C1299FC
:10E64000D80860023260811504C02AE416AEEA1FC1
:10E6500069525C344FD2407DD770C828D73211F24E
:10E66000004CD1E92781D6B3852B6256FAD4F92D17
:10E67000A4C7FC29E3EEFFF364C4311C732EBED69D
:10E680007E0ACC03797EC5C6695397422FCEFCBD66
:10E69000D3DB9484B0021C6BA0BEA57E9D440F7199
:10E6A0002176EEFA2BF46647AD0A9D48447FFFCDF4
:10E6B0007CA897FE995DDBF4AFBE9E88769CC283F2
:10E6C00001B7FFA20200924EFFF86BEA12746B8F43
:10E6D000685ACECC01AD1D739042B8DA12F81965B4
:10E6E000D623132D7D42379CFE6A50A53FD265D6B6
:10E6F000F9442E57F3745EEFB9446E1443591FDF8B
:10E700009BCDD5BCDFFBFFF364C4421C0BD2C1E63A
:10E7100078875F77FFFFD7DF5B23D3FF2FAB3EBA4E
:10E7200053FE9F16C285F7B260CEB2170A17EBFFF1
:10E73000E91543B40AE0614339C33007F33BB00A3B
:10E74000C655D90B43722733B9AC12D32195F9764C
:10E7500001E87A0962B524750F7A48ACD88A01328B
:10E760000742258D554483DA088176111635448594
:10E77000B552FAB656EADC485BDF94AD95FFD8FC9B
:10E780009EEDA89B148C2057B33F76F54D11F3B93D
:10E7900003C168EC38ABFFF364C4541C943AC58ED3
:10E7A0007A4A8E76FFFF5FA7FE9BAF44BB48A595D4
:10E7B0002562E96FD3B72E5B6B2FFB3F65D0C6B4E4
:10E7C00059D5C30EEEC93F5AB26FBEF3E642C51B20
:10E7D0003B324E6C1692E74CE9CBF59FCB568AD470
:10E7E0005E8BA116733C5614235891E540A2D4EEDB
:10E7F000A873E8E4C2891686BAD7B195AE6FA37E36
:10E8000082819884965559752B013154606CA88F7C
:10E810004FFA7FF9872D2DFFFFF4ADFF9D4CC659B0
:10E820001D1CC9F4A7FFFFF364C4641C5C36BE5E04
:10E83000C3048CF4AAC8CEDFFFE44F91193F9C506B
:10E84000CAA583658DBB1B965B8CCFF9B02A9C351E
:10E85000FBE34D471CCB55843097C697731C09C406
:10E86000326E903E1BD9FA7667A82327BDBC230BD6
:10E8700093EE5787F6CBD48B72E810433DFDF51627
:10E88000C801024CE42295F9B4D472AF7C5EA3C3F4
:10E89000967C9FE7D47E236032E39FFFF09BAE4AD5
:10E8A0009FFA9FB666A019C21EA17728997207CE5B
:10E8B00014511AA060F4FFF364C4751C6192E25E07
:10E8C0007A44F660190A9629B583B249DBC282669A
:10E8D000FA0D4114D7EEDF2AF975C9297EB32A86CD
:10E8E00068E729C07D8FEA2E9EFEAA8B9262621194
:10E8F00040AE73DF75F7228566E1929B2F842493E7
:10E90000660B938F151674E3D7F7BD52AED4022E63
:10E91000A1FF2B0FE8EAFFF3A7DBA357FFF172F08B
:10E92000F37BF108E588E270CB4C0AD5B48484858A
:10E930002AD2FDF29E308F442AADCE7D55F40C4B89
:10E940009D4585A9A5A5FFF364C4861AC94EC65E78
:10E950006E123413EFC0B00B0477F22A147A96616A
:10E96000085DF8624014372EE2A1E8843F96B65362
:10E97000DE9569FEB6D36661E60110AC543BFDDB63
:10E9800046762A968BFFAA1C8DB7FFD15AB42FA1C9
:10E99000ACF97FFFF4351D8A54E9D3FEDFB7FFD110
:10E9A000ECA564FFFFAF6299F70FAB62B9EDB52339
:10E9B000DEAD069C95B9E9E0369D820C70EEF8C597
:10E9C000C2F91E21087905EC40C24BA063B2A647EC
:10E9D00009A238A3E331FFF364C49D1D342ABA169B
:10E9E000C20AD94A01217FF535B6CB0743D6FFE7E6
:10E9F000E8E00375297E085B2E880DBCAFFAB733BB
:10EA000099BFCC8180482959CDFFF2DBA515AA55C5
:10EA10002D0FFFFFFFFFFE5FD7E9FFF47756FFFFE3
:10EA2000FF294AFCE30082023962410E040142944C
:10EA3000C022AFAD2FFD5C9B8CD70D08FAC59F4758
:10EA4000DA03404C3CA6ED465FDE6DC45578621F8C
:10EA500067291A00C11A3C0B40C05093D41C6AF0BD
:10EA6000343D289375F5FFF364C4AB1C3C3AD65E85
:10EA70007A050A5695D4E76FE193F829CC95E67F9D
:10EA8000FE8EF324D2B295DFDA82214744212F890A
:10EA90004159800A4BA0F0A3FB59FFD4F6009BF22A
:10EAA00028F9E6EFFE5A13C7869A30DD0C19921D3D
:10EAB00057597EDACFFEE8FD10257F85B6A0F932E2
:10EAC0001EBCB69F8BA012A01810B4EC53F55A0FC1
:10EAD00027F1EEB8840014FF77649073C3AF34233A
:10EAE0009CABEE0129FFCB4C17AFA8A1BB941B7BBD
:10EAF0007FFD11753327FFF364C4BD1CA9DE927E30
:10EB0000D20AF46DCD7E838DB7FFFBE569813AAD06
:10EB100028F6E57536487A2ABEC5279CC764319524
:10EB200084B4823FFFFADC4BE130554A000595CEB4
:10EB30004935B647FFF428C1D44D6DB85213C066AD
:10EB40009F44958D4FB98498E20B4C149C21FA0197
:10EB5000698A734C5F9DDF1CD4ECB247576B81F31D
:10EB600045EA9134352CCBE808529A5552F09AD8A0
:10EB7000208034A371B9740D3E14742442143F42B2
:10EB80008F0A5D9146D1FFF364C4CD1C9B12BE7EFB
:10EB90007AC50E50BEDF534899281AF4B056FFFFCD
:10EBA000FAC6896016849EEA9496D52090316A1A36
:10EBB000A5A08041A0831B40CD0413161EBA4EF2BF
:10EBC000AB396C810DA23AC6250CC3ACA5D5B3B840
:10EBD000CD89551639CD2C60900937DBC8AD5CC3A3
:10EBE000314D6D7742D0DCD42C5EBEB2DB4C7F144D
:10EBF000CAAC4C6959C5AC963D876780A581A58292
:10EC0000AEF23F2A44F12D47BA4F27706942C052F5
:10EC100059583A1A57FFFFF364C4DD1C495EAA5ED7
:10EC2000798706EA7C1509009E2C1A132521B91054
:10EC3000EA301850C11F75FE60CA288C0A3065344E
:10EC4000E074001334F06C4009084EB8850197B5A4
:10EC500008654C5712F25E53CD8AC946D970687E5A
:10EC6000CAB48A614CBD500C74A391E4A28D58D5EE
:10EC700070B4F3412D85E05710D2E7B9AFA7DD8E10
:10EC80005AC391E1F8410F04647796AEF78B4B0BB2
:10EC9000EEBE26A657AAE243B26EF27B5738DC7F5F
:10ECA0008B66D8BDE681FFF364C4EE1E2976605DF5
:10ECB0005C4000F0D8E0A0AED9F57FAD479FE203FD
:10ECC000645C6FE2144FFE7576CCB23CBA359E9D03
:10ECD000E2A3E756F7F5FEF160EFFA3B97FF7CC23F
:10ECE0008F0EB36F1BBBC561D0D71946E6A0270CAA
:10ECF000AFD08BED5767D79A07FF14C4F1DEC3ED91
:10ED0000B787164DE730B324FFE353DF101ED6F567
:10ED1000B5A3F96224941D80E88ADEE7DE458F13EF
:10ED20002A33C50F7EDE73A8EA4CC6233198DB4236
:10ED3000375BA9469A29FFF364C4F83A943A28014C
:10ED40009C78000F4909E42240B2943443E4F06B0C
:10ED50005D1600671C25CD80858B9AD9D27A4156E5
:10ED60004D0C301387012F266701BE3E909539E583
:10ED70000A7CA709416072652142286A7922C18410
:10ED80000DF2C77421E4C3A4AF4D4495C9FCB84A41
:10ED900057A167FA17121C07269655B78FD593B55A
:10EDA000C77CE3B8D5D6E5B6691330774FE966F985
:10EDB000DBFEB102EFB7EB1E91ED964D77F6F75AF9
:10EDC000543F8D16D5DEFFF364C4903443E2BA5F3E
:10EDD0008F780258ECEEBAB63FFAF9AE7DF7ABEB9E
:10EDE000DEF8CD29EFE8E0E5ACEBD23497BDFD3E8F
:10EDF0006BFFFF1AFF1FFDFFFFFAFBF4FFFF9FEF02
:10EE00007FAB573F116912F352B0EF69203C7F0A84
:10EE100027F5561ACE37644C07737A47FCCAE45C70
:10EE2000CB0C48960AC36389A40EE40242073D2630
:10EE30007CE7CA24C0FD89637082E05A0C2A14CD95
:10EE400053520499524C6E4E2547B2CCDCB85F3217
:10EE5000250943C53250FFF364C4422BF2FEC65F5E
:10EE6000D96800DA81C454A3A6E78A44048943A977
:10EE70000E3331042541B63040340420B3238B4295
:10EE800058A04A128564812638C92342A353428977
:10EE90002EA1E64A17139C314CD8B88920B645E913
:10EEA000D5AD9696D4F5ED43FAEF4999247499259A
:10EEB00036BFB7FFFB3D483A29181A03807306C3D3
:10EEC0000D2CC913FFDA8A52C77C9D82CB6844702F
:10EED0007E70900008006B9DB8AC6E3BCFB11907F7
:10EEE000709AAE0525D4FFF364C415208406C6D6F7
:10EEF0007A44D59046F8B41628BD104B66FD22A67C
:10EF00006A9086A53AC6AEE6D21E9A3680A42C2810
:10EF1000203ACC7270D96AF06A5E1789C003B100DA
:10EF20002195999CCEE859A645B322AB1A6AD8D34D
:10EF300019D69D0AA3631508E74911FFFBAF627953
:10EF4000F7DADFFFFCAD4723B50A5B6E4E623BB9D3
:10EF50008EF6BFF7D2DFFFDFEB39C5FA9CBEC8459E
:10EF6000E9272D76C8EBE0B702A46B45631271DA8E
:10EF7000D0C110E72F2AFFF364C4161EEB52D176DE
:10EF80007984BE17F0F42736058DEE58A4B5A52A6E
:10EF9000DCB233DAD1CB4130946CA348BD7AAF7187
:10EFA0004FDAE4348E22EAAAB9CD640277219D15A6
:10EFB0004ADA944E82B6087772827FB99CAA26EC10
:10EFC00008CA2510CFFFCB33AE8CB31EFA58BFFF53
:10EFD000FFBA1BE56645D0CAE766862C38EFFFC34B
:10EFE000B1158FB8B2C241D0D55DB63C72B2E59FC3
:10EFF000E03437933620D7A954E90449CED05A23B8
:10F0000085B1249126CAFFF364C41D1CC35A940E13
:10F01000CA449CACE90EF845BF1EAC2F351895903C
:10F02000CC09A912A664ABE3EB693659D9655A013C
:10F0300005223D4B94A65AA3AF56E56FD91D7FFF1D
:10F040005D0BA5EDE8F7E94324866CBB5A52F5B396
:10F05000BEFF27FF56CB33FB95CB9832FFAC4A441B
:10F06000D5FAE22113C4AC099100016E98E7BAC940
:10F0700072C6542869AD02B9CEF12069996668015B
:10F0800082475281101F46DD5E4CCB5A3550A32378
:10F09000521535898508FFF364C42D1C696E8E3EB8
:10F0A000CB066C2830AB1548E41558E462AA14CCA2
:10F0B000C2C5A31FA966C2667B7820A3D2F4D0D2B2
:10F0C00061D3A290CCBEB32A4D74AA8475498C2D0D
:10F0D00055122B6B9AD6B8FB3CEFFAE8ED18B70B3C
:10F0E0000730D1C20EBC90A20011238D332FFA6BD2
:10F0F000F9635CD6712615BAC3234B23526ECA47F7
:10F10000E762AB7112012CDD2BA39F7F143E4243BB
:10F110003E9C83EB50CCC38EC7D96F0C621993A170
:10F120003530E1A340C0FFF364C43E1CE9C28A5EEF
:10F13000D18AEC414937B2F55FEAE8CAEC443BDBDF
:10F140001A8274A9F0ED4DBB415D6233977688BE9B
:10F15000D70B34150EB4D48AC5627CEFE9B714D549
:10F16000CFB8E387868B7150D50031020D2BFF1A83
:10F17000FFEE6876E6510E586125FB85CA1D86D2E2
:10F180001B5D6FFBE007DE9A1E81F54C89C4F8FA1F
:10F190008B2ABD7DCED5AC38240E8E4D0CDFA1025E
:10F1A0000119EDBF764275C867B77FAD0332EF5BDB
:10F1B000F8219AF7BFBEFFF364C44D1C41B6A5BE4B
:10F1C000CB0CB0FF19AD82C2F79008728209C40B54
:10F1D0001C437949FC41FA1FFFFFFBA277C3027968
:10F1E000C29FE73F593D4EFDE4F89A7AAAD975B11E
:10F1F000419F680596BEA0924B5A9D3290B08324E1
:10F2000042ACB7300930C5B8BA081794F7199986D7
:10F210000BC955DF86C88982A614AC6972F4B40A9A
:10F22000D1E599036454263A82C5619CA402047016
:10F2300082E2B8EC9C2FE103EA97362306A3060589
:10F240005AE1E53A8655FFF364C45F1BF1A69800C6
:10F25000CA47488B77209F02B47CE124BE4FAFFFA2
:10F26000FFFEBFAD4344805F75C1FE252099FCF6CB
:10F270005138CA61AAABD763D4A19A42DB1BDD76B1
:10F2800049A2B284D0226656220EA43D8CADCB7921
:10F290004DAB205AADCDA9D7FB5DD957D9ADE2FE14
:10F2A00068E3C3B207E500F1C2C282B07350B8721E
:10F2B0006088E610C282F4B55FC7F16B53FFFFFFB1
:10F2C000FFFFF37E48BB87651068AE36FFF9EC5947
:10F2D00035ED84154576FFF364C4721BD26AC1967E
:10F2E0007E10E6BA9A72D9B7C652029336F8C907A9
:10F2F00039825B8BC98DA9412681DEA120AF4A8D61
:10F3000028FB884AD53E11ECE36AC189D6024C8EAF
:10F31000D06DC57215609F5AE6B4806538C15E43F2
:10F32000D2E8050360C69DCC7FDBFDEEDAFFFF5619
:10F33000E672B0A81945DBFFFFF4A177ED47318CE9
:10F34000B7A985C78D34954714FE5247119167D5EB
:10F35000424154A4795B965BB38CB7137DE6E41904
:10F36000016438BB3BF2FFF364C4851BEB2ACE1E5D
:10F37000788B3288AB8B7E68757DBD171C53A87364
:10F38000BE7AACE3558BD62A97BF615E518FAEEE45
:10F3900071A6523B4C44EFD0CA531009AC67656369
:10F3A00032CC6462093B32DDD37FF6FFD3FB57A634
:10F3B0005492251FAFFFEFA5E592D779DCC616CB97
:10F3C00060AD3FFDE07054361B4561579E738ED58E
:10F3D00040D460A952765B7EEA8B07F6FCA84A65AA
:10F3E0003AAC05C6620BD21D1EE281B5C861CA7176
:10F3F000A694D68B0DABFFF364C4981C4B06CA3E93
:10F4000079852A263A18CE860AAA21D4CB1514DF8C
:10F41000F32B85CECF2B96150194C2D0C4674A9E9C
:10F42000BA37A21CC42418B089333F59BBFA91667D
:10F430003B4CEDFFFFECFA925528B32B9061A27F75
:10F44000FFF0B8F171AC53D8B362B68241B8926E96
:10F45000F5A09B0817FE94BFFF6D3993903DC4E95A
:10F460009BE75CD0A01612B285E4B08CCEAE3B6EAA
:10F4700000B9507B04265557A93691458AD939944D
:10F48000AD35CA4AAB45FFF364C4A91CE302BA3EDA
:10F49000798476B5BFA990AE316C5D50AEAECFD455
:10F4A000ACADAB2DEE9BCFBCB2AFAFFDEC9512F780
:10F4B00032B0B6576D7FFF5FBAB529ABD157FFFFAA
:10F4C000FF9FCC8F65B16F5E70844A838834293B7F
:10F4D000805541C6C032DADDB659BCEA44849F7E0D
:10F4E00075A4A3C3C4ECAC50C3AEF7D9FA7F59DFFF
:10F4F000EA3B0FAC375188A4463F362761BA20EC6F
:10F500005B479B7B7CBF9274BDFFF35EF4B6F6A5B0
:10F5100039832F52A6D1FFF364C4B81CD3DEA65E94
:10F520007A445C956185BAB654482BAEAB55BEFEA5
:10F5300087DFDF35FCC33A17875FFF23B2270C3C18
:10F54000FB8B1250F25FE8925B9EB491EC9A49D229
:10F550003E7DEA8BA65BBAD9BEBAE58CD508A9A0D8
:10F56000E97D41939FDAD8A4CC04E506ADBDC14541
:10F57000C08443F1456A8137DA186EBD265334FDE5
:10F5800051BF57C4AAF34175620CD93E48847C5ED2
:10F590003019A02666EFFF7C95D84C13CF0CBE80A7
:10F5A0009DCD09FF97B5FFF364C4C71CDA66B25E50
:10F5B000C186CED159AAD47D10D6FF2B23D10CF40D
:10F5C0007FFFEAEA71E7399860145CC16620A39472
:10F5D0005002107A840316488BBF4AC157C8A80E40
:10F5E000E61522A7795054503B0028D21700E7E3D4
:10F5F0005DD4348E72648819134CD614E244992871
:10F60000E018143CDCD2478619DA080CE58DA0E33B
:10F61000ACA01001E988443286B6BBD1FA2D57B4AC
:10F6200093C2C181BEE676438A79C82927757B22B9
:10F6300031E44598CC50FFF364C4D6223B0AB5BEF2
:10F64000C0CB1A12A5CBFE5F7998C629888BB85516
:10F6500040C510546E72B537FFDBFFFFFFFFFB2B79
:10F660002C8631CE085181206834152A0C8A3C0D35
:10F67000FFF3B966966C8CC94F88CCAA013B244C29
:10F6800013A5BEFC982939DBA10F07B2830A4E3EB1
:10F69000C8B30502798C2060DD1A0D241A196C603C
:10F6A00052056287553058394144A17998191E4B4B
:10F6B0004B195B4814AEFEAFE1887739D8CDC53918
:10F6C0004C659887163FFFF364C4D0214AFA787ED0
:10F6D000DE448C9404E00506CC8EE9F9B2B98CE0E6
:10F6E0002305990EB421A814B337FFFFFFFFFFFFD6
:10F6F000FFED985686653142D477FFFFFF870D886E
:10F700008D7D7500292E109952C6C2D7E0AA657268
:10F71000280671EFC63A3C160063471B56E730DAFD
:10F720006E03401A05A6585A5617A0CD8D3482D5BF
:10F7300051D64AC8769DDF01C5507AC50ECC7329D3
:10F740006E532B5DE616AA21A5475763583CEE6021
:10F7500018C7218CF6FFFFF364C4CD1E5AFA787CDB
:10F76000DB04C8FD0C672004630919EA67EFFFFF9B
:10F77000FFFFFFFFFE9FD445CB51582940D51A9675
:10F7800008C0C04307170EA8A838D92C780638B788
:10F7900039F21C0C492C098281E04034080B4FC31C
:10F7A00004858C361856F2003986C38050183832DA
:10F7B0009EA1607B5646463ED3C020E07CCE2662AA
:10F7C000150D526FEFB2EEBF99BBA74DDB4A36B7AE
:10F7D00023AAC9239CD544124499B0EFFECEEFFE74
:10F7E000BA48298E6CC0FFF364C4D61B62EA687AFB
:10F7F000DE8A513C6DE9FCE2536E5EDAC08FFEA2F8
:10F80000EF9F180389D560101C8ED51B80600011F6
:10F810009A291EED99934141E67CE975D9F8580182
:10F8200058036AACD12552E45031A0C98108139E17
:10F8300071A5F35A0CB038A184280C0630687440C6
:10F840002801B65002513AB10CA833313CE7A13639
:10F85000C105409875A62D80A19571147E2CD38783
:10F860002478604534AA1C1C581266546797B3EE7E
:10F8700036F07FDF4796FFF364C4EB1E91AA401178
:10F880005C28002AE835F533AB22A772CB39DFD7E5
:10F8900079FF0E524C4927292DC370D4FBE98D0303
:10F8A000EF9E7629FBCEE1F18A191A985B8123112C
:10F8B00038C677E47BD52D1E127FFFFFFFFFFFFCCC
:10F8C0007FF7FFFDFFCF3B195253F73C2FEF394431
:10F8D000C7FFFFFFFFD4B1FFFFFAE6BBFAA4FC703D
:10F8E00096D161877EA5AC7BFF56AF7B2FC33A8450
:10F8F000FCD3F97208C5857C381815110D627C2A75
:10F900001890100948DCFFF364C4F33B832A687D38
:10F910009AD0008E4D5D922D30DC45B151F4EC69EA
:10F92000B1593150E9E0A5CC810C47A583235EF1A4
:10F93000BB35E0A99BC5F22E5E2BA6664D158984CA
:10F940008B4917C8995529C3644E97DDD34EB59B93
:10F95000A46233A2E3280E486381790DB1960C446A
:10F9600014C264920D5800662F890622478E1748EC
:10F9700052FA65F21EEB721E9A480E614D66C298ED
:10F98000686C6643D48A25F307951344F9997D96EC
:10F9900067309A229246FFF364C4882DFB46A59FE8
:10F9A000D89002145BFFA93EA4D37A67529A181E1E
:10F9B000520AA94FA7FFFFAD5AD355259C5A0628D6
:10F9C000AEE66824E7545D04162824B277FFFE4BA8
:10F9D0000809DC2B37724A212E03132878C1B34261
:10F9E0000EBDEDA8317038F40CCF41900DB9A26373
:10F9F000C63901A28AD104040CD301AD306A960342
:10FA0000050AA8A06E312A4C2069C20105A66DA185
:10FA100054232708BA4CAEDAD549DBC27B880F21C4
:10FA2000B852244DB9BBFFF364C4532721DA8004D4
:10FA3000D61EE48B1E1C26D5D29185206F1323BDC4
:10FA400004B6CECCB3330C8F1D3D97EE47F9F98E3B
:10FA5000FA8FDB206A3323E8EA4CEBC4FAACF9FEF8
:10FA6000DBD5E363FFB5136E1678658C24D4EF679E
:10FA7000C7D235E4CC023128D010F238CA40AD9C50
:10FA80007EAB8C3D9ADC50F605D70D2AD66C61D042
:10FA90002FAAB97FC125071983213C6BC628B03135
:10FAA000500F15863F45F82FF3764336042CF5C4E6
:10FAB0001633746A4F74FFF364C43920826E94164F
:10FAC000C2052C80018A12B1CA713491330875CCF9
:10FAD00036AC4A1F42A4121CD091FABE467AD1F32A
:10FAE0000272B19CB0A2951151E55B7CA8A8F2FA14
:10FAF0003FFFF46D4C6AC2ACA983AF7EC3D96D479A
:10FB00009E7101F139A34B7BC1A0E79A889200282E
:10FB1000DC9ADE31A7E3D95EAF5CC7AC3628B15AB8
:10FB2000E4B427F680AE5952A134543B7947D670DD
:10FB3000A8C002010A5C0421C37F01275E82157CF4
:10FB4000BCB75D077044FFF364C43A1E3332BA3E5B
:10FB500078CB17A194371C8CCE54C8E56CDD51844A
:10FB6000C58A2E4457FFDD2EAB44F7FFFDD2768BBE
:10FB7000163C8B175433CA4A919ACEDFFED3163007
:10FB80008763300E1D119074768ECB2FF38D9446C3
:10FB9000B15E8008899AEE35B560D914F1745524A8
:10FBA000580E154EA0A950D6C6B20A791FA6C02A73
:10FBB00081DA018BC3B423A5CA794910468BBB2ACD
:10FBC000A8FD2DCB4D56026F8BE2491AAED667CDFC
:10FBD000CA5D4AA252DDFFF364C4441B6A728D5EA3
:10FBE00078C5247E9D756A18294418A547FFEC8FB7
:10FBF000FFFBCCAD4FCA5614E3051808F444C9A066
:10FC0000D4B7F58082A011A9B14F95FF5500A34A42
:10FC100058C0FC5D22154C38905993384A0530FF86
:10FC20004AE5B5225032C2CB590C10CE9D748540A6
:10FC300020D0492ABA1605FD7620780CBA30F4ADEA
:10FC4000BAC965B09A699199AAB9237ECB53CB778B
:10FC5000553208B27AB4E04170F107BF52ED2A2C58
:10FC6000B41313101198FFF364C4591CDA76645E60
:10FC7000C98B24A538AFEFD2ADF2ED94ABF4FAB155
:10FC80008D31622050C9149776AFE2653D6A4E050A
:10FC900031195163A3939275945A66733CECD05A10
:10FCA000D6B3B8D7A3B333AED3A6B146441A1D70AA
:10FCB000A32D32A8B2469CD65198BB4BED2E62B212
:10FCC00098F3F44204D2CD7F73D57A51B5555FDEF7
:10FCD00097DA98504752D0A27D557FBF0FC2891541
:10FCE0003A3C688A85FF5EDB7C4AF4AFFFF63A1344
:10FCF000940EA8D7FFFCFFF364C4681A29963C0C45
:10FD0000CA47208525681B75565194C5FA662DACE7
:10FD1000AADB108C585134E25A6A068B34856D8404
:10FD2000A889D6CC591AEDCC262CA68E50A3570DF7
:10FD3000894E282A96310824220A53253BA10CF526
:10FD4000B80D231EA754782661E404631CC7A87766
:10FD5000A74A87B61D7DF529773F4B9C5A55C3515D
:10FD60006F3F5BEF220B75999AA94763C74F1780C6
:10FD7000C6167B8C6C75A82B1CC1CD2532598828E2
:10FD800031CE30845C5CFFF364C4821838A62C1436
:10FD9000C0524C52D333AD2A92D722D6304158A804
:10FDA00081681AC5C5033467475F7078FB2062A07D
:10FDB00038C1E1620E5B10DA82B634E39E8AAA454E
:10FDC00077B2E459354A0625CFA60DD90C5D1A74D1
:10FDD000FA5CF4B2B24E9A9D64D2C4128E891C6051
:10FDE00052675199AC8F544FE8D889188D8B058E86
:10FDF000A3444D292082633454342624C3A0366C96
:10FE0000D56A6090B536E9DE59BC3FFBEF95C8A2D4
:10FE1000E44E9161B26EFFF364C4A415F00A31940C
:10FE200010460074CEFCBC424767EF5FBE44BEC6BE
:10FE30007C2A699E7BE533FE7B823A0E60D84B7F3D
:10FE40005220279716C2D099D1B9AA69DFAC7CEDB0
:10FE5000AB6484B6364CF6664D1A6517A86A444BF7
:10FE600049BB15B90CBF23685F0AEF5E1F4BB9BFD2
:10FE7000F73C8298C7B1CFB1BFE93C5B7CCA4AC9A5
:10FE8000F9F9E8EDC2E6E5E0B6F7A4758CF348D3DE
:10FE90006EC553592153CECF4E90B056CDA6AC81EE
:10FEA00072E932D4F36FFFF364C4CF1A73EA1C0013
:10FEB00050471DA36B6FBAE84077E329F50FAD38C3
:10FEC000C098EE7503B8E415098833A31322DB5CF0
:10FED0007170998D5154C39A3A1D63DF42108E3868
:10FEE000EC4A95486468AA8F5F164824A9F3100A63
:10FEF00050300E50AB1981B3A40C1C1BBC8358337B
:10FF0000430734374333530C00145903535BEA3F20
:10FF100035AA6A001C727390DB1838A44343CC4A9C
:10FF2000DE862B2EE47D1818220E0EE63410ED77B7
:10FF30002EA827642CA6FFF364C4E81B3B7A18A004
:10FF400048460F7D2E9316337B876086E7701C64CE
:10FF50000755B082C4A10BB24495326CAA83CEB4CB
:10FF6000D0ACCCF1F074294523DE8CA74A79BCE1F2
:10FF70001E533A64CCC2CA80CF6AC40B8695EC2764
:10FF80007134BDCF8C9D1554BFA43474AACF8208A0
:10FF9000750BAAA66A679063054623844738ED3738
:10FFA0005A8B65E5530C1C9D48C377E288673CCAB1
:10FFB0007155453329ABCC950A027207C84DE6400E
:10FFC000FF4B4CFCF9CDFFF364C4FE23742E1000EC
:10FFD00078C608A91DC3419808D46D5C47A54C415B
:10FFE0004D4515206A61E817D8C9DD548ABC2785BC
:10FFF000598D3746994645670A3F018A8B4C8A5688
:020000040803EF
:10000000407CAD96B958670B2AA65B96CF73B97B37
:10001000B9FF730A677C8843538E65EE09B6FCA16D
:10002000197384B9195D62202B6323311517C774C6
:100030007C9705E6E9159CA95A6F09DB19D2434064
:1000400051CAE5C5CFFCA95B57FCAA74CCF46FF983
:100050006EE41AC81493FFF364C4F31EC3EA1400D9
:1000600058460D879A678907168C4C414D45332EAB
:10007000313030AAAAAAAAAAAAAAAAAAAAAAAAAA4D
:10008000AAAA1D5EAF01F31A19182364A8080AD999
:10009000089A3C3948EFCBC54870B34CA5CAE6A7CF
:1000A00072B0A6C54B2E9CBFD58A5983CD8A499D77
:1000B000E9331126B2E72E7CDEAE60F3B0B065E91D
:1000C000372BB70B875B7FA94881B2EB1DE1BFFCE3
:1000D000B6EECB9E6B4AC2FFC374FBAE207D1BA164
:1000E000B345FEF56FBBFFF364C4F71EBC221D923F
:1000F000384601ECFFE56A62E9DA62D00F6EA713B9
:10010000915D5F1CCD91CD618247A1E91EA551662D
:10011000A70B0F4788209A4C43001BC2AF1640AC78
:10012000DD331CCA1131EFBD32488E1F7235C8E66F
:10013000A650F0E831EABD495350E632A059CA2D25
:100140000773881264EE16D1C24111E8F9660B34C8
:10015000822AA9BAC92846745529C9061ADB716EC4
:10016000E771031894CEBE99EE0AA8E754EB8330EA
:10017000F4A3E0D2856AFFF364C4E71AC296216A49
:100180003846156F370E42CC118E80F54F7CE2AAAF
:100190001AD1E07DEB34AE5FC6B409311A163C18B3
:1001A000E43220D3CD26B19B2D5B18D4CE315268DA
:1001B000B95D46488EAA751C48AC0C2C7A38FC6C8C
:1001C0000B8A6CB2538834362C5478C1C8B6136E7F
:1001D000752547446F159456ADDA5FC90DE29A5301
:1001E000D9E710A4FCA309DACB5AD3D365DF49CDF4
:1001F000D136D6BC93D25A4964E74DC999F94F2DEF
:10020000BA054CCE8317FFF364C4FF22140E10C846
:10021000688601CD0DC9D95E300D0B0A6EE71BAEA5
:10022000AE744A1F9348E424F581312A25A48F5CDB
:100230001EB3F69C91C93F76A6C48DC31DCE334D27
:1002400029143CD0704A09DB836959C8484637767F
:1002500048DA6D5DAA7ACB6C3568ACB6F0A111E4D2
:10026000EB4ED328D59AFB9C86D4FDFEA964A563EA
:10027000190DDDD4EFB92183EEDB17FD2A7F1F585E
:1002800069A1044D5A565F3FA439A2BB44D202C8AB
:10029000D3439AE08CEAFFF364C4F92A24320800BD
:1002A0007A0CDDB70BBE667C33A48E753A9C7862FF
:1002B00074396FFFC6EE54B23B967D2730C40EB63C
:1002C0007014B41641180EBD22299C8ACD0D1B4016
:1002D000281C945E58E65E95266558B45639723AE5
:1002E0007D863DEBC4CB384FC87CEB9BB7E932D160
:1002F000B21B2CF93ECEE7F9C3FE949EE445684557
:10030000E99CFDC8DAF93555B96879A31A9E0893B6
:10031000E23EF6E5F0A396590925E31F834250C05B
:1003200003D937763142FFF364C4D31C441A180052
:1003300058461D6098D5C4CD363C2BAA1AFBCEAFCB
:10034000992D4A66BAAEA2CF1EFB9E2C4B635E90DF
:10035000B4FE2CF9DD2F88178547BE2E26F85C9851
:10036000C753496F6E75CF2798F041CBA6CA873522
:100370003832D3C466B1A6A71FB227ECD2FA7B9657
:100380006645BA4B3EAC28A7BD032EF01DF659F6C4
:100390005929C7D48AC2C49393551A7958C8CA3305
:1003A000DF5D3A5486CEFE2FC9A5CA1B66B8EB1F87
:1003B000A4DE2DB54766FFF364C4E51AB35A1CC822
:1003C00050461C768A6C7C9AF2FAF4FC8CA4FA8D66
:1003D0007F2538DF65CC45A7BBBBC2AFBB68BD2955
:1003E000252FD5D7D6F235B4613DEC3E5308804B6E
:1003F0006E4ADEC90DAF0F62E148969772A475CBC5
:10040000397262B4D3888CE6576285724EB2590A4B
:100410005E92FE995E971E969E548F7F33FAD4E3C8
:10042000D35E4A6466B83378F3B5F7A2AC93778F9E
:100430009D61503FDDFFE9D9DA5C7A4DCDFADFFFEF
:10044000AD4250C61F08FFF364C4FD28B43608004F
:1004500079935C6F66FF76F1D55DABFF0D115B881C
:100460003914EB7614ECA3055412A6BCC8D1AA30FB
:100470007CC6C9B2CC13E1CE5809A1B1D5C9CEB959
:1004800036D8228548731D59F2D028882DA57DCAFB
:1004900019F784894413043258EB920CDDD4867426
:1004A0004508CE065757A83D57098B370E130E380F
:1004B0001CD8B6B8E285684FB5970147A7158222C8
:1004C000558142910A3B2438249C2C1F1392862983
:1004D000255161930CE6FFF364C4DD19FA221CCAAE
:1004E000484601F4414EB3EC7115881F0B8954C383
:1004F000F0909CA463E831950F4EB1DD8132E48C1D
:10050000EB9ADA9365E0A28F8A847288EC2A18C28B
:10051000B12A2D9B393FAE26A8F84E1D6C942B1B9B
:1005200099AC72C5871D82989CC28D0C3AC77187A1
:1005300027240E2448904C0DB06CED5467E50A4317
:10054000ABB8C0E0C0811664C080D5976CF5775C0D
:100550001AC355538CA101A3654486D1E0919972C9
:10056000823670B20C54FFF364C4F8225436100083
:10057000688600896FD3ACD0C89CE8780D60606253
:100580005013EE7AF1CA1B421D81957C2BB98E0A5D
:100590001390B26A04AEDEEBAB99495EEBA4B6DA17
:1005A00079CF33BB17B4E79C4E6D798E7DE9D7EDDB
:1005B000573A68EA7B9C735CCF99C3239D3E646E77
:1005C000721E46BFFC3BD391CF58E1EA944CF6A68D
:1005D000125F87D464A7EF28C462BB5926D58D2744
:1005E0004E1261BBDA5F8F9C6ACE4EEF4A86B50E23
:1005F0007F4B1D4E5037FFF364C4F1239C12100053
:1006000068C60123FF13CB85E7E576950510000446
:1006100010000C1FB81DFF4F70014619D3F4CC8495
:100620000E28F31ECAE07319432847EDAC5FF82982
:10063000C40A120C646736FA46E619F533299AE2C1
:10064000D4307C9CF9BF73D6B4CFB53CA6DF79C853
:100650007EE5BA7AE6AC2227898C0500A165BCACA0
:10066000D9CB58E7BB7DE6975AA78B429943799639
:10067000B9DCF5533A68C57CB0AEBF2225C71E0071
:100680004BE9227863F9FFF364C4E51AEA92180192
:10069000481801777DB58DFCBEBDFB18F3377DFB97
:1006A0005E0E6C5E314B0A8A7EF2FDE59D4B96FF35
:1006B0009DD6BF9BAD62C54C25FFCFFEBA6C5E4098
:1006C000A68FE6E1CDEBB9731ED255E732B1FF8EAE
:1006D0005CB9FF8EB9ACF1DE1AE7C5FD411884E5BF
:1006E00024628A769FBBE7FFD4EFF6FF7FEEDFC779
:1006F0009BDDDCF5863BBDCCBB8D7D7E7DCBBF9F7E
:10070000FFE1F85BB157FC215F3773B652A96C0665
:10071000046FC762F666FFF364C4FC3C43D61CEB6F
:100720009BE001A4624C1A3C78186344065C63AAFF
:100730005F1721FE4393302CFA29402FBA9B5303B5
:1007400040DD086280BF8F3372208F90719A38C964
:10075000F9A819E31E18DB1CCF5500CD0AF321A21E
:10076000841CB915EAC804CD4A75A112218A68CB48
:100770006660E86C82DD176E1173DF38408932C91C
:10078000D6AFB4488BC91605C35BDB69F4779E22EC
:100790001E47A186A3234EE05D99E4ED502560D568
:1007A000D4B199EAFF11FFF364C48E360BF6BA5F39
:1007B0009978027EB3BFFD5FDE024150B1FFFFEBCF
:1007C0001E04D9FFFFF1B891268F6CFBFD63FFFF7C
:1007D000FFC28919923EB388D4C629AF7B49124A19
:1007E00078398F5F4FFFFFFFFFFFFFFFFFFFFDE146
:1007F000EB3FFFFFFBFF75DEFF8377F05E2AFEC253
:10080000124021ED8D83DAC57D3ECBC9FB187937C7
:100810000400909A90D3589497A81949A9B8408693
:10082000543100C51CA06E80A212C189C2D78313A7
:1008300088D073421A27FFF364C4382B5A92D23FF0
:100840008F8800F10848F0E400598DF2C8DB1932B6
:10085000B1D58EF2489F2F22368BE574911E18AECB
:100860004C1A1A96D0305A9CF9AACECE3CC0C9CFA9
:100870001D5BBA079D0741CA482CF393E4F174FA53
:100880006A458E9A9ED27B2CDA93A4A6F56A3C47E1
:100890009246A6DFD48D057EA694B33999F5D33858
:1008A000E3EE50900C5915B22CC170F37ADA00E5E2
:1008B000323C03FEB0E1EF65751196E41F69A6EFC7
:1008C000FF4C44A86391FFF364C40D1EB24EDE37A3
:1008D000CF680235F8B13E025E0E76B94F07F07D63
:1008E000A3F5053A5B418219472207E7C2DC68D4C9
:1008F000D092C68CBE91A32D251B1F41DEA363445D
:100900001F51B7A349042924E3BCCD6E94C54A7492
:100910009248C5D9975A0BEBB5D747FFFFFDECAB13
:10092000B4E8261305101E2F1756923705643606B5
:100930008F16678D49E4B929FECF6D249D3DB046E1
:1009400041F0814C415526FFC3F536E8A224E61F4D
:10095000FB7855204229FFF364C415217A4EC1FE6D
:10096000C18B282BF26995229296516B07DC2A40A5
:1009700069DD07F738660578995AEF65F477DE4147
:100980004E42F724D68CEF3848834144949216FFA8
:10099000961E130C0FABA96EC7E6765C6B15FA9228
:1009A000B749952B916F6A9DD1FEA8D73BBB8C634D
:1009B000A0B000806C1E51B50E648BD96A3143A77C
:1009C0007E592011668D18687AE5DC67B302680DE0
:1009D00013981C2A0D184025025159FFFF1778085B
:1009E000DA05E63D5E88FFF364C4122083BAC23E96
:1009F00078C54CB01364DFFDBF703D40F91DC72FB3
:100A00008DD00B401084FCD6C4196837902E74AD7D
:100A1000712465008E330379AB013504FC8DFFFC36
:100A20006A790202140310EACA47154B2FFA5D9B3C
:100A300076638739080C1108421DFF4DD93A233DD2
:100A400056AF733E9F6AAD1168CA89DFCEA8BFFF5B
:100A5000997547FAD7446D6C5728CC400242E0B7ED
:100A6000169415116AA4591471DB7EAE4C47E0B39D
:100A70000B8C2DC46E28FFF364C4131C9392E23ECA
:100A80000BCA364794D8D57E8EE42E3FEE2238FE30
:100A9000803018513E262828CF2943AE447555672B
:100AA000213FB6A22380A2EB3903C2CAAFCC66FFB6
:100AB000F9550E614177142390E533559FFFA5A7A3
:100AC00023BA9944BFBFD5B3218B7699DB56F4FF87
:100AD000FFEA9657C97F68E7A878B2EEFA880BCB91
:100AE000BDE5EA1C762AC84B34735FFFA5F1010C03
:100AF00008E860A1F1EDE02E4435910AAAA73D89EE
:100B000098E6F115AA97FFF364C4231C5C36C25E15
:100B1000794504B15B8481BCA870D0CF73C4BE8E0C
:100B2000CC1C97EAEDD4960A8A546501014FA95965
:100B3000DBFFFF431CCE28674A94DFFFCA554F7284
:100B4000B17F33A7FFF70AFFFFFFFECB7FA25B4B0E
:100B50007CD6BEBFE453159D8A4173209205614542
:100B6000415540349666F5B3FFFEA43040A7E9AF87
:100B7000410FD5DE53577F65319AF7BF78D9DD2E07
:100B8000855D114A242CA7A00C06160E8E5BC48E20
:100B900040F17B8E0F07FFF364C4341D79EA98FFA0
:100BA0005828004CEAF3387591D0AC867294AC505A
:100BB000EB38759FD1DD8DFFFF9844CE1D20B04CE2
:100BC000152C7BE5444756303BCB3C44F82AEAEDF4
:100BD000AD9F2C925B1479BF301D6A95FD61922206
:100BE000CFC440EC34A66FC24E271C6046223CA006
:100BF0006648558C05F501E772131BDFC7422B765B
:100C000092DAEC601D03485D0460702D05C4F01499
:100C1000C0DC02861370E78E80A5BA932EB85FCD34
:100C2000027E0B785FC4FFF364C4412D341A9DBD6E
:100C3000986803EC2EA26A15201DA89794826A0971
:100C40000100CC960A80941262664221A451FE995A
:100C50007D32FBB9C1370A80B51489113C1FBFE64C
:100C600005C24078266E3B0F3981D2F92EA489E562
:100C7000A487FFA9037A6CFBA0A2E10497A63B0A14
:100C8000278E9C2F943FFFD0A6FFB7A0565A5C2E0C
:100C9000569BDD4390B8DFFFFFFFFFFFF9E38C6E4B
:100CA0005FA19B8415424603CC06AAF53B1643235D
:100CB00082E0CD46C4FAFFF364C40F1CE3E2B96DD1
:100CC000D13801D168E819845D5E894D0ECC33F4CA
:100CD000E888E71A6ADB4434C08006103C92B4F21C
:100CE00065016163EBBD56DCEF9DB7F475312AEA0F
:100CF00050788963AC73BFF9D547358EFAB7FD35A7
:100D000037FD58C1A1A4CF30C6EE7AF7FFA18655B2
:100D1000B98667B733757564ADE8CA7FD0D626F259
:100D200087D0EC515F839FBA9A00544EA79EE5D4BA
:100D30006975246C9D64D06F333AB53B40FAFB94DF
:100D4000994898AD85E1FFF364C41E1CBAD2E31E36
:100D50006B04BC596DFF9999B3CB49F1D3A664E9F3
:100D6000E5A7FF7F9DC82312162CA4D77129A1FEE9
:100D700077656BC24959D5E23AA19C93FD0ECEFF2F
:100D8000F5E54616104109D3FFFFFFFFFFCFCE3830
:100D9000082106DD283DE9FDD9D5BAFD6301917032
:100DA000649504C1D177383F1C8D129A1FAF9649C4
:100DB000FFF5296B6F595C87FAFC4F5DDF3BD80567
:100DC0001F56799D0CE78D7259BEDD7660FFA6DE59
:100DD000A76DD47D8E01FFF364C42E1D3ADEF2763A
:100DE000C3452A060B047AAA73247F32248B4782D8
:100DF000FEA24A1FF470A245FFDFFD1FFE8A73A901
:100E00004A63380A337FFFFABF2D92A747CBFD35DF
:100E1000B21502104B1448F59F0D491DED4BDB2117
:100E200015C13A6252E922DA7A9C0A00C50B7A723D
:100E3000018222F9D2991093AB2500E8AE430AE172
:100E4000C946BE736843C821A851F8F227C7601489
:100E50009A7A4086F63C0AB512DA6B149FFCB1AB65
:100E6000AFFD7E3F6026FFF364C43C1D52DAC31E13
:100E700083CA9C07D6F5FBE7020153F9C4C553FDAD
:100E80005BEC8E63B7F181D376C8497FFFDC8C744D
:100E90007DBBD53E3FF6EBA208956DBEDFF3DFEBE1
:100EA000927CA3C4422A98694F4A7687EA18991718
:100EB000BAB49C9247FFA65E6235C59082E96E91F6
:100EC00072C0FE08FB10A76292871DED4C798F223D
:100ED000D532FBBF6B2DE7596F1EB2F3158DFD2088
:100EE00037B50DC3775BD7F5DC3826398CD5713033
:100EF000381017FCA67FFFF364C4491D29F2DE5E9B
:100F0000794D6EF31BABA1478A97FE564977C3050F
:100F1000812CB11FC70EA248A84EEFAEC8BAA4AE2E
:100F2000EB778C267B3D7C424625D3CB7FB8AD0842
:100F3000205336D4A5DF7DAF18E20C138B8140BC63
:100F400094AA5A47460F5632B6BD395BD539820945
:100F5000C3F580A66022B0210367FA8501637F8014
:100F6000D5F3809830A0A2615BE5774A2F4E652BC0
:100F700005023053197FA3F528C047298561808574
:100F80007C6055488A0FFFF364C4571C5A0AE6FE7A
:100F90006B043E3CA3DEB73C9034F5740975877D45
:100FA00040D3C4B9E2AE74EF456D5FF643AA204466
:100FB000429DE95FE7526DAC05424C7D04E5540C5F
:100FC0004C192314946E8563A3701B2935E77B1A93
:100FD00049711985CB352F04D152167A95EB180A31
:100FE000011974FF8DEBFD512C18096A97FAB5228F
:100FF0008DFC6DBF0C040302AE8F77240D1E2A0BEF
:101000003FE1AE394543B2DB705489509BBCB11609
:10101000E210D654AA73FFF364C4681C51967C7E18
:10102000DA4690BC1A53C45CAECFF25AAA0A31A673
:1010300072B98B7260282061608E6D9EA261DD4066
:1010400067081A401206105EA77251C2B66700897F
:101050000151D008302930349316093EAFB5877559
:1010600038CC60140D14045E44547A5DA9B44B3C32
:1010700099D68E3929A52B3496B4E6CDBBF8CA7A19
:10108000AA74C0CA32633C147EE66B6DFDA6CDFF28
:10109000CA6A77ACCFFFFFFF47FFFFFFFFE9AB0155
:1010A000C0062200C301FFF364C4791C418648389E
:1010B000EE8C54C03E306E09430B61A634C832D367
:1010C00023209F307E04A03000180F8118001C845C
:1010D00060149DC9B8601801C601C05660520586EB
:1010E000046020C9638D753A9733CD0D000050C060
:1010F0000802426E06692854B3554C5DE82BDB317B
:101100005247D41D6A5058B0E60C261C49E12A52B9
:10111000603ED088949FFFFFFFFF56AFFFFFFFA602
:1011200020183C059C62168C08E6C461660E848615
:10113000205DC6930606FFF364C48B1D30D64811AC
:101140005E68003B00665F902280F9AFE2B9AEA80E
:10115000F858322201802190702865D90468A1389E
:101160002960F200402C44038A00E2301A94E6061B
:10117000753F8194C7E29337750BE15A0B80AC073A
:101180003F6B818D4740046C030182E875BBB3005F
:10119000304C9E2D8CF8CDD0BD3B56A401B202D868
:1011A0000B20A4398188FFA0DACDCDC018261FE11D
:1011B00006037185A38F60140BFFA0DBED0B9B1D55
:1011C000E53173913270FFF364C49933743A540972
:1011D0009DA80098270569FFFBFFC7017D2DB999E0
:1011E0007CF7FFFF419FE821D3A6709125D3734977
:1011F000549A2A4400221FFFFFFFFFFE5C21841047
:10120000F7FEB2F95344BE7E061521081B1D8DB5AD
:101210001BF2572C9D21CF8E610A5179A1409A3241
:101220008268D35B1C2E0408056026008020A42160
:10123000587A226510BD05044CC724F913613F1B81
:1012400091C621F7280EF254DC4D4C87B30486FA80
:1012500045632409F94CFFF364C44E2F8C3AE1BF77
:101260008F8802951B6400F48E405C81840C94622C
:10127000A616A13F9CACF970E1185EA056489321D8
:101280001073073A88940F110A0A64D322E5A3EB7E
:1012900045A75C734DCD56973E2039B1B35356B533
:1012A0001A145BFF29D1FEAAACFB660688246648A7
:1012B000A7FFD49B189DFFEA48DCD8F1BA6BFFFA70
:1012C000D35A6A40B8667FD69FFA92A9335365F520
:1012D000FFFCF3D566061A780D56DFE38EA9910D53
:1012E0001E548F3E3AD4FFF364C4121EA42ED2378C
:1012F000D86803174BFAE85A0A8DAEBBD16A56621A
:10130000A9A9B2DC481F04A96A4CCC4818CC8C4966
:1013100010E31DC3B070180C90AB949371FD7E5018
:101320006EAF59BBEB343547BFABE87641F48E9BCB
:10133000A0F7452FFA9BCC5DBBFFFFFD9D26BB7F31
:10134000973FFFFE87A9A83D6A3C826C82D94DFF7A
:10135000FFFFFFFFFEA6EB4D6C7930F50090602B90
:101360008029939FFFF905840D12F956EC9F428E58
:10137000B0D87D1E154CFFF364C41A237C32BAD654
:10138000C3CABDB4103B5AA70F4405C77494165185
:10139000AD6F626EC56CF3BCCA8B0A1B201D076261
:1013A000BE35E21D1ADFA314DFFB2BFE7E88446CE2
:1013B0006E8F9A2FBC76DDFF38390ECA1AD31448C7
:1013C000DD575CBFF8973A8B2CAE5FFFFFFFFF2B1A
:1013D0007FFFF66F104289A208A21CC85FFFFFB70B
:1013E000539CE2EB1377D3C8C7312EA0722482033B
:1013F000826484040A1C14868B1B90009499B5FBAC
:10140000DEAB977CDC26FFF364C40F2003BACE5E0C
:10141000C1C52E44FEEE0F51849B4B072986A3D2F3
:10142000285245AABC4FBD6DDCACECA8C4FEAB5540
:101430007021FEEF27D5DCE83CA9C04934CD21D08E
:101440001F18AC83652E5A3E4868EA4184C5AC50EB
:10145000C77A8097FF546F65A21D11545319C28932
:10146000F7FFE798CCCA46E6FFFFFFFF47472CB3DC
:101470004D318BFFFFFF9BAB84A14C41CD98F8050C
:10148000C0B3E46EDCABE012EDD0BDE14F50652D92
:1014900030692FEC9A65FFF364C4121C93F2BD9E71
:1014A000C2447276BCA16559549914248DC891E345
:1014B0006434584D7E831B452FD54AC6021602C59B
:1014C00069B305217994B96636C866021CC25BFF10
:1014D000D4A5FAB94B0AC6966323E5FFAF94A59A43
:1014E00067CBBDB37A7FFD405A61598C63191E6387
:1014F000158FFFFFFFFF2D0D402794BFD0C8299007
:10150000A655A46A0601A90537B13C72C61A0A3B62
:1015100093A00700DAB4AAD4EED54C2185FD734D13
:10152000BE633151D6ACFFF364C4221CA15A859E20
:10153000DB06B4E3546A6F6618A53B7F6BB76A3667
:101540007590E97631548B97F36F63B920ACF05303
:101550009D36A250F7BD84118A885A8605D20E0A9C
:101560000B88020E4000E45DC4D72FA58CF59A309D
:10157000A45EB5B1CD3BFFFE150D49288AF8F08376
:10158000092E529A3DAF6DC9236FF7853B82120138
:101590003C2DE11C5C5D4E2895D74ABDCE4C5B3797
:1015A0007B0A2324A54E54D15D8334388202D8A20D
:1015B000E479CAACD408FFF364C4321C340AA4FE34
:1015C000D184778E88D4C9A33FA7FFFF5B5F212713
:1015D00047E8E9AB4EE75565673B394CCE73255C70
:1015E00022DD9DCE2DBBA2B5FABDF6F4BFFFFFFFF5
:1015F000FDFD4CADBABB3A3BB39ED52BB44BDD667B
:10160000E99A623F64B2D97ED689FDE6EA20FA956E
:10161000B6F49D5F28A01A035F7F169342BDB40500
:10162000627EF7DA033DBFD85C83893B1FB4F43890
:10163000103E3C496CBD28C5BA0108E60E2AB755D4
:1016400040880C383B6FFFF364C4441D22AEC65E75
:10165000CB0A8ED4FFFEB396AF76AABDF2A33DF2BD
:101660009D13F6DD6A56B1A5743BC51914C828B49C
:101670009E18DB5D32EFFFFE5C9719599601489F7B
:101680000CBA7A9A8149B5BB5BB7F6D9FFBFDB09C3
:10169000165D1F29252CFD0193B9452D3305006DDD
:1016A000292E2A85486420C3F1799E0AA146DD4B84
:1016B000F518940E2A8DB95B7FCDF0F0F508DCAEFD
:1016C00078A990E06D1290237DCC9EC889F5757243
:1016D0003757A8C69B28FFF364C4521BC1B6DA5E15
:1016E000C244DAC2677E58B12EF622CE8A8816BD71
:1016F00079F978A26A77FD340AA3D4EFCA36D410F8
:101700000019B6B6EB36D6D9F0A20FD5384A45AC9B
:10171000E8A465309E875A9DA605F6F5E44D7D56F2
:10172000778F37AA6F59BDB58CE10C503D66674283
:101730000240BE76000FE5AF01F985D77BB3CC350B
:101740003160327DC693ACB26665C37C763222EDE1
:10175000B2ED31099E800FFFF9127F60801337A12F
:101760006F3FF46529F8FFF364C4661BE9AAF65ECF
:1017700013CC7E1010393EF1DEFF90E09D801EA953
:1017800052A6EA761F817666E69384D05BF0830FDB
:101790006B21A2E11ED17B820201037B55C9F9486E
:1017A0004FE85273D1068030980906C80F15404C97
:1017B0009A4E6F64B52F281932E26422C01C132E92
:1017C0009A5AC59C0A8262A0E0441328281DF67F1D
:1017D000FA936A7E385480B438FA10855A5E5C7287
:1017E000CBA41BB030D019940B36454A6A95B9DFAB
:1017F000C9AA10D8DA71FFF364C4791D096ABD74EF
:101800008892E8A0F124FFF696991152F6424DA471
:1018100063125D64998E08B5891A54CB7FFFF8591D
:10182000D591BA2CB841B74380BFA1411DDD4A0212
:101830002404711D0CAC7DF46052B2395D1FF16758
:10184000628931EC8975FF14CB7F368527FFE9DB90
:10185000FAB7DDDCAE18D9511172B34C4BDCD69D12
:101860007D8445A2E35B726F9472FFE70BA6D555AA
:1018700010D49E7B40138D25D14D088988E80570D2
:10188000BB09AB2A61C3FFF364C4871C0AB6DA56EE
:101890007A44AE4A46FE7733A45F6BFFE022818F25
:1018A000EB6F028B01A98D4DC2533E7ACBBAD6B6EF
:1018B000D42D6FFFFD5EACC7F738313E5014DEA566
:1018C00043FD43A229F32BFF14F98CBBFAFFFECC96
:1018D000FE8FFE56FB3A6742853475E213F13028DD
:1018E0001DAC60B2AF3A0292B9C7F097FF53DD6A00
:1018F00080171CB0037200EBCA031E00940188C855
:10190000F7E1E4CAD93DB143D68A61558F82858318
:10191000E9AD0AB28E7FFFF364C4991CAADED25EE1
:1019200083CA9EE1AE3F7662AFFD6C68880A8E2660
:101930008420FA8B05210B7AA95D7FFCD7FF2AC78B
:10194000A5FCCAF1FE2A6942A45EB4C3DD9E77E21B
:1019500027FF3DC1A3CE20483A01112E8ADCD05486
:10196000962543DD888B3D49201D8E76C25C95010E
:101970002311785C400FDE3C8281AC0E927EA7CDB5
:1019800035C975D8CDEA6C6CF2B5AC79F729BA6374
:1019900019D91C289D0C28CF97AD072E6E9572A0E3
:1019A0006021454365F4FFF364C4A91C69F6A1BE38
:1019B0008B10483151CA5652B2B2952E5298EC86CD
:1019C000CDF297629057B5747A1B552FF965DCCF2D
:1019D000F951FFD4A52F314A594BB86144893E5A79
:1019E000C869234E885DB1454E877894458CD6A74B
:1019F000D4012905A251B0D6D0191988C3209FC39C
:101A0000F571B9E78CFB107FDAEFFBF148207A74AF
:101A1000FFD0C50445709D1D9FFE7396F32C961A4A
:101A20000292922E3FFFD40E09F51C04FAC186CA19
:101A30006AFFFE34900BFFF364C4BA1D3AFE71B71F
:101A4000581000C189A2FE58D5F3BF45B498FFFFD6
:101A5000FF13032261F913C440B3975682D8C89A82
:101A6000FFFFFFE73A16784778AB81D40AD54A756D
:101A7000FBE7B074E1FFFFFFFFFABC3638FB7913D8
:101A8000FF5C393338B63F51E95AE685AEFFFFFFB8
:101A9000FFFFFFE1CFAC52353D6F48F9F0E7649AA4
:101AA0002E28EDEABD8F4AB716C8BB527FFFFFFF55
:101AB000FFFFFFFFFABDF78D6FFDD33757C7F02942
:101AC000EB1FA8DBED17FFF364C4C836043A925F3E
:101AD0009878000DB75C4557C07B09F37322A32D9E
:101AE000B15D3F0FD8B8E0FFFD15B7E4C2C04DD2DD
:101AF000E0D31741D7064A5E0E0E6690FCFBE09DD0
:101B00001332DB56E9AB4ADDF9EE7DEB30158B176E
:101B1000A63C06B39DCE9F38AC8F26CFD6F129CEFA
:101B2000A392247522945C14A8A16C6855C2D24C6F
:101B300014805C0E4ABB80F90C63210CB1E345BCF8
:101B4000278A08FAB5F1786AF67A5E05A9ADE31F2F
:101B5000E31F5ADFF278FFF364C47331F3D29A299A
:101B6000DB78016FE3E735DFFF1BAEF39D5BFDD74D
:101B70005FFFFEBFD529ABE6BBD5373FD7A7DF81D7
:101B80005BE67870B5A7F8F2DEF492FBEF335C4BBE
:101B9000F5AB6716FBFAFE90F57BF9EB9CDB58BDC5
:101BA00066D40D6F7AABF8FBBDAB78F9F89925E4F4
:101BB0000971C165934FAF56C83CACB6C171007F87
:101BC0007AFFAB5841212B34D71ED3DB2778134241
:101BD000FF7F585D8DAABC877FFE8FF2657D6FE623
:101BE0004390DDD5EBBEFFF364C42E287BDEBA56EE
:101BF000C3CAFCC673A1D9D63C39DB10DB7F44587D
:101C0000B789993B1C2A19B10D3EB4A152B2E61511
:101C1000243A10F46DA348AC431959A1EAD4D4B6C0
:101C20008B8B6DFB1C7893CCF6B4BB645C6F1F8709
:101C300000E14161824EEF37D15FFFEC7239511202
:101C4000854354E8C6AF4A5D94B4D37ABAB55A9F77
:101C5000F5F5A8BF64EF98A820C665717A9999999F
:101C600083E76DA7EA7C0FA00B2D911407B185FEC9
:101C70003FCA2C084C5AFFF364C40F1C1BBECA7623
:101C80007A44F4B77931762DB12F2B0288FC2107E5
:101C900096FFEBBC32CFFE0B966A5B5E080C357F7D
:101CA000F8328A3EA098F812893B7420DBAE352AC0
:101CB00064D154392EE00282B1BB21BB0530D94E2C
:101CC000815CC5FD4ACA2C214ACBA7F9DFF5D2E9D0
:101CD0002D12ADF6F37FF733BFFFFFFFFFD7FBCB2E
:101CE000E1851EA14A06035A8A78684B96DDBFF942
:101CF000AA4C53E7D38CB15B43FC748E9658B0B2B8
:101D000092EAE66AD1E2FFF364C4211CB956CF1E01
:101D100078CD107E2BDF8C830212175771D5664861
:101D2000A4A51F2E352CCF8DEA19AE7652AE408079
:101D3000F45C180D6402A1D484461A4F1D4680003D
:101D400058A3D8C0D1175A113551DA9E52140AB689
:101D5000D8A2D8469FFF9A161A540B0D8A6C95D9B3
:101D6000A829241E3584153DBBD001A2F455168048
:101D700003425D53D594BF8CDABCCF538938B4D3BA
:101D8000E6CAC877CD20BF7EA17BEF77EC0A2CCDC9
:101D90007F6BD6E10DECFFF364C4311C395EB25C9D
:101DA00093CC5C838F315F59DC1EAC260C818A3A60
:101DB000AE3367E33A6824D64C4F125D664837F578
:101DC000200C24028B613622B323B8A8CC26A9B3F9
:101DD000C71E89C77FFFBC209F53A1137F58F039CE
:101DE000F07046D043595D6200A73FF75F091E04BB
:101DF0003A465E43D023EE6B41AD0ED43EBFE24780
:101E00007134DD3B0BA55FF5F5595B92500365AB73
:101E10008453E9104DCFFB1C443EF8700B3D185F16
:101E200077BAF566F274FFF364C4431CFB96C27C78
:101E300079850C6521B40856BFFFABD25E57F9BC5B
:101E4000E75FFCA8A96EE8D57453F593CE87FFEB46
:101E5000FA79DE46A9363CE2DD4423DF8CF9C41C66
:101E600007832D27D0536262E2811F4DBAD5300817
:101E700010D84E6A7CB820A6ECF883929E3B00A254
:101E80008F1DCC06109677748390527E66491AF5A2
:101E9000A5EC648B79C2F1B660C4ABFE40D9FFD02B
:101EA00040556BC1B598F4FBFD5B9D0C67AFEBFF34
:101EB000C9FFFD3FFFB6FFF364C4521CEBA2CE7E08
:101EC000698584D23B438B30974421C237B0FF569B
:101ED000F5F574EC729AA8DB3B3A14C541AF61C6C4
:101EE000FF2D2A64CA8CD2E4BB603094BF99F256AD
:101EF00022109567337A630F001B11B2E13129B7C5
:101F00000F883B207C58099B2D489D067490744B8C
:101F1000E0C249AF999AF51306DF50F78D066F308E
:101F2000EF38AFA8B7D3E206F715FA7742FE6F4550
:101F3000FBFD5FEDF2FA978D67D44518DA08EDAA3C
:101F4000AFFFFEDE3088FFF364C4611D0B9ECE56EA
:101F5000C34A7E845082EF171471EEEA10400C38A9
:101F6000F427FA16DA0855A9552EBFE15524F9963B
:101F70003FB68C5D39EF9B76A9064F17D4BEE14082
:101F8000795FF86D148F3FDC853C7C5F0A50E889EF
:101F900035F7A0963F57C7CC467D84857D450FD445
:101FA00054FE2246F0CB62228DE23BE66272911F24
:101FB000B78C1E187706BFFDBBB0D0B434043C21EB
:101FC0007E24FF5BEA165A8F3D0236080F1B266CF3
:101FD000E24C7F91D014FFF364C46F1B79DEDE56B0
:101FE000C3CA9600D51A56341072A477C4609CE612
:101FF0005CC21C0E7C8ED361E80BAFBCCB464A356D
:10200000FF6CC480454CA2C4A01C10AFFA5972C426
:10201000E67FB58BE97F6AC9D7130C0A4591512435
:10202000B7EF5CE9B6DF6D2B2B0FD8591AA7DC0B85
:10203000040B1D30301C020A992BE5E03F2647FFB8
:10204000FEB7074B147F2CAFFF00ACC92F66000210
:10205000D2EFFDB5511418924703D893F5B7F2BCEF
:102060001E149144FE13FFF364C4841C5956BE6EC3
:1020700006180C51AE03993B37B0D65B4EE4235B98
:10208000D298E54C3253E09051F3AD5547B676F512
:10209000B1993EADA7B3A245221D12DD88CCD7630E
:1020A000BB10CA45D53F12662BD99E6FF5B060B202
:1020B0004FACB32B3BFFE6FAAB732B3F4B7A29397E
:1020C000D4AED65F56FFFD3DE95EDFF75465B9D467
:1020D000C08FE01FA2B42A08A7A4B1C37024FC914A
:1020E000F82E68C9216DB0EE10D0579F6D7E9968AB
:1020F0001F33637DB5B4FFF364C4951D4BC2D6F6A0
:1021000079850E7A93B37C62F090ACFE5066F3232F
:10211000B65A067EA81838D43101018D5433995B24
:102120004AB2F5672F52B2B7FED41454433F7FFF33
:10213000FFFFFFF56D68EA8EB996F37FFFDFF4FECF
:102140006A7423ABA191C092AB0729E5F37FFAA78C
:10215000A4E8AA03249EE4092C857FF1090E091244
:102160008C84A3CE9816531D48EFF5A6166FDA455A
:102170006BE2ECA1F4DB0E1E4B13FAFF34DF526F5F
:10218000920A4C913230FFF364C4A21BA3B6CA5624
:102190000BC43FC18F3BB30987D2944EBEA9637273
:1021A000AA97FFFF1988289D99955A1F3FFDBFF8F0
:1021B000A56FD52D9B6CFFB7FD578DA91A8960A817
:1021C000A0982BFFEA7B33A55D1E0B1E9E233C9B34
:1021D0003AA48B5556D80E781CD72574C2059406A0
:1021E0006ADC08D02023B2D8CEDFD5B44D5AA9A6D8
:1021F00059B936199BE20A389355981D05A6AAF6D7
:1022000051CDFFC1A026962D3A1206A44AA84591A9
:102210001105073E0D04FFF364C4B61CCAD695BE73
:102220007A06B882A02C44057221518FC1A0AB92CE
:102230004BECC4A22FFFD8483B113D40D1E2A25C39
:102240004478AEAC8F4A4C414D45332E313030AAE4
:10225000AAAAAAAAAAAAAAAAAAAA6AEAA6A5F41631
:1022600079E0E470BC9D41D12954A582B32C52E1A0
:10227000AA4ECD27C44E6200E96235165186A08E63
:102280003BD9346DFA5952296DC84DC4CDADCD59E5
:1022900037577207681446C68AA8758650B5A9EEE6
:1022A0002A922C17E865FFF364C4C519294A585CC3
:1022B000C0905854AAE631F16C8D10196BD90529DC
:1022C0006A3FBB5CFEF76DFF97B370B38BADBF0A7F
:1022D000F4D999960B2404698350C7332032BD0783
:1022E0008395D0398F0E037353B9D7A4E2E03782B8
:1022F0004DCDA361515DA25D52A878841C95A57C4B
:1023000031314AD621520C9BD52035704625832287
:10231000E507910EE15695C1B0AF6E0904A42D51A9
:1023200049070D0250B0193E15557584D0D150FDA6
:10233000602160544B52FFF364C4CF14A826385474
:102340004B1E0014AC85B140B0D021918718F25BD0
:10235000AC06584E62152F79E24E61E00B04F7810E
:10236000402DF2FBB037304442C5FDCCCDCAE0B0C1
:1023700070B980F90166FFA66E9B8184100300008E
:10238000193806180338015F3CE685F22E6E07996E
:10239000C0080A0306C0C2000C520288F6F4169A5E
:1023A0000CB300D900C20801A0827F10102DE032CA
:1023B000DFFCD1B64360B871932A10C2A862310421
:1023C000C83923FFE9BAFFF364C4FF23941210A1B4
:1023D0004C180119BA699991727D863C52E16501E8
:1023E0009704781D39788E0B66320400597FFD7E84
:1023F000F7532740DD377419050DB2182771418C4A
:10240000D81830A06241873C5060DD70BDE500C245
:1024100060D8B00E10403EFFFFFFD0489C13B95E5D
:10242000EBF4CC89C2F8E32811090C2A8ADC770581
:10243000A5018E0433A2973C91040140E448B41FE7
:102440005001160144D569B4A2512852259513654F
:10245000EB24B95D12E1FFF364C4F338943A400110
:102460008AA000317C0419136CB800C243F372E9EE
:10247000C9EE216264CDB59FE71AF934856C266AEE
:10248000D74C3134FDE4D91EF0A4F00AEC6E994328
:10249000402F5B646670270825B7AF7C37D0ED0905
:1024A000FC14293C8C54332C2CB63030C09DEE915A
:1024B0005134E6F75664D533ABCFA63CFD7DE27DC3
:1024C0005E146D2774C0CABCA6774CDB0CF1E139F1
:1024D000CB7D6F7A9E3EAD24B68707EF55DE75F350
:1024E0008C5FEB33D1CEFFF364C493353C2ABA5DE5
:1024F0008C78024DABDCE152681169AF0FDDF62339
:1025000049E59716967CDBE77FE3DEB8DFFE98F9B6
:10251000FFD23ED9FE23DF7B7F96B969F769BE3FC4
:10252000EF205BFFF189E5C5FEF18C6F58AE614D80
:10253000F75DC2C210B8880008C7FE179BB858C321
:102540006F10028CEE0A8CC4C5411E5D7E5ADE54AB
:102550006E1C6A5385BD526C94289BB221882A2F29
:10256000121B40713616140F8E0F143A67441EA8C2
:1025700083C4C8614307FFF364C44125242AA1939F
:10258000D92801479C48A1B33365102D88EC4775C5
:102590007762F7A6F43BEAB4C8D563511D1E445ACE
:1025A000193ED91CC3E2152B14AD663199EF9AD5AB
:1025B0007B155A247A51A433DB6D13D1F47AED5490
:1025C000AB1D10E729D8D32B0DC9358C7752B76ACC
:1025D000295CD443A0B0AAE401044800FE96ABCA2B
:1025E0003751CA10B95A631629FB1C57EE24266EC0
:1025F000C5131260A0C222A4A649CDDE52E93BEE6B
:10260000A1962E8E74B9FFF364C42F2113C6B25461
:10261000C24ABD01191AE2B5D640AB739B77385256
:102620008C42D46519192020B9C249AEDB644AAF87
:10263000FF39D9DD995D8C519EAC877352D35F49C8
:102640007CBA5352B597FF2FE8CECFEAA6DB916D47
:10265000BFFFEFF6FFAF43CE8D041339C841D194CD
:10266000BCBF376FBCF2702EAA8103010E2007DCBD
:10267000D3F585FC12A804E2915946A9EA5F4FA759
:102680003FFE1892EE2E7F76B313B71B7C134D5F7F
:10269000A954925120E8FFF364C42D1FD3CEBEF697
:1026A0007A05155417124A3A931751BE2BDD407321
:1026B000021855959E306BDAB297C7AC6E8114E460
:1026C0001D3969FC54CA105A7FFFFD3F5FF5F37F47
:1026D000A3EDB391E545570E3FEDFE6F67A595510C
:1026E00019794890A4010A02810C520A148B61FCEA
:1026F000BB81D6EB816AA00053A8004CDCA5FEFC90
:102700003677C8584C8FC43D75163B0C466CE62690
:10271000F31716BC9E36BD63F93BC6F6A7BFFDD1C5
:10272000E25C5B5675BDFFF364C4301B73C6B25EDA
:1027300078C5647CE6B8B91A320E962C6ACCB159C9
:1027400079A91432CBF47103D2B327FDDDCAC632A6
:10275000CBFFFFA2FE52FFE5FFFD7D7F7016FFFF5E
:10276000FFDECFAE521DBAA4C185151AC150CDD619
:102770002E8590248DBA4F0ED3FC10E00D24724BA1
:102780006761BE7F5F687A6A06DF0D47CCB56CCCA7
:10279000CB57FC90A5918DF45B084CA0F954B9A7D8
:1027A0009A9458D3A75007489609A5ADAC1B0005CD
:1027B000A1A51617582AFFF364C4451C490A88FED0
:1027C0000E4C100A07783613751FF792C247946AA9
:1027D000D77F3C252CF5280CFFF96A83A58782D08A
:1027E00050D11231624061288C907091E94476D5C5
:1027F0006027F0E19C350B0C0263711ED38003202F
:10280000E4AF142DFD94D153771E63AFFEEFF78B29
:1028100037B330B1CB17F8B6E0240060F8599AC945
:102820003599960A1616C906A874AAAAB70CDCAD83
:102830007CA92694734EA0B0948ECFABFFDA96FF9E
:10284000D4FE251086A8FFF364C4561909665435D2
:102850005A40002C2279DFFFF2C0D035BBA751EAE5
:10286000CB2A8000A4DC04D530AC45C30C472995A5
:102870001BA05B0E1A76623AF4535245F76E25ECB4
:102880002C3B242F3723334C8137C294A6B4ED4917
:102890002D4F7A251895C14BB50B41BF49AF9E0E00
:1028A0009AFE996BBA682B5FDE9B5DEDE4D7ADBEF7
:1028B000C2F47BC1FFB1718CD76DBCF247B00C394B
:1028C000BA7AEF8C3758B5E4CC231E78A76B755DC8
:1028D000FBBBB8E8B08BFFF364C4742DB43A1C4B57
:1028E000994800086D0A5F6A709EE7D8DC271615C4
:1028F000DE5B3569FF0A468D7A520DD7A5A53AF001
:10290000F7EFFFC637A597ACFF27D33FFED6FED320
:102910007A9627A7FC137C04EDFAAC14672A8BEC9B
:10292000152A8ACD194A28221D02C70CEAE1709D9A
:102930000843208FDD03459914159E0AED3ECDC353
:1029400003BA5F9F014FAB5E7CAC7B9C201809BF34
:102950004E78A94B1CE7CC1397CDE2D46209801DB9
:1029600005D190A51387FFF364C4402CDC1A8E5F59
:102970009A680144D54108C410009411A0BC0940D4
:10298000CB1C02503CC80B41B53439E27E32C781C2
:10299000814046C39EEE66E6DD3FB0C39707B19126
:1029A0004079A4742A6547A5CB9C2B24FFFCD9153C
:1029B000A0DD042B18334374BCE37FFFF45337A925
:1029C00033EE9A5A0CD5268246C6AE820B3C719BDA
:1029D000FFFFFD95A9A9DD06D5A69E8397D13041BD
:1029E000041149259D61F500010331D37BAF528B62
:1029F000C39C04700191FFF364C40F1CC9F2BA5563
:102A0000D368001843246C96532065EBF620C7BEAC
:102A1000B3474BCC89E6B6EC7135373A25A164470C
:102A20005A05D4541150338643BADD01DA1301C874
:102A3000793D94623DDFD6820DB29C95491DB4D498
:102A4000DEB62F9BCE3BAC901C6E7F637FFB790183
:102A500001C65DBC1F048BC180125C73F789DD88E1
:102A600002726110F9CB482AC466CA9A404828F419
:102A700034CC08100DA84682CA29A133250021C1F3
:102A8000B01308BEB16BFFF364C41E1C4C02C65CDD
:102A9000988DD12BA14DF25062A1D6E5016C43ADCA
:102AA000CF0CD19B208DC5082C97DB3318D1E6B510
:102AB000EA321C6DF7233F99FF06FFFFA85FE1FF95
:102AC000DFFFFA7F5FF5BFF92D22A5BB215BA97F50
:102AD000FFFFFFCC62E10EF28851272E735B1F2BA4
:102AE0006633505A32B9D58452ABD6C6B5D5ACE0B0
:102AF0008F02F07B02A4A48B3D21BCA37847453014
:102B0000B18E13687A0F7DAB8C3E9A929D85071E1D
:102B10008F1E773BADD8FFF364C42F1CC2DABE4CC6
:102B20006E1498B5723B3528F09C9E508D77FF2D22
:102B3000C78059EDE422169E8209B6F1A37CD4FA2F
:102B4000B0FBF9DFD0D64A4D18899FCE4FE67F31D2
:102B5000BF39BFFF6AA18A79C4DC38DA7FFFEACCCB
:102B600087BEB789648F16070A4025C54B94B76F97
:102B7000FB3926082C262D572FADB495ABFCC7BCCE
:102B8000A8B642459B4922A2B4BB6E03F6CFA29CD5
:102B9000DE1F87502B9CEF30CC90098418DD2B94DE
:102BA0001B96F941697FFFF364C43F1C69D6D71EA9
:102BB00056145C222E956B38ABFCD6FC84B1EFF535
:102BC0004D771F020C8C7F3BA41984A0529ACE3EF5
:102BD000B1B2AC34F29E7BFE9F279FC3C1A2A08FEF
:102BE000EDA9EE8B0F72060930A3A170524D2FA2F2
:102BF00065506DC00B0E233D0708A20617E2DA6090
:102C000086530B62572A87EE41080901448C18133A
:102C1000CC896E64264DE9244F08720A7AE746355E
:102C2000FEE64FEB50EF92C1D04FD0CDD5EE3FF73F
:102C30003B29AA68C15BFFF364C4501D5AD2C2FE8F
:102C4000814790FAFFFD56A66F6DFD10C9E87AB175
:102C5000ACE760EEED13CE91EBACA06940E4F31766
:102C60002485359FFA5414A9F5061910812C0ED924
:102C70006EFFFF7C6818ACC1D2797BE11026A96693
:102C8000B7BB8786058095393F3758241307B4545E
:102C9000B7AC110982B35EA4E50F027423EEDBCB5F
:102CA00067EC2EF9EFBE55EFF33DA2018A0A5DD61F
:102CB0006294E778841267FD59020475000CC357CB
:102CC000A3FA8E9D6A7DFFF364C45D1CC1DAC2DE87
:102CD0007B04F0F9D5A02A038DF12A5A9FADAE2DC1
:102CE000791B16AE43FF570E9295B020E2976B7C8E
:102CF000CE1C1E28C332E178902438EA101211AAA3
:102D00003CA62EA829032270B07E466AF8F4CC5067
:102D100026B65CBC3F009C55EC80A93E554F011483
:102D20004C22AA69FDCE7CCF522DC861C085B2234A
:102D30008AB3369501234B2FEA52398192147737A3
:102D4000FFFFD2A081811881812FFD6A1AFD60B337
:102D5000A2ABEC895C70FFF364C46D1CEA62BA1E1E
:102D60006185280C1912D95D312AA4C126DC8E395F
:102D7000FEB498977452D82E1C1E00C00BB088E386
:102D800048340305C2B01492AEAD92EDB9C4972C8D
:102D90007008FD9FA0646EDBD5239B173B78F1C9BB
:102DA0001D70BDA58E723C552828E43223AB6B2ADA
:102DB00036A5F972A94CA144988EE84FFFFE696AC6
:102DC000149FF3C815C460D3A1A6B23B95599114C2
:102DD0003AD22E2BE78EB318EFFF75552651A4DC9F
:102DE000B6C97F7C2C19FFF364C47C1C2A62AD7EBB
:102DF0004984F69C68412CA8431CD089B8CD6374E3
:102E0000B62E127CBF094ED3B94735CC8939D38B46
:102E10006820B1F33AD15E44D458A97FC1B55A7A3B
:102E20006591880D2AFFE8C7FCCE54579CCFFFFE62
:102E30009852CA3BE8FFFEDD2B5B5FA9724E8452BD
:102E40004EE453A32115C8DCEFFFFE4228E35228CD
:102E50002477413BA205600002B302E65BF4E7443D
:102E6000C587E4B8D6E8864B2E93C07842889E3B4F
:102E7000948CC271F8B2FFF364C48E1B63C2BA3E75
:102E800030C566711DF5CE439EF7E0BDEEF66DE6EA
:102E900016BD9586494F58304AA8D2F1E3AFD36F9B
:102EA00045EE220406295CAC4866E3E8E69F210C67
:102EB00036C2E1FE531E983E40B26E218BF59F91C3
:102EC000941C704DFFFFF845671A9DB4FDCB0F3A77
:102ED000EEBD8DD9DED61602E0DDFFEDBF6D692EA9
:102EE00000C04FB22150CE78CAF489948DE4684C6A
:102EF0006A6A5CDF7041D37CF273B514CFBEE7F32E
:102F0000673DBA9F74C8FFF364C4A31C79BA955E89
:102F100060CD844FDA04771102065EB1C4090881DE
:102F2000189B251F48212A22590A0C8006180708D9
:102F300008CD5D0020810303FFF77FFF9D40849350
:102F4000C2AE71718A34D1EB22BB94182E547CE04E
:102F5000ABCF90FD4E90212A84040072806FFEEE6C
:102F6000A8A1352115601A8DA5A894A6856DD24A11
:102F7000A929B387B78B379DE1AE6219A77E7CFE86
:102F80005B111D4E9010358421E209D6D2387C5B4E
:102F900058F1DB498ED8FFF364C4B41D3996C63EA0
:102FA0007A469C8A241B68C2A7243AB24C38862AE7
:102FB000290FA27F49DAEC9AB3FFFFFFFFFFFFFF63
:102FC000FFFCF5C9FFFFFBDBA819CC33A91C765D1C
:102FD000461F8237CA616E07B4622476601A565261
:102FE000874A28EAAFC6B4D6C504CB6A7279A3B0C3
:102FF0006B59557C51FA34F30159F02B673738C1BE
:103000006C954B1B3B0B158E26416038781A203C83
:10301000400212930084C0A290D9E4956854E9AFAD
:10302000850CB095677EFFF364C4C21D3BE2C61EEB
:10303000C204DD54524CE5AFE3BF6C340D0985C2C8
:1030400061D05442E57FEFD8A5B187CC14B8BD2F2D
:10305000DEC9A395CABEBC94E6B13F86FC05090152
:1030600001585BC63C7976B81622D62698C9D23F5D
:103070004C110EF3815B0E004EB207A8C6774533A4
:10308000D8C02BF47791B5434A6033950E38CA51B6
:10309000A4339594A932B1BF567CA85A997857BBEE
:1030A00099CAEDD7FFD7406667D3FFA93A7ABB3CF0
:1030B000EFDEAD5AEFFFFFF364C4D01B58FACE36F3
:1030C0000E0A16FFFA591CBA7E6D5873B6A2500A42
:1030D000E62879D84C8A000182000B009740AE792F
:1030E00082002687609DB04E93EB74500A61623077
:1030F00038350B90CC0500C340E2D48281ACF43863
:10310000190F75A99E6DE28C0E366D86904DBD85AA
:10311000A6954C5F6D7AE23AA6570575886B2C1A16
:10312000B6A6A165EB7299CA12E54AEA159857301E
:10313000735AB2EB5D5958CE762EA5FD263144A9BF
:10314000665321E8CEEEFFF364C4E51D2BBACD9E95
:103150007944DEA6B333F5F5A1FACCEE89D77FC862
:103160008B309738703633AA29255E708266757F5A
:10317000D5BFFEA088F2A31ECC56A14CC95252E97D
:103180004D959888B10F4615405A00810A62047027
:103190000449BAA5310062613CAA65905E4A013CCF
:1031A0002D284893792ECBA9909EC91FAB91C5F3CA
:1031B0004B9BC074596C9119469441E35ABAA4A42C
:1031C000B0D9355E75BBF9635AD7D572E6A57AEAF0
:1031D00096830027E8F9FFF364C4F329B3FE76343D
:1031E000E3C4D807BBA0A0F9A62B55FDFEDA150B4A
:1031F0002ABD65499577A934535F6573117ACFE984
:10320000A0C173338530D21A65763914A85906885F
:1032100054E45FFFFFE8DBD2CABD1FE52151E5455D
:1032200051A20613ACEC85B9511868A2566A04B8CD
:103230008A8F14B37E4C3A2A3982DCC7E074E07E70
:10324000C2C106A129956D9A2EEA6AAFFA20C4512F
:103250000E0A45197351DE5A8858D4A146C5E5AD0A
:10326000A8D5582EE9F0FFF364C4CF259426723C0C
:10327000EA4AD5FCE9192582958280750194F7EB1D
:103280002D5D53A3602173169D45A0A8C17D765581
:10329000BE9114F054EC68A02A0D5259661FFFF934
:1032A00055CF37E6094C82D069E22625CA255AA2B5
:1032B000D6C4806B2B48400730BC18EBAEA3438BC1
:1032C00092653F4C1C1157561D162328AF7A552E78
:1032D000A5E569763BC798B2F0D70236725FE1E5A3
:1032E0000786404718F949BB3234060208A89606FB
:1032F000265070CB30CCFFF364C4BB1CB92A707C61
:10330000E186B0B00CC14114AB8240A0F3A7DCC28F
:10331000D175891B528F6D02869D236BC8ACA9594C
:10332000DA78684B0ECB7FFFFF23E4716A950008C3
:1033300010C1081040741191132A100246D346C6DA
:1033400007A264F5CDE9B3EDB3BDBF81E6CC740D42
:1033500021515D4780CF99032E3C038BBF4D3781B0
:103360009C0C294172087F7DCC0D1621206A80B506
:10337000C0094A06B45B7CD19D97035458110027BD
:1033800002FB88403216FFF364C4CB1C915E585F89
:103390005C1800D996E8204F97CFA00046C3A20B37
:1033A000E84289E05C065FEF4D934D042991A458F3
:1033B000C45C64991C2C8100047FD5D7FABB6D9343
:1033C000E6E688980B1B282CE07284E15BFFDEF4B4
:1033D0002A34664D02FA77F44DCB8B615B950899E0
:1033E000A8B2C8537384E0B2D0FFD3FF557535BD82
:1033F0004A6FFD932F9B90F10B8A5C6C269154DCF5
:10340000B83BCC0F103375181207D5FD4DB81366B5
:103410000AB26660881CFFF364C4DB33D43A4C55AF
:103420009AA000862914A6216600182062F0702B4D
:10343000EAFC98C919404CA72D404CB5BF90629842
:10344000F90DBCD903890FE368D8F39324A09BC975
:10345000A1C83311C11306C81368B9C6207CE08720
:103460004172173904299040E805923D940B86611A
:1034700080C6B31B10D20E167C5309720820B07A96
:10348000816302511B6B722E2CF23A6A7483907422
:10349000E9940730904913A501971DE68C9199A1F5
:1034A000174191738689FFF364C48E358C2E940185
:1034B000DB9001A965C4CF9E744BE665B41D69A677
:1034C000A5FFDDB499AD98291EBFFFFD1FD9924419
:1034D000DCF54C4D97DF6FFECEFBEDA26C8CF293CA
:1034E0003C6D454E6C78BEB741E9A4B45273C7D366
:1034F00064546EC9D69D6E8182CCCB2AA000078110
:10350000433AFB784BC287959F396AB40268B2563A
:10351000138D665ED909C46BB4767BEA176AC6E57B
:1035200089FE800DE1DE26FC23B859ACB229ABD769
:10353000A66EC223DC19FFF364C43A26DC2AAA264D
:10354000C9C5A5FEF265745DCECF6E3AF4DFCD49F4
:10355000611CFFC145F7CCF0E3B4CD72CB774020BE
:103560006CD480C32A78E0FB3C7478262FA3927633
:10357000ECDC599F843797FF5F8613A155178C6E3B
:10358000AFFFFFA3B6E6459CF76753AFFCCCF454FE
:103590006A2CA479BFB257BFDB53A5C05C350F00BE
:1035A00028503031F58008340450029DE59635B737
:1035B00034165140B1FDD605A575AFDA9B7A84DC8F
:1035C000B0CF34665A32FFF364C42125941AB25E38
:1035D000C3C4DDC7B3F70CF4C98BFFB95717EFDDD0
:1035E0000A8B6A621807CB6429CA307C091A81E306
:1035F00012FDD9B79BD176B3FE344A6BF587C3DD94
:1036000066FF3969A5FE1B1975FD1B27FFB871D52B
:10361000D209F842A6A712ED30B12DEBFF97D84A98
:103620007562FB7DFFFFCBDE72CCE5314C6A3EED6F
:10363000466291E520ACD5B965D3A6FFD7D8F4CAC8
:103640003C1A854587A85C8295A586E471365CDEC8
:10365000D995B4A70241FFF364C40D1BC9E6E25E2D
:10366000618742BBCB2E90B45AF97D2AC85CB787DC
:1036700024D6DFCF3176670C605F76D70A5DE9B27A
:1036800021049BDECA0156F2D039D402A2698CCD46
:10369000F9337CAA3D5957FEE7FF4ECD7DAB379DF0
:1036A0005E1351277FE74D0D6306BFB3F8980CA456
:1036B00091834B45FFFF911AE703235C5B059E5402
:1036C0006051E79E942A4588F7569496B73E338119
:1036D0001515C0D032D8B4948ED2A454974839ADC1
:1036E00051B1A99D9344FFF364C4201D4A5EC63EB8
:1036F0007986D2AA02449EFD6FFBE13B8836109E7C
:1037000020C5B4C91792367C2CCA982F7B4BEFF991
:10371000F198F87C7CABFA3BD03482C387AE201999
:103720003EAD9565D6568A7C7E19AB2681CFCAFF01
:103730007132EF57B9DFFFD0525D46451017060DC5
:10374000B2B0297103D6E7CBD5806A75B5646D3FF9
:10375000CEE5085C6BB60ECB36B4C4A5D5F39E8718
:1037600070CADF2B5A87A18773B33166DA9D4B95F8
:1037700064D0A8A8A9B0FFF364C42D1C6ACAB99E7E
:10378000C204DE55C37526F10EC4A7B7F048AD3AA2
:10379000D7F5D7F84B5FFED943B2930C5942895401
:1037A0003385329A56D191FB7FFCCA24BFFFFEA617
:1037B00074C3010322576857FFFE4AF068ABB50196
:1037C0004A8086077108C0EA4DC11CCEEB25263819
:1037D0008844C8C91D14F8780BB71694DF658D7A34
:1037E0008E9A310F52D2F6971ED277CB9945E7B910
:1037F0001D7E6CCD6A276B05018D832C0E960641CC
:10380000D9509804882AFFF364C43E1D00C67C7F0B
:103810005B30001A3C0D3E1D099DA678153A259E89
:10382000129D9109B2408A859FF2C5677FD67824A0
:10383000220D3C70F14030A868B1A63BFF9DA95114
:10384000A31F9E895CC3DA096B28265C4DA6D4664B
:103850003422109E50AC60104B942FD5C308C14148
:10386000997B2F0E3C3A432D17E6F20704101B12EA
:10387000AF3245401AC037C16615E0B4002E26F4B9
:10388000C1080B41285F1300B1119170DC9326220F
:1038900099498A82F030FFF364C44D2FD42AA25D87
:1038A0009968030985EC490986C66EA52DC2764341
:1038B0004CD1040950BF980E73E3B3F86F9697C6C6
:1038C000014390CC0E65D282ABFFC9773732250415
:1038D000C0B84A1B2CD8E9C200F74FFFF2E1A2CFD3
:1038E000A6C9A64B9BBA0431B6A32449A27426A646
:1038F000E48A5FFFFD76A7BA08327AD4F511CBC807
:10390000B291454BFFFFFFFD0E87FFF518947B9F9B
:10391000313F59EC03AA17DBFF5A3C81C24D776C4B
:10392000C16161C26551FFF364C4101D31B6AC2B97
:10393000D8600069585565AC6872A5D6D328F07D6B
:10394000DFE94D9D27279AC25712CACF541A134355
:10395000E06FEE076443A25BCA09DD2B2B16AF8E26
:103960002F7DF829696EF0EDEF8A6871076F4B7B48
:103970005FA74CCD26767AFB3D3BDF3EF330E884F3
:103980003AAFFFD5FFFFFE970A5DFFFFDE74DB1A3B
:103990001012B542F3C130528544211ABE596F2D21
:1039A000E19272CEE18A3B83A4E7BE8F5A9951E33C
:1039B000A70188CB751EFFF364C41E1C9C2ED6364F
:1039C000C204D30AFC9E1F329628FA137762202E77
:1039D0000F9E8A9AE156BB6953B77B9958CA086211
:1039E0008954F42CF52D9DDEE56A4C63150DB37FEB
:1039F000FA796656A3FFFFFA23AB1E4FFFFFFFDEE7
:103A0000D5632039CC6128E7FFFFFFFFF296952BA5
:103A1000BAB75534C60271758144592A5AE5DBEFAD
:103A200058506E716DB4CB052A90C901382A4A5995
:103A300070AE726E7284A2FF89009E609232C48161
:103A400082BB9652F1C1FFF364C42E1D01EAD65E1B
:103A5000798AD6427B91467E496F32467FA796A5EA
:103A6000CA0D05BCA5E6FCC64599C494A598445466
:103A7000AD33D91E6FBF1105414D47BF86AB7004F2
:103A8000E9DFFFD4B150A960A82A199732E77FFF78
:103A900080B0F129D09868321A00D32EEE209FC54D
:103AA000320CA1B3F65830B27D0112AF0678FBA9F3
:103AB000DB118676F23BD5EDC9AD4A75412EA36781
:103AC00020748404E049387CEB5B09188E92DDCECB
:103AD00073B739D70E9BFFF364C43D1C6A6A785FE5
:103AE0005A5800E1D3579E975B5AD3A91E46AE5B46
:103AF00016DFBFF6F1ED6B9CEEA6BDDCB62B6B6A54
:103B0000FDB2DE3B8E2BFFFFEFFFEFDF117A2E7D44
:103B10006E25FFFE5B2A5B5A489872999EDEA118BB
:103B2000CCC49DC487021203F3095314CBC1D0F057
:103B3000C2A374C15064C2F630CDF13858026C0093
:103B400060A14D0C8201CC931DC0B051DC0D01066B
:103B500014138068C0739F01D4F407C130D6146277
:103B6000248870437D22FFF364C44E2BB32E3C03A4
:103B70009DA000A01B7820735489306D14591596B0
:103B80006C9C72C52E5A386944D4D4BA64C8A2CA8F
:103B900044B868C39E40C93AD3CC196EEA5AD41EC1
:103BA000B913270640C4DC413BB22DE86A74393EA4
:103BB000667CD166B9A7ABEFF67F46B4CD2BFA9FF2
:103BC000FFBD49BFFF4752FFFBAA687139490FF497
:103BD000D9E53E46082008132D160333740E002B3A
:103BE00082AF543311E030D9C33018244C940A5CAE
:103BF000213C7820A001FFF364C42225CB2AAD1F0D
:103C000098900046475C1730170E2830E84055035F
:103C10007D0B1A01BD0CD06D81970B48079019C11F
:103C2000F42B07441BC86272B938689BB9B1647938
:103C300026C89958F95CCD4820C5F2F9C4D46870FB
:103C4000B8409DD474D8CCA65733270B8A302D3377
:103C50009E5A6C627EB48EA683D3F40BE9ADD5D0A8
:103C60002F2EAFA0DFFB2669FA94E83FF52D7FFFEA
:103C7000FFFD56FA7FD332755517900B9B9641FD89
:103C800046485D2BA318FFF364C40D1CB292C59780
:103C9000CF50034769C471214164FA12287B9717FA
:103CA000D396356C5A168B592E02E17A4A3C02C0E3
:103CB0004226421E22099907949538E430BA2956C3
:103CC0007F986B6DC87903E59110C77A3A18CEAA30
:103CD000712988639B45FFE8EEAE6E77FFA1AA8647
:103CE000D8A3650908CB217A1C69D29CFBFC77FF1D
:103CF000C4708022066E9E816D853463CD58F0A518
:103D0000F41466B7C032051556C2863CB7B6A11A80
:103D1000BDC779956DA9FFF364C41D1C3B22C21673
:103D20007A0B160795E85DD457B3C16A740E019BF0
:103D3000B413FA7F2D7E2D7479BFC5E42FA75EDB07
:103D400021EBC56C8CB504AC6D731238E454FFFDE7
:103D50004D38E33AA4E767FDD68A5399D884530BCC
:103D600054634F429CA9FFEBE8FECAEFDCAF440866
:103D70001F71387FFE702E604450365A356635719B
:103D8000B29BFC8C463550409D35A0B509026E04AF
:103D90002221CA0E06923B592C1BACA3EA3D2E5B96
:103DA000D6A90D368F9DFFF364C42F1BD32EBA36D0
:103DB00078C54A78EB7B54FA5B2ADC722C3F50CBF7
:103DC00077FEDB4783A55DD7456DFAF2951952FF63
:103DD000FBD17472D3FA25775655547D8E1AA44EB2
:103DE000FA7FFFA7E9A324FB84086088995778929B
:103DF0007E5564EA9980A8CDAB7E9F82E42CE94091
:103E000001C43292164B54633CF13CE574FB603ABA
:103E100064D29D96DB3BCC98B888E72511311DCC48
:103E20006E7B51C2412061A0845BEDC43784974F03
:103E3000B4CAB19F7663FFF364C4421C83A6B17613
:103E400078C54A72ED6C2B299CC8AC7FFAF56FFFE0
:103E5000EE9979FDCACEF4FF6FFF5FB6BAF4572032
:103E600095215B6FFFA2D4DFB9450F2C388FA75384
:103E7000EF82EF862019C726EA9E15C26DA6E01FC5
:103E80002B12154183AC9DE5C9AD268C72F74DFE12
:103E9000DEB3A703A336229EC0892F04AA2CF09D6F
:103EA0000A05D6FB3B1623434D62B2C58DB7DBDF57
:103EB00054A748F638696BDFFFFFFEFF0FEFFFE9FD
:103EC000D52F0C2A9434FFF364C4531C9A3EA95690
:103ED0007986EA1D0E875625BBD4B6159D99836B4E
:103EE00009A5E26BBFDF6E502EF7A64CFF456F525F
:103EF000654435C799A494E5D6DF9785FB1F65EB2C
:103F00006F01913F864E27868B00C518223F02B570
:103F10002219AAC2E63669BC77F3F17B12AE3AEEFB
:103F200006BDA3C25E8AD08D7574D77497BCC6A532
:103F3000AC9429EEAF52DFFD5374FDFEACB323AA5F
:103F40001911D3E8FFF7FFFF5AA1AEF27469169377
:103F5000FF5FE8446C96FFF364C4631CDC3ABD9ECB
:103F60007A04BECF25D8C9D59BFCF5325CEA563918
:103F7000084438CAEA056C2BB5B7F9543025A04679
:103F800092B18B436D51A6CA6D433321C14FC022FC
:103F9000CF3AE5F524A6A9CC065B75549B99D73298
:103FA0009DE8A562AD4D9D50070E8A28F3244A2452
:103FB000FB2CA5955CC676BB215094BD57FABD8CF1
:103FC00069BB7FDF99EAD2D45822583BDBFFCA9005
:103FD0002C011E1EF4A7D1416060B0A8E9D1EA49C6
:103FE0000556C6B56A7AFFF364C4721CD25EA99600
:103FF000C18A96852AEA14E38CB97E727719708497
:104000004D711D8141FD9124767DA982C6D55EF555
:104010001A5D4D5BB133686BE824FB51FA94BA39F1
:104020007412D767A3384C3A81C2B0E2B1B9DDFB54
:1040300035A59D62415110820360B9850F74349398
:104040004E109E0AACB9B47C502A24BD9B7FFB580D
:10405000C6061324C1315A9F158D78A9723611B442
:10406000224B582E069060F0FAAAC114DCA8A97E53
:10407000ADEAE092C7E0FFF364C4811D119EB1BEBA
:10408000C30A3A74D6DF289219367AB173D5C5D1EE
:10409000A92AEA255998538963B9648CB67FF76BCE
:1040A000578C619AA91C1559BA5FF738DEABD55FFA
:1040B0006850271402025302155042BD15A632550E
:1040C000A8A55A4A8631BACAA50E6089CC6462B3E3
:1040D000D19FFFFFFB190082940400106BEDFF5B82
:1040E0009657EB15083F8C1D133E224D00A8C0903B
:1040F000F2D69BF2D619304696E259C9E08729AF2D
:1041000020855A5892EEFFF364C48F1D2B1AA5BE6A
:1041100060C4DE592CB6740246090553BCECCE7659
:1041200049CBDF2F1BDFE315FFF0E712AF32AA7395
:1041300093B2300DACEDBE67FAE5995B9B32996C9A
:10414000E18E1449502CBCFFFFFFFFFFEDFFFFFF86
:10415000FF5D59998E25333FFFFDFFF7F9191D0EBD
:10416000A824120D65C0A6A5D7A70572EA02692288
:1041700065C95334EF3F4210601AEF8A311505715B
:10418000A19725D94BE81A2D169A99B0E698C547FC
:10419000499642D53FA6FFF364C49D1CDBDA647CDC
:1041A000D184BDD4D516D306A8904430343A110139
:1041B0008E1D390E8B5D595997B1AC534AFB2A902D
:1041C000FFCBFFFFFFFFFFFFFFFFFC9D1C8751A1FF
:1041D00083B5CAECE697CB2EFD142D2F99594A8E44
:1041E000C1856C818C148A71A2A8F3AAF9AA906D7A
:1041F000FE02253ADECE4103565958E3C0F1F324BE
:10420000C16170026271589B478AB99DA5DA7F48E7
:10421000EFFEA5F9C2B66D0E8A550A1051A9EA261D
:10422000B802943C7822FFF364C4AC1CD3DE401087
:10423000D944DDB7CF2F7B220E57DB9EA835E8D0BF
:1042400079DC181E4AD572C79C0D0480A1700C0D34
:10425000E95BEA7054F56F4A5CB093070978341C47
:1042600006D54C00318BC8E024ACC444F009180DCD
:1042700026478492F2C15AD045E37B24013638EEBA
:104280001D62878D82E7B6BCD933441605204DA444
:1042900012F56E6E3524FF4B0CB536B8034071CB6A
:1042A0005DA4143902881473373DE146D481548CDF
:1042B000E97996B1835AFFF364C4BB19B932280077
:1042C000D2464C5372D628F505960208085766DA8E
:1042D000ADD991D37C9D43D2428F91B65679129439
:1042E000735A3420F6119E4364C3F32ED37D088E97
:1042F000A4A09ABB22C12106068E01B0AEC0874998
:1043000048AA28EE86B0A116448AC49D58E2A8C4E3
:10431000F3DC1253D01B02D5D2CE7D4044A78F7060
:10432000466D08CAC521E96C41CF7B617B99291A8A
:104330004393CEB54C5EA444E1840784F2852224E5
:104340009B1395284290FFF364C4D6167822254823
:104350004B1200832D0D44EC7CF4770A2E05ACD073
:1043600089501110310CAE544C7410D64775ECE5E1
:10437000372CFDCD35F74E2B1DB989C4DBA48B1826
:10438000DD1C8C3BAA3710D850C66931ACA6D89931
:1043900095E17726CC4F6D2A2F103720B7E8673884
:1043A000A8E5F35CB8D77A411BA5C1AAEC5313CAA0
:1043B000D8F18596CBABCBBEE419681F95BBF76BE4
:1043C000B0B47FCDDB2AA5DCBD4999077D634AA344
:1043D000E58ACB943E7AFFF364C4FF21240A156872
:1043E00068C615FACED250962C8742B67E49CD9536
:1043F0007A6A7F0CA6EDF506EEED0853DCBA51643F
:1044000080A155195FEF013AA448D96028EA88C114
:10441000C245456205AF5D019E75D068E6AE1541A7
:1044200055588E306958F3961B8241BB8934DCCADB
:104430001167754336A1DE998D2E2075225124B661
:10444000293E3E0FA91C1071D69902858232561062
:10445000E192CA190A32A8CEC8D30D54D4C8D2D515
:10446000AE6A6598DD87FFF364C4FD264C2A0CC054
:1044700078CC190811734F1069AE14156300194EEA
:104480002537B8526685B43CAEC730BB4D5F490E88
:1044900061CC290E874430998E054101D63D3353B6
:1044A00057A69ED3599121425BC225B7954B118ADD
:1044B0002E9535D2F424D50A31695B28BE6ACA87A5
:1044C000265E54D166599B7569639ACE3EFF613E64
:1044D0007ABE9F6FC2848F0F86AF08CCB87588E70D
:1044E0002FBA9C79F1AF0DA647585C573A59C6369A
:1044F000A7732CA71FFAFFF364C4E6228416156A7B
:1045000058460161548BBC2D78AE6485F32CA4878A
:10451000C33D4C976F2CC1F26E5506EA786D361B81
:10452000D4DC556F8D8D655B1B3DBA61917279CD81
:10453000736AA2185B93CEA8796AF61666993898C2
:104540009507407BAB7911166859D772294C30C852
:10455000C7F08FAE1BAC7B1BC0BF394899E1651219
:10456000562B757D31D06D0F716BA3A79D6AB16914
:10457000D39625171CA18272F99487CF3FB7BC7CD4
:104580007C2E5B32364CFFF364C4DF1CA42218C0BF
:10459000584601B11CBB3A32E5F7BB3BB339B9BF52
:1045A000333FEFEDB298BDA56209018EC1D86B8192
:1045B00090E3B4AE7B536234424294A939D5C63DF0
:1045C00059C2B321366F51E2C328C672CBE9549E5B
:1045D000C2722486A4C1F2484E49A9149E7494A6BE
:1045E00027250EEC793C8C591BD9BB3FBA92F79E1C
:1045F00064E5F5EF29B9A6252431A7368659A54AE1
:10460000411B5520C8C895943134811AE4A5152D55
:104610008A2D14D4DDB3FFF364C4EF207C2A140088
:1046200058CD5D23464CA1E49E50C88E0F9970E989
:104630006CA770454C414D4540E27DEE3DED543C4C
:10464000DFDD173E23ED0D6A6A5715497211B91265
:104650004425E2C33EEDB5A8C975A59FEEF4D5A1EA
:104660003FFA95A777239217B1E6561F4B32D933FD
:10467000902C89A3917C050B380A042624DF433C47
:1046800098B242CCD481673431E9C918B3222F28BB
:104690005E4B92A19FCCFBE2BF52CB737A098F2372
:1046A0007941FF388ACEFFF364C4F01F7BF2196AA8
:1046B00058460168F394C195E9DA4C414D45AA1872
:1046C0001D05EE9C7459239B769292B1C84316EC5B
:1046D000FDCD5622F152334230849DD6C14409E1CA
:1046E0003A102332B4C4F4FA6B2ACA8A2DE98AF844
:1046F000DE0EB9331790CD248EC660A3913303CD5F
:10470000E1DA9D91695F2246877FFA9C507A962A6A
:10471000A56AE5CF8C107CDF1948CF2DD905234E33
:10472000713367D4BB88276059C6CE89327878F94F
:10473000142F87B43B3DFFF364C4F11D2C1A18C03D
:1047400058860102D2283160CB154C414D45332E9D
:10475000313030AA25564641BD04934B098D8E1A3F
:104760002C533841DD5E1A2F4AF09A1749E71D0194
:10477000753847D3732808B86AD1B542AC6CE45693
:10478000225304A5D3CB76EBD5672D2E4BAFB91EA4
:104790005EBA999EC4C7BD850ADB53FCCEB6447190
:1047A000CE27ADCD5E21CDCAE59E714ACF2F9DC8E3
:1047B000B139F5F8EC951D4D094A76EBC30566A7AE
:1047C0007FCC1CF04629FFF364C4FA1F842A1560CD
:1047D0005846011611D43086DB1506B7516B65CCEF
:1047E000E60A1A0A0CB744B6D175E1CC6B2671F211
:1047F000C9F0F5BAA682DEEA4B273B89EC6B78B3A9
:104800004C73CC7AB3B0F99E56B1933084901F1993
:1048100058836C2CD43086A38D06BCA912A6DAE18D
:104820008C89527AC7F879981E9244704096390C58
:1048300096DBF1A3A8C325EB9507A92417261E89AB
:104840001D3E40B60B6E78442019568E67B4541E38
:10485000D0EE8E2727CAFFF364C4F51E1C2A1988E0
:10486000504601083BEA9D2AFDB4E46F7FFF27779D
:10487000CCF8CE8C52346529C16CA4C26F2370BAB7
:10488000CFC8A020040900DBE187DAD2AAD5C9226B
:104890005B112BDAE8D6D8E4318976BD2D32A60F2C
:1048A000F2ED43724E1BC2AD0F792A431CAB8DD67D
:1048B0007735364D035A61DD0F273622A843CCB633
:1048C00048CA7FDF19651A184C1AA221C0A34235C5
:1048D000E99D28E6341B29F2C5B7321504F51DCB36
:1048E000205828867AE7FFF364C4FF27042E0800C7
:1048F00068CC1DD6C84E789CE6A7D914C4909518EC
:10490000614BF3B2250CE64DFE5616C63E40D2056D
:1049100056524F419B7411F1D4D9A66BAA9AC4D2B6
:10492000948FCD2EC72B0935210C56C3EBEC668F27
:104930003EF2DFAD9F4CE5A561B7BC324F3FDF369D
:10494000C16AD59569D842A1A91F6CE3C529B16A8E
:1049500029E6A1728F4BD9DB6554408CEBE6B2752A
:10496000B3E4B4B1E18E2ED0F8A8C72AFF7652DCAA
:10497000BCB6CDE99294FFF364C4E6200432156A14
:104980005886008C66D2DC88BDA193103457322B38
:10499000D7A62F9A20C6552B702BED98B608391044
:1049A0003AA42498D2C586421A443B298DB13A4292
:1049B000211826864923C120D5F4822399C2C751E4
:1049C000F248758A62F2C14CCD755419DC98C9C1A0
:1049D0007A948462C73A728907D7163EA1D04037CD
:1049E000080872225046EE7B916158A16866454ED8
:1049F000788DB4382ED68422BF99E515A42AA0DA82
:104A000033AED1B73CA4FFF364C4E91E541A1CEAC8
:104A100040460187C20E946A0F11845378C4B95876
:104A20004680E04C12D1D46111F18960FD8F228063
:104A300079F660CA3E8C6EF1985EA47423278DBE11
:104A4000358615C6239495B0646467503644B9988A
:104A50002B32874D1522C0BB8C466EAC57510DD200
:104A6000A70E9290A57EC1CE38ABF48CB465F7A5A5
:104A7000A8D1A3E2815A61FB1A8431CC78EC70E9A9
:104A8000C2C69D5384D1A7A354A1B3220A57A51E21
:104A900091EAAE67CA4CFFF364C4F222841210C2DA
:104AA0007886014087C4C3EB3C30215872CE16B0E3
:104AB000D89CD5C376C52AC735423131A6E221211B
:104AC000CEB0500E555D79228B61662A47982255EB
:104AD0002666CF67E31A7D586E4BD12483FECABB8E
:104AE0005552D4A79700956331EADD525BD0163852
:104AF00076333866F3D42808A3E3365E530C7A97EE
:104B0000A1B1AAEB430A3A0227B572FF9C7555265C
:104B1000012F59E7B1F40449053BA850AA5C66D7B8
:104B20008198B2554AAAFFF364C4EB20AC2210C0AE
:104B3000504601C6A5008085056F550C2BBB55520C
:104B4000CF2B3DAAA9AF57FD4291B0BBC13221087E
:104B500030ACC18075552B15430A3E8556D7D60A11
:104B6000E9280A18540223526A41994980852AAAE1
:104B7000FA9435D94280A933732F8DEA72A0675217
:104B8000AC6BD0ABDCBAA4C6B97FECCBFB010A603E
:104B900022B051ED9861CBD98C2B55526A4D199B9F
:104BA000D750CD9F55405BF55D98BE37B1EAAA5D01
:104BB00020C5C6546ABDFFF364C4EB203C21FC4809
:104BC000304681FD49BD9BAAAA4A24B5CD5409C4EB
:104BD000CBEE8477028292828A2AFFFC6D54D49BAA
:104BE00055CC30AA53525FE974044D011A7F55BF6A
:104BF000FC3010091AAEAAA6AABCA1D0E80C3C55FC
:104C00000D6318A86F97FD4CFFA17E5B2AEAB59251
:104C1000BCAD2AAEC30E5155E03A05C0D4D66616D7
:104C2000B24DC9416398599A0E936A69996AC91538
:104C3000A92558937D98A16AFF98163969BD568AAF
:104C400006A1EA5AD37BFFF364C4ED203BD9C560CB
:104C500008860934F35FB0B0F5AB24DA9A669E3962
:104C6000B9AFFE585AD57828595D964C414D453319
:104C70002E313030AAAAAAAAAAAAAAAAAAAAAAAA7D
:104C8000AAAAAAAAAAAAAAAAAAAAAAAAAAAAAAAA84
:104C9000AAAAAAAAAAAAAAAAAAAAAAAAAAAAAAAA74
:104CA000AAAAAAAAAAAAAAAAAAAAAAAAAAAAAAAA64
:104CB000AAAAAAAAAAAAAAAAAAAAAAAAAAAAAAAA54
:104CC000AAAAAAAAAAAAAAAAAAAAAAAAAAAAAAAA44
:104CD000AAAAAAAAAAAAFFF364C4EF21041974021B
:104CE000195188AAAAAAAA38BB2A4C414D45332E8D
:104CF000313030AAAAAAAAAAAAAAAAAAAAAAAAAA81
:104D0000AAAAAAAAAAAAAAAAAAAAAAAAAAAAAAAA03
:104D1000AAAAAAAAAAAAAAAAAAAAAAAAAAAAAAAAF3
:104D2000AAAAAAAAAAAAAAAAAAAAAAAAAAAAAAAAE3
:104D3000AAAAAAAAAAAAAAAAAAAAAAAAAAAAAAAAD3
:104D4000AAAAAAAAAAAAAAAAAAAAAAAAAAAAAAAAC3
:104D5000AAAAAAAAAAAAAAAAAAAAAAAAAAAAAAAAB3
:104D6000AAAAAAAAAAAAFFF364C47F00A00400000A
:104D7000D80000AAAAAAAAAAAAAA4C414D45332E35
:104D8000313030AAAAAAAAAAAAAAAAAAAAAAAAAAF0
:104D9000AAAAAAAAAAAAAAAAAAAAAAAAAAAAAAAA73
:104DA000AAAAAAAAAAAAAAAAAAAAAAAAAAAAAAAA63
:104DB000AAAAAAAAAAAAAAAAAAAAAAAAAAAAAAAA53
:104DC000AAAAAAAAAAAAAAAAAAAAAAAAAAAAAAAA43
:104DD000AAAAAAAAAAAAAAAAAAAAAAAAAAAAAAAA33
:104DE000AAAAAAAAAAAAAAAAAAAAAAAAAAAAAAAA23
:104DF000AAAAAAAAAAAAFFF364C47C0000034800D6
:104E0000000000AAAAAAAAAAAAAA4C414D45332E7C
:104E1000313030AAAAAAAAAAAAAAAAAAAAAAAAAA5F
:104E2000AAAAAAAAAAAAAAAAAAAAAAAAAAAAAAAAE2
:104E3000AAAAAAAAAAAAAAAAAAAAAAAAAAAAAAAAD2
:104E4000AAAAAAAAAAAAAAAAAAAAAAAAAAAAAAAAC2
:104E5000AAAAAAAAAAAAAAAAAAAAAAAAAAAAAAAAB2
:104E6000AAAAAAAAAAAAAAAAAAAAAAAAAAAAAAAAA2
:104E7000AAAAAAAAAAAAAAAAAAAAAAAAAAAAAAAA92
:104E8000AAAAAAAAAAAAFFF364C47C000003480045
:104E9000000000AAAAAAAAAAAAAA4C414D45332EEC
:104EA000313030AAAAAAAAAAAAAAAAAAAAAAAAAACF
:104EB000AAAAAAAAAAAAAAAAAAAAAAAAAAAAAAAA52
:104EC000AAAAAAAAAAAAAAAAAAAAAAAAAAAAAAAA42
:104ED000AAAAAAAAAAAAAAAAAAAAAAAAAAAAAAAA32
:104EE000AAAAAAAAAAAAAAAAAAAAAAAAAAAAAAAA22
:104EF000AAAAAAAAAAAAAAAAAAAAAAAAAAAAAAAA12
:104F0000AAAAAAAAAAAAAAAAAAAAAAAAAAAAAAAA01
:104F1000AAAAAAAAAAAAFFF364C47C0000034800B4
:104F2000000000AAAAAAAAAAAAAA4C414D45332E5B
:104F3000313030AAAAAAAAAAAAAAAAAAAAAAAAAA3E
:104F4000AAAAAAAAAAAAAAAAAAAAAAAAAAAAAAAAC1
:104F5000AAAAAAAAAAAAAAAAAAAAAAAAAAAAAAAAB1
:104F6000AAAAAAAAAAAAAAAAAAAAAAAAAAAAAAAAA1
:104F7000AAAAAAAAAAAAAAAAAAAAAAAAAAAAAAAA91
:104F8000AAAAAAAAAAAAAAAAAAAAAAAAAAAAAAAA81
:104F9000AAAAAAAAAAAAAAAAAAAAAAAAAAAAAAAA71
:104FA000AAAAAAAAAAAAFFF364C47C000003480024
:104FB000000000AAAAAAAAAAAAAA4C414D45332ECB
:104FC000313030AAAAAAAAAAAAAAAAAAAAAAAAAAAE
:104FD000AAAAAAAAAAAAAAAAAAAAAAAAAAAAAAAA31
:104FE000AAAAAAAAAAAAAAAAAAAAAAAAAAAAAAAA21
:104FF000AAAAAAAAAAAAAAAAAAAAAAAAAAAAAAAA11
:10500000AAAAAAAAAAAAAAAAAAAAAAAAAAAAAAAA00
:10501000AAAAAAAAAAAAAAAAAAAAAAAAAAAAAAAAF0
:10502000AAAAAAAAAAAAAAAAAAAAAAAAAAAAAAAAE0
:10503000AAAAAAAAAAAAFFF364C47C000003480093
:10504000000000AAAAAAAAAAAAAA4C414D45332E3A
:10505000313030AAAAAAAAAAAAAAAAAAAAAAAAAA1D
:10506000AAAAAAAAAAAAAAAAAAAAAAAAAAAAAAAAA0
:10507000AAAAAAAAAAAAAAAAAAAAAAAAAAAAAAAA90
:10508000AAAAAAAAAAAAAAAAAAAAAAAAAAAAAAAA80
:10509000AAAAAAAAAAAAAAAAAAAAAAAAAAAAAAAA70
:1050A000AAAAAAAAAAAAAAAAAAAAAAAAAAAAAAAA60
:1050B000AAAAAAAAAAAAAAAAAAAAAAAAAAAAAAAA50
:1050C000AAAAAAAAAAAAFFF364C47C000003480003
:1050D000000000AAAAAAAAAAAAAA4C414D45332EAA
:1050E000313030AAAAAAAAAAAAAAAAAAAAAAAAAA8D
:1050F000AAAAAAAAAAAAAAAAAAAAAAAAAAAAAAAA10
:10510000AAAAAAAAAAAAAAAAAAAAAAAAAAAAAAAAFF
:10511000AAAAAAAAAAAAAAAAAAAAAAAAAAAAAAAAEF
:10512000AAAAAAAAAAAAAAAAAAAAAAAAAAAAAAAADF
:10513000AAAAAAAAAAAAAAAAAAAAAAAAAAAAAAAACF
:10514000AAAAAAAAAAAAAAAAAAAAAAAAAAAAAAAABF
:10515000AAAAAAAAAAAAFFF364C47C000003480072
:10516000000000AAAAAAAAAAAAAA4C414D45332E19
:10517000313030AAAAAAAAAAAAAAAAAAAAAAAAAAFC
:10518000AAAAAAAAAAAAAAAAAAAAAAAAAAAAAAAA7F
:10519000AAAAAAAAAAAAAAAAAAAAAAAAAAAAAAAA6F
:1051A000AAAAAAAAAAAAAAAAAAAAAAAAAAAAAAAA5F
:1051B000AAAAAAAAAAAAAAAAAAAAAAAAAAAAAAAA4F
:1051C000AAAAAAAAAAAAAAAAAAAAAAAAAAAAAAAA3F
:1051D000AAAAAAAAAAAAAAAAAAAAAAAAAAAAAAAA2F
:1051E000AAAAAAAAAAAAFFF364C47C0000034800E2
:1051F000000000AAAAAAAAAAAAAA4C414D45332E89
:10520000313030AAAAAAAAAAAAAAAAAAAAAAAAAA6B
:10521000AAAAAAAAAAAAAAAAAAAAAAAAAAAAAAAAEE
:10522000AAAAAAAAAAAAAAAAAAAAAAAAAAAAAAAADE
:10523000AAAAAAAAAAAAAAAAAAAAAAAAAAAAAAAACE
:10524000AAAAAAAAAAAAAAAAAAAAAAAAAAAAAAAABE
:10525000AAAAAAAAAAAAAAAAAAAAAAAAAAAAAAAAAE
:10526000AAAAAAAAAAAAAAAAAAAAAAAAAAAAAAAA9E
:10527000AAAAAAAAAAAAFFF364C47C000003480051
:10528000000000AAAAAAAAAAAAAA4C414D45332EF8
:10529000313030AAAAAAAAAAAAAAAAAAAAAAAAAADB
:1052A000AAAAAAAAAAAAAAAAAAAAAAAAAAAAAAAA5E
:1052B000AAAAAAAAAAAAAAAAAAAAAAAAAAAAAAAA4E
:1052C000AAAAAAAAAAAAAAAAAAAAAAAAAAAAAAAA3E
:1052D000AAAAAAAAAAAAAAAAAAAAAAAAAAAAAAAA2E
:1052E000AAAAAAAAAAAAAAAAAAAAAAAAAAAAAAAA1E
:1052F000AAAAAAAAAAAAAAAAAAAAAAAAAAAAAAAA0E
:10530000AAAAAAAAAAAAFFF364C47C0000034800C0
:10531000000000AAAAAAAAAAAAAA4C414D45332E67
:10532000313030AAAAAAAAAAAAAAAAAAAAAAAAAA4A
:10533000AAAAAAAAAAAAAAAAAAAAAAAAAAAAAAAACD
:10534000AAAAAAAAAAAAAAAAAAAAAAAAAAAAAAAABD
:10535000AAAAAAAAAAAAAAAAAAAAAAAAAAAAAAAAAD
:10536000AAAAAAAAAAAAAAAAAAAAAAAAAAAAAAAA9D
:10537000AAAAAAAAAAAAAAAAAAAAAAAAAAAAAAAA8D
:10538000AAAAAAAAAAAAAAAAAAAAAAAAAAAAAAAA7D
:10539000AAAAAAAAAAAAFFF364C47C000003480030
:1053A000000000AAAAAAAAAAAAAA4C414D45332ED7
:1053B000313030AAAAAAAAAAAAAAAAAAAAAAAAAABA
:1053C000AAAAAAAAAAAAAAAAAAAAAAAAAAAAAAAA3D
:1053D000AAAAAAAAAAAAAAAAAAAAAAAAAAAAAAAA2D
:1053E000AAAAAAAAAAAAAAAAAAAAAAAAAAAAAAAA1D
:1053F000AAAAAAAAAAAAAAAAAAAAAAAAAAAAAAAA0D
:10540000AAAAAAAAAAAAAAAAAAAAAAAAAAAAAAAAFC
:10541000AAAAAAAAAAAAAAAAAAAAAAAAAAAAAAAAEC
:10542000AAAAAAAAAAAAFFF364C47C00000348009F
:10543000000000AAAAAAAAAAAAAA4C414D45332E46
:10544000313030AAAAAAAAAAAAAAAAAAAAAAAAAA29
:10545000AAAAAAAAAAAAAAAAAAAAAAAAAAAAAAAAAC
:10546000AAAAAAAAAAAAAAAAAAAAAAAAAAAAAAAA9C
:10547000AAAAAAAAAAAAAAAAAAAAAAAAAAAAAAAA8C
:10548000AAAAAAAAAAAAAAAAAAAAAAAAAAAAAAAA7C
:10549000AAAAAAAAAAAAAAAAAAAAAAAAAAAAAAAA6C
:1054A000AAAAAAAAAAAAAAAAAAAAAAAAAAAAAAAA5C
:1054B000AAAAAAAAAAAAFFF364C47C00000348000F
:1054C000000000AAAAAAAAAAAAAA4C414D45332EB6
:1054D000313030AAAAAAAAAAAAAAAAAAAAAAAAAA99
:1054E000AAAAAAAAAAAAAAAAAAAAAAAAAAAAAAAA1C
:1054F000AAAAAAAAAAAAAAAAAAAAAAAAAAAAAAAA0C
:10550000AAAAAAAAAAAAAAAAAAAAAAAAAAAAAAAAFB
:10551000AAAAAAAAAAAAAAAAAAAAAAAAAAAAAAAAEB
:10552000AAAAAAAAAAAAAAAAAAAAAAAAAAAAAAAADB
:10553000AAAAAAAAAAAAAAAAAAAAAAAAAAAAAAAACB
:10554000AAAAAAAAAAAAFFF364C47C00000348007E
:10555000000000AAAAAAAAAAAAAA4C414D45332E25
:10556000313030AAAAAAAAAAAAAAAAAAAAAAAAAA08
:10557000AAAAAAAAAAAAAAAAAAAAAAAAAAAAAAAA8B
:10558000AAAAAAAAAAAAAAAAAAAAAAAAAAAAAAAA7B
:10559000AAAAAAAAAAAAAAAAAAAAAAAAAAAAAAAA6B
:1055A000AAAAAAAAAAAAAAAAAAAAAAAAAAAAAAAA5B
:1055B000AAAAAAAAAAAAAAAAAAAAAAAAAAAAAAAA4B
:1055C000AAAAAAAAAAAAAAAAAAAAAAAAAAAAAAAA3B
:1055D000AAAAAAAAAAAAFFF364C47C0000034800EE
:1055E000000000AAAAAAAAAAAAAA4C414D45332E95
:1055F000313030AAAAAAAAAAAAAAAAAAAAAAAAAA78
:10560000AAAAAAAAAAAAAAAAAAAAAAAAAAAAAAAAFA
:10561000AAAAAAAAAAAAAAAAAAAAAAAAAAAAAAAAEA
:10562000AAAAAAAAAAAAAAAAAAAAAAAAAAAAAAAADA
:10563000AAAAAAAAAAAAAAAAAAAAAAAAAAAAAAAACA
:10564000AAAAAAAAAAAAAAAAAAAAAAAAAAAAAAAABA
:10565000AAAAAAAAAAAAAAAAAAAAAAAAAAAAAAAAAA
:10566000AAAAAAAAAAAAFFF364C47C00000348005D
:10567000000000AAAAAAAAAAAAAA4C414D45332E04
:10568000313030AAAAAAAAAAAAAAAAAAAAAAAAAAE7
:10569000AAAAAAAAAAAAAAAAAAAAAAAAAAAAAAAA6A
:1056A000AAAAAAAAAAAAAAAAAAAAAAAAAAAAAAAA5A
:1056B000AAAAAAAAAAAAAAAAAAAAAAAAAAAAAAAA4A
:1056C000AAAAAAAAAAAAAAAAAAAAAAAAAAAAAAAA3A
:1056D000AAAAAAAAAAAAAAAAAAAAAAAAAAAAAAAA2A
:1056E000AAAAAAAAAAAAAAAAAAAAAAAAAAAAAAAA1A
:1056F000AAAAAAAAAAAAFFF364C47C0000034800CD
:10570000000000AAAAAAAAAAAAAA4C414D45332E73
:10571000313030AAAAAAAAAAAAAAAAAAAAAAAAAA56
:10572000AAAAAAAAAAAAAAAAAAAAAAAAAAAAAAAAD9
:10573000AAAAAAAAAAAAAAAAAAAAAAAAAAAAAAAAC9
:10574000AAAAAAAAAAAAAAAAAAAAAAAAAAAAAAAAB9
:10575000AAAAAAAAAAAAAAAAAAAAAAAAAAAAAAAAA9
:10576000AAAAAAAAAAAAAAAAAAAAAAAAAAAAAAAA99
:10577000AAAAAAAAAAAAAAAAAAAAAAAAAAAAAAAA89
:10578000AAAAAAAAAAAAFFF364C47C00000348003C
:10579000000000AAAAAAAAAAAAAA4C414D45332EE3
:1057A000313030AAAAAAAAAAAAAAAAAAAAAAAAAAC6
:1057B000AAAAAAAAAAAAAAAAAAAAAAAAAAAAAAAA49
:1057C000AAAAAAAAAAAAAAAAAAAAAAAAAAAAAAAA39
:1057D000AAAAAAAAAAAAAAAAAAAAAAAAAAAAAAAA29
:1057E000AAAAAAAAAAAAAAAAAAAAAAAAAAAAAAAA19
:1057F000AAAAAAAAAAAAAAAAAAAAAAAAAAAAAAAA09
:10580000AAAAAAAAAAAAAAAAAAAAAAAAAAAAAAAAF8
:10581000AAAAAAAAAAAAFFF364C47C0000034800AB
:10582000000000AAAAAAAAAAAAAA4C414D45332E52
:10583000313030AAAAAAAAAAAAAAAAAAAAAAAAAA35
:10584000AAAAAAAAAAAAAAAAAAAAAAAAAAAAAAAAB8
:10585000AAAAAAAAAAAAAAAAAAAAAAAAAAAAAAAAA8
:10586000AAAAAAAAAAAAAAAAAAAAAAAAAAAAAAAA98
:10587000AAAAAAAAAAAAAAAAAAAAAAAAAAAAAAAA88
:10588000AAAAAAAAAAAAAAAAAAAAAAAAAAAAAAAA78
:10589000AAAAAAAAAAAAAAAAAAAAAAAAAAAAAAAA68
:1058A000AAAAAAAAAAAAFFF364C47C00000348001B
:1058B000000000AAAAAAAAAAAAAA4C414D45332EC2
:1058C000313030AAAAAAAAAAAAAAAAAAAAAAAAAAA5
:1058D000AAAAAAAAAAAAAAAAAAAAAAAAAAAAAAAA28
:1058E000AAAAAAAAAAAAAAAAAAAAAAAAAAAAAAAA18
:1058F000AAAAAAAAAAAAAAAAAAAAAAAAAAAAAAAA08
:10590000AAAAAAAAAAAAAAAAAAAAAAAAAAAAAAAAF7
:10591000AAAAAAAAAAAAAAAAAAAAAAAAAAAAAAAAE7
:10592000AAAAAAAAAAAAAAAAAAAAAAAAAAAAAAAAD7
:10593000AAAAAAAAAAAAFFF364C47C00000348008A
:10594000000000AAAAAAAAAAAAAA4C414D45332E31
:10595000313030AAAAAAAAAAAAAAAAAAAAAAAAAA14
:10596000AAAAAAAAAAAAAAAAAAAAAAAAAAAAAAAA97
:10597000AAAAAAAAAAAAAAAAAAAAAAAAAAAAAAAA87
:10598000AAAAAAAAAAAAAAAAAAAAAAAAAAAAAAAA77
:10599000AAAAAAAAAAAAAAAAAAAAAAAAAAAAAAAA67
:1059A000AAAAAAAAAAAAAAAAAAAAAAAAAAAAAAAA57
:1059B000AAAAAAAAAAAAAAAAAAAAAAAAAAAAAAAA47
:1059C000AAAAAAAAAAAAFFF364C47C0000034800FA
:1059D000000000AAAAAAAAAAAAAA4C414D45332EA1
:1059E000313030AAAAAAAAAAAAAAAAAAAAAAAAAA84
:1059F000AAAAAAAAAAAAAAAAAAAAAAAAAAAAAAAA07
:105A0000AAAAAAAAAAAAAAAAAAAAAAAAAAAAAAAAF6
:105A1000AAAAAAAAAAAAAAAAAAAAAAAAAAAAAAAAE6
:105A2000AAAAAAAAAAAAAAAAAAAAAAAAAAAAAAAAD6
:105A3000AAAAAAAAAAAAAAAAAAAAAAAAAAAAAAAAC6
:105A4000AAAAAAAAAAAAAAAAAAAAAAAAAAAAAAAAB6
:105A5000AAAAAAAAAAAAFFF364C47C000003480069
:105A6000000000AAAAAAAAAAAAAA4C414D45332E10
:105A7000313030AAAAAAAAAAAAAAAAAAAAAAAAAAF3
:105A8000AAAAAAAAAAAAAAAAAAAAAAAAAAAAAAAA76
:105A9000AAAAAAAAAAAAAAAAAAAAAAAAAAAAAAAA66
:105AA000AAAAAAAAAAAAAAAAAAAAAAAAAAAAAAAA56
:105AB000AAAAAAAAAAAAAAAAAAAAAAAAAAAAAAAA46
:105AC000AAAAAAAAAAAAAAAAAAAAAAAAAAAAAAAA36
:105AD000AAAAAAAAAAAAAAAAAAAAAAAAAAAAAAAA26
:105AE000AAAAAAAAAAAAFFF364C47C0000034800D9
:105AF000000000AAAAAAAAAAAAAA4C414D45332E80
:105B0000313030AAAAAAAAAAAAAAAAAAAAAAAAAA62
:105B1000AAAAAAAAAAAAAAAAAAAAAAAAAAAAAAAAE5
:105B2000AAAAAAAAAAAAAAAAAAAAAAAAAAAAAAAAD5
:105B3000AAAAAAAAAAAAAAAAAAAAAAAAAAAAAAAAC5
:105B4000AAAAAAAAAAAAAAAAAAAAAAAAAAAAAAAAB5
:105B5000AAAAAAAAAAAAAAAAAAAAAAAAAAAAAAAAA5
:105B6000AAAAAAAAAAAAAAAAAAAAAAAAAAAAAAAA95
:105B7000AAAAAAAAAAAAFFF364C47C000003480048
:105B8000000000AAAAAAAAAAAAAA4C414D45332EEF
:105B9000313030AAAAAAAAAAAAAAAAAAAAAAAAAAD2
:105BA000AAAAAAAAAAAAAAAAAAAAAAAAAAAAAAAA55
:105BB000AAAAAAAAAAAAAAAAAAAAAAAAAAAAAAAA45
:105BC000AAAAAAAAAAAAAAAAAAAAAAAAAAAAAAAA35
:105BD000AAAAAAAAAAAAAAAAAAAAAAAAAAAAAAAA25
:105BE000AAAAAAAAAAAAAAAAAAAAAAAAAAAAAAAA15
:105BF000AAAAAAAAAAAAAAAAAAAAAAAAAAAAAAAA05
:105C0000AAAAAAAAAAAAFFF364C47C0000034800B7
:105C1000000000AAAAAAAAAAAAAAAAAAAAAAAAAAE2
:105C2000AAAAAAAAAAAAAAAAAAAAAAAAAAAAAAAAD4
:105C3000AAAAAAAAAAAAAAAAAAAAAAAAAAAAAAAAC4
:105C4000AAAAAAAAAAAAAAAAAAAAAAAAAAAAAAAAB4
:105C5000AAAAAAAAAAAAAAAAAAAAAAAAAAAAAAAAA4
:105C6000AAAAAAAAAAAAAAAAAAAAAAAAAAAAAAAA94
:105C7000AAAAAAAAAAAAAAAAAAAAAAAAAAAAAAAA84
:105C8000AAAAAAAAAAAAAAAAAAAAAAAAAAAAAAAA74
:105C9000AAAAAAAAAAAA49443303000000000176CE
:105CA000505249560000000E00005065616B56616D
:105CB0006C7565006A48000050524956000000119A
:105CC0000000417665726167654C6576656C0022FF
:105CD00011000000000000000000000000000000B3
:105CE00000000000000000000000000000000000B4
:105CF00000000000000000000000000000000000A4
:105D00000000000000000000000000000000000093
:105D10000000000000000000000000000000000083
:105D20000000000000000000000000000000000073
:105D30000000000000000000000000000000000063
:105D40000000000000000000000000000000000053
:105D50000000000000000000000000000000000043
:105D60000000000000000000000000000000000033
:105D70000000000000000000000000000000000023
:105D80000000000000000000000000000000000013
:105D9000000000000000B90706C65B1CCCADF7BCD4
:105DA000C5B7AAB19918B93A90A854ABCCDA299AD8
:105DB000A9BE866431DAE757BFEE4A2B733571AE60
:105DC0002914CC2DFA507977FFE964C414D45332E6
:105DD000E3937202862657461290000000000000EE
:105DE00000000000000000000000000000000000B3
:105DF00000000000000000000000000000000000A3
:105E000000000000000000FFF3856C000DF1FD5361
:105E10002F0CA2A98000034800000000208924B6AE
:105E2000CB1DB2DD9183C3B000B4A42C6CDFF92B81
:105E300019AD07048EF7428C08228AB732C8BCE835
:105E40008C21D6A29BDE85EBFF45423770C32B8F9A
:105E500020D573A21D2D2D4ACD5EB67656F94D92F2
:105E6000DE4CAFFCBA4E323515494C80AC0BDE74BB
:105E70005284396CB7B7DCAC825D6DEEC8AA0AB645
:105E800094593B225EEAAED68A69EDC4C414D45359
:105E900032E39372028626574612900000000000FB
:105EA00000000000000000000000000000000000F2
:105EB00000000000000000000000000000000000E2
:105EC00000000000000000FFF3856C000DB9D54014
:105ED000DF30623C0000034800000000007867D219
:105EE000472DBBEFD8692A2378544E2A1CD047B1DE
:105EF0007DEBBCF5BE1E690705030842B73AD95BC6
:105F000062B4CDBD0FB77EFFB41BBA0362B1D5CC6E
:105F1000A4ABB2F60BD4FB95DCACC67531B2FE9ADD
:105F2000056D2CB4B57B743A333D8F46B53676D7C4
:105F3000B2BD1F30FBDF6A8841045BD5E52DE8293F
:105F40002AEC25D3A41EF3D944A931053514CCB8C5
:105F5000E4DC80A18995D184A40000000000000049
:105F60000000000000000000000000000000000031
:105F70000000000000000000000000000000000021
:105F800000000000000000FFF3856C000DC1FD362D
:105F90008B3C654E80000348000000000590A7C2BE
:105FA000DA7A0DB6768CC24CCCAC1D2A87CE2B1A71
:105FB000E20BBDA16123C2CBD57F64069E6C7DB987
:105FC0004CDB192FD6E9DB737D975F54323D4709CF
:105FD00086D1CAAAAD4FABD10AE89BBD066AFEDCEA
:105FE000C2F4E7A9C8DB6B266FAF457A1EF6FA9BB1
:105FF000211D6C4EFF2B591ED65A55EE8BC5CE87F0
:1060000098B2234EB9D1A2A5DCFA4C414D45332EAE
:106010003937202862657461290000000000000003
:106020000000000000000000000000000000000070
:106030000000000000000000000000000000000060
:1060400000000000000000FFF3856C000DF5E74B39
:106050002F18623F800003480000000000051B72FB
:10606000C8D4924BDF9818235A24AA11E1DA684663
:106070008A5E67355CEE6C62A3A134871016D84740
:1060800052365D4DDF6FD3D5395D2ACA047438525C
:106090002918ED42BA3A3230362BD488AA947F536D
:1060A000AEA1DFA5E0C8F2BE855AB292DCADD0C485
:1060B0002B836CEDC4BC84B7EDB321664FEAF6B315
:1060C000BBEA291332244780F7B994E2620A6A29AD
:1060D0009971C9B90143132BA309480000000000BE
:1060E00000000000000000000000000000000000B0
:1060F00000000000000000000000000000000000A0
:1061000000000000000000FFF3856C000DF1C95194
:106110002F18A27D000003480000000041272496AC
:10612000DB25B6DD97CA628781A992A47F4B75BB38
:10613000E8A5BE5A191DA5DAE79C7B4CF98C3243C1
:106140004CE8AF30BC83B64CDF6BD7313180E59C77
:106150005F1CC21396933342A5412CBA9728379BF4
:10616000E572CE03EAE6BAAEEF7D24615795725D23
:10617000105BBAFEAC57200973F7BF657A2168EF50
:10618000AEB86618093B704471F75A84C414D453EE
:1061900032E39372028626574612900000000000F8
:1061A00000000000000000000000000000000000EF
:1061B00000000000000000000000000000000000DF
:1061C00000000000000000FFF3856C000DC1EF57D8
:1061D0002F08C2E18000034800000000442D6DB686
:1061E000DD66DAEF66046B91812144AA88E76B8B48
:1061F0006CEE43BB7698C43AF74CA8D70C43052BFA
:10620000CA6BB2F462BFFAEAD339EEAE60C7A4D764
:106210002525FCCC3B4656E39D15D89CAF73FA73FD
:106220003CFABD597735D647704776CDAAF9B4FE0A
:106230009672ECCBDF5C28E8A87DFA370CEB69D8C6
:106240008D61D0C783C58EB610734C414D45332E3A
:1062500039372028626574612900000000000000C1
:10626000000000000000000000000000000000002E
:10627000000000000000000000000000000000001E
:1062800000000000000000FFF3856C000DE9CB3D2D
:106290002F30623E00000348000000000009FD7737
:1062A0005D14B2EFDFC1A0882B28874D920EF196C6
:1062B0002BCC3E648A28C888CC967F19DC4239C52D
:1062C0005281B620484160AEAF20B2FA3FA3FEAD86
:1062D000599AB403147310633EEE8B98CF38EFD9FC
:1062E0005CC46DFE9D55FFA797AE89655B3D191394
:1062F0002DACDBADAAC9CC2F3F5E446677763D8BD3
:1063000057943190B07F204D42699AD31053514C2D
:10631000CB8E4DC80A18995D184A40000000000055
:10632000000000000000000000000000000000006D
:10633000000000000000000000000000000000005D
:1063400000000000000000FFF3856C000E196B3C9C
:10635000DFA78800000003480140000000B69C92BF
:10636000C56DBBE6D3261B12A6391964DBC659FEE0
:10637000E36B3F79C6A98CE4C5D996E73A19EDA736
:10638000DD9183108C72426E9FA1BA3BEBDA42A979
:1063900052A42238C8E86608B4F579915C2F557389
:1063A000B2197DEED12FD14D9B41EBDEC5B657AB77
:1063B000AB2207A5C5E6566654206C6C3E0B87964B
:1063C000510D6124826850A50A6D0677A531053507
:1063D00014CCB8E4DC80A18995D184A4000000002D
:1063E00000000000000000000000000000000000AD
:1063F000000000000000000000000000000000009D
:1064000000000000000000FFF3856C000D661756C9
:1064100000C1340000000348018000009A1145A526
:10642000CCCDFFFFFDF5FFEECEA6FFF7520E821F8B
:10643000FFB981A1C34A1FFFF9A3183266899B9453
:106440003FFFFFCBE5344BE6E88F7372F92EE38F05
:10645000FFFFFFF792E5C1333625039E4909805FB0
:10646000C6207301B63B82A81BE4CFFFFFFDFFFFF0
:10647000E3C07989E05505B08C0F03E3B04C079079
:10648000981E34970C8945A620A6A299971C9B902C
:10649000143132BA30948000000000000000000087
:1064A00000000000000000000000000000000000EC
:1064B00000000000000000000000000000000000DC
:1064C00000000000000000FFF3856C000E29BF5F94
:1064D0003FC2A8000000034801800000003AA80F56
:1064E00056A00E010020102804080050B151D0C859
:1064F000C4498DF395D0F30F79A3DFF9092908F585
:10650000BFF5350D353FFF3B3BFFFA1D39D0EA7F24
:10651000FFE2D0C488988620405542E405463FFFFC
:10652000FFE3D1EA8F47A4222494622247A3106D8F
:106530001125497FFFFFFFC410490410AC0BA0D206
:106540002E1546A0BC204680B5911A4422931053C4
:10655000514CCB8E4DC80A18995D184A4000000076
:10656000000000000000000000000000000000002B
:10657000000000000000000000000000000000001B
:1065800000000000000000FFF3856C000DBE134CFE
:1065900000C7B4008000034801800000C429A8F0AF
:1065A000C3D662502BC6D7FF843C34FB61C90BF8BD
:1065B000C27BF052C7E18021FFE74738E838C79F28
:1065C000FF95968F4219207BFFF1E85D1CE411EEE8
:1065D0007C7BFFFFE6C4A16920C3D0D47B903FFF42
:1065E000FFC93373A5F9BA9B4DBFFFFFF53BA695D5
:1065F0003FEB533A0829BFFFFF5EBFFFFD6826E966
:10660000D07419044DCF17CDD61898829A8A665C3B
:10661000726E4050C4CAE8C2520000000000000080
:10662000000000000000000000000000000000006A
:10663000000000000000000000000000000000005A
:1066400000000000000000FFF3856C000E1491664E
:10665000DFE18C018000034801C000001564946DE7
:10666000C6E5DAD6614C75559999BD57EAAAAAFADA
:10667000AA9719B8C04CCDF1999BAAADEAAA5F556B
:1066800054B6602361051DFFF882F8282BBFFC2853
:106690002B8141414D05057414EE8282BBFE1053DF
:1066A000A1053F20A3A282857F9B8DDA28FF5C2B6A
:1066B000A0C74D7CAB8BC0A0960282BFFFB141BF8B
:1066C000F20AFFFF8C1415D051BF14145A620A6AE3
:1066D000299971C9B90143132BA30948000000008F
:1066E00000000000000000000000000000000000AA
:1066F000000000000000000000000000000000009A
:1067000000000000000000FFF3856C000D85A73E2F
:106710008F2022A8800003480000000005B975D230
:106720005DAFE10CDE2B6A6812B34974B9699AB5A2
:10673000AD3938742A73691CBC470C6AC0D193C048
:10674000069B308B2FCFD4BBB4C2D3223109223069
:10675000D11E347359CE40E4767DA665FA93505E1F
:10676000B950AFAEAF75B153AFE6EEB477317467E1
:10677000479649DAC6D45A4E8C422B5FD5ED588DD8
:106780006B00F92517A79CFEA620A6A299971C9B33
:1067900090143132BA3094800000000000000000F4
:1067A00000000000000000000000000000000000E9
:1067B00000000000000000000000000000000000D9
:1067C00000000000000000FFF3856C000DC5EF37EE
:1067D0002F30654E00000348000000000001143116
:1067E000BB13925E7C9F613B3D78550C9E159EB716
:1067F000BDDE6A10C7DE6D382D4AA16DA65EC7C921
:10680000D30F0F87CCD4495EB42B76EAF4D0A8BD61
:10681000041591A9BB6CBA65A9356E8F2FE8F527D1
:10682000DD54BE97FDFDE75EAE63B93BA4E84B8B3C
:10683000B48ED39BA130DB31DE64D497A0B77183D3
:106840008845525C7BDA3D00AAB52620A6A299971E
:106850001C9B90143132BA3094800000000000007C
:106860000000000000000000000000000000000028
:106870000000000000000000000000000000000018
:1068800000000000000000FFF3856C000E15FF49BA
:106890002F0C23938000034800000000208763969C
:1068A000CB1CB65C5F60414632E42BCED34EC63F74
:1068B0003FECF0521476DC2AE5B326A09A829E5370
:1068C000CE9FFF39F3FEAA0F73906794927CCE9708
:1068D00098FE4A2773B7D0373FCE11F9494FADDF45
:1068E0003FADBFC264BFA7C329EB7684679D252156
:1068F000C29E70E57CBF23606D6EAA489DB3FE7B8F
:106900001E2905EA15096E9F9151A398E2620A6A51
:10691000299971C9B90143132BA30948000000004C
:106920000000000000000000000000000000000067
:106930000000000000000000000000000000000057
:1069400000000000000000FFF3856C000E11E3471B
:106950002F1443AF0000034800000000000D237215
:10696000CB1CB25BD430068995DD95C3EAF3225681
:1069700073B33AFBAB26268762335EA664832C5141
:10698000F0EB14757549ADD1BF57B823F19C107762
:10699000733A2919ADCA7AB9D5C299089141FBDA7F
:1069A000CA9B8464FCCFECADCB2AF55BAA327DB2E6
:1069B000AD1D5EAB19448C666709B102F8D722039E
:1069C000B13D6B1BCED8796EE0880A3284C414D4F2
:1069D0005332E3937202862657461290000000005D
:1069E00000000000000000000000000000000000A7
:1069F0000000000000000000000000000000000097
:106A000000000000000000FFF3856C000E09D53A7D
:106A1000CB1443E5000003480000000000AB7FFBFF
:106A20006DB97780216818C513050E1A575D98EC6B
:106A30003DD91A7CF0EEC6245DDDB724EC8896AE15
:106A40005A91335911E94376D9F0A318AD130A2DA1
:106A5000C08EE86657A1F2BB21C6673FAD7FEBC889
:106A600037D17D76068534AEEE67FC3F241949F8B0
:106A70006FBF56B88B2BDEFFCE021E392B70D7A707
:106A80003EF3F0A80A03831206F4309253105351D8
:106A90004CCB8E4DC80A18995D184A400000000082
:106AA00000000000000000000000000000000000E6
:106AB00000000000000000000000000000000000D6
:106AC00000000000000000FFF3856C000E19D74D98
:106AD0002F0C22C300000348000000006029ADBB5A
:106AE0005D65D6DCA10BCF04642688B8A601DCD096
:106AF000366E4A14232AD768C62A998A8E818D3326
:106B0000FDCD5D7913300B478DFCF2C0D0A026631C
:106B100009E6054433723E6074042111559DE2DAA2
:106B2000A89ADD59AADF79F75A7DD5D1319590AB76
:106B3000A351CA8F3EC57591DD953F4CE957E56776
:106B40002EFBD1B12549D41B1A9A0A8FA9310535DC
:106B500014CCB8E4DC80A18995D184A400000000A5
:106B60000000000000000000000000000000000025
:106B70000000000000000000000000000000000015
:106B800000000000000000FFF3856C000DF5D73712
:106B90002F24623E000003480000000040092C77CB
:106BA0005D1CD6EF08C132500B291E4649218A9040
:106BB000ED69BC33491E44A6E5FD0276452E7CBB3B
:106BC0001561D8AFBB117BEAFE3FECE90E7632A52A
:106BD0006E73E695F7A02D4C5514AD67396CA9EB93
:106BE0003B666FB2ED2BE9255CECF477D97746D99B
:106BF000AEEF5775753CAF547C8CEC3A1EEB547F6E
:106C00007420A326861509B0F8CD0A72620A6A2993
:106C10009971C9B90143132BA30948000000000072
:106C20000000000000000000000000000000000064
:106C30000000000000000000000000000000000054
:106C400000000000000000FFF3856C000E11D73536
:106C50002F24654E8000034800000000200B2276A0
:106C6000CD14B5DF8D46C40196064D26F44B6A87D8
:106C70005747C8CC96D63C8C70450CFBE6BDCF730D
:106C8000EAE185CE85F14CBB77C97FA37132A54A75
:106C9000C0C43DDBAE8FD3229ACC876795AA9E965F
:106CA000E389DF57A32295E65B5BFDE672DD37A241
:106CB000DB9CEE933553D8C45529AAA4390AED9923
:106CC000647922B28166B19FFCB96BCDD4C414D46F
:106CD0005332E3937202862657461290000000005A
:106CE00000000000000000000000000000000000A4
:106CF0000000000000000000000000000000000094
:106D000000000000000000FFF3856C000E01D52A92
:106D10007B3C62388000034800000000095BA4DA75
:106D20002A55555441A003FB92553A9F4C1D030B25
:106D3000A6D9C646CF42675FBBE65897665A967695
:106D40007CCA322684CFD757F77FBE80CD7CC80857
:106D5000110765444747D210A457DBAC667AB7A247
:106D60003D41B7635119953AF662A3D5BA7AB35E3D
:106D7000CB6BD4E672D991DF9763EC59D5764EEEA2
:106D8000A8CCE12D7BCBAE3DFF432B0E4C414D45B6
:106D9000332E393720286265746129000000000015
:106DA00000000000000000000000000000000000E3
:106DB00000000000000000000000000000000000D3
:106DC00000000000000000FFF3856C000E10C722D9
:106DD0000560C53A80000348000000004455DB6FA1
:106DE0004EB492BC54D038A0A24D65589A08A679EA
:106DF00049BB44D0CDBBA182EE1A3736F4F52B5EE9
:106E0000F3D51EC4415392EFC8DBD046E9936B2003
:106E1000BA28D0C0914CE3C5082984B82CE89E510B
:106E200068693BAB847EBFE87EDDE77746FF33D3FE
:106E30000D2B3E59749995C80C96C8CB0A3EF55F48
:106E4000F862F0C6EB5FF8BFE89ACECD74C414D4F4
:106E50005332E393720286265746129000000000D8
:106E60000000000000000000000000000000000022
:106E70000000000000000000000000000000000012
:106E800000000000000000FFF3856C000D35E747AF
:106E90002F0C43CB00000348000000002028E4969C
:106EA0004B1CB65CA1B8C5CAA0F0262D10C5315741
:106EB0006CBB99BC773A2D8F5CBF64B9FB1ACEC509
:106EC0008484FA76F5FD7504ADE2357F4D7F661C4E
:106ED000747FA1915D5F951F06DE65A9B6A3AA1117
:106EE0007BF22FF3A36CAB43D4D39312DF85ED9ADF
:106EF000C8EC842C89BE1E6EB0B8A0C7DCB6161CC8
:106F00003E4115991D42620A6A299971C9B9014326
:106F1000132BA3094800000000000000000000003F
:106F20000000000000000000000000000000000061
:106F30000000000000000000000000000000000051
:106F400000000000000000FFF3856C000DF5DD324D
:106F50008F30622E00000348000000000DA724AD12
:106F60004B25C4A0395292C2C9DAF387174C95E178
:106F700099BA15DB31EA5B5CCBA74D333DED23E2DB
:106F80000541F2B3A0B2ADBFAB7EBC10D723035412
:106F9000233D19D197D56C544295E4B1B9C9E8DCC9
:106FA0001DBA3DDD68BACCE5ADE657369B2C99524B
:106FB0006516AE8CC322A2B2339FC90C66F45CFB8B
:106FC00093CD32C77143E9536F148C52620A6A2918
:106FD0009971C9B90143132BA309480000000000AF
:106FE00000000000000000000000000000000000A1
:106FF0000000000000000000000000000000000091
:1070000000000000000000FFF3856C000D85D7280C
:107010002B3C623A800003480000000001AD268B43
:1070200088212388F5DA655E29A3FD85AD9857424E
:107030000AF2DAC1E3F202732369BD31B379E4B92C
:10704000910872AA1BBBFD7EDFBE64114A9D0ECD66
:10705000721647B1753CC6BA83753D94DA9FD0ADC0
:107060009F4A76FD957E89D0D62F19B6FD888E5C15
:10707000833A6BDD8CCF33AD10C945DC393D86CA10
:107080000B57EEEFF88EA5CAA620A6A299971C9BD7
:1070900090143132BA3094800000000000000000EB
:1070A00000000000000000000000000000000000E0
:1070B00000000000000000000000000000000000D0
:1070C00000000000000000FFF3856C000DE5D334E4
:1070D000DF30622E80000348000000000086E4B725
:1070E00049759FBE2E5D28E1BA1148068C28F2B87A
:1070F0002E66FF2572AE6C4ABE49D2CEAECF92D07C
:107100006629CD91B355094DBA55EA50621B751CDD
:10711000E53B52DD12865AB90A5D910A74D3EEED51
:1071200055B69ABA7E64AA276B7F5FAAF7B3382751
:1071300028C52115ED59D8AA3BABA90CA8D5D45A1E
:1071400091E11C3E17AD965BFE9DF52620A6A29907
:10715000971C9B90143132BA3094800000000000DC
:10716000000000000000000000000000000000001F
:10717000000000000000000000000000000000000F
:1071800000000000000000FFF3856C000E0933349E
:10719000DFA48C00800003480140000000E6A6B791
:1071A00067AFBB9293C94170FA396348903E51BAB8
:1071B000CBF5B53F9B467BA19E2CCAFD8FC4F3281F
:1071C000662D94D3E964BFA4385F820E5FF4979470
:1071D000395C90085AECF1D4F44F845F619A97CDF2
:1071E0004E7FFF7256011E676BCC23E419EDC35B23
:1071F000DDD8BFD619E35878DC1FE7F9E6DB97D86E
:1072000078C5BFF13FF835ECE652BD7ED31053513F
:107210004CCB8E4DC80A18995D184A4000000000FA
:10722000000000000000000000000000000000005E
:10723000000000000000000000000000000000004E
:1072400000000000000000FFF3856C000E1A135AC6
:107250002ACC9C0080000348018000000420C30C5D
:1072600020C30FFE89FF4391E997FCFC6CD200BD5F
:107270007FF9FB4F85F3CF9884BCF7C481A143FF0E
:10728000F4283EA4BFFCB1A5C07803897FFF892103
:1072900018C8E8DEDFFFBA58C2060D464461B89C44
:1072A00009FFFFFF83F3898F117422380F06A67F31
:1072B000FFFFFF98552C3E4CFA52798FFFFFFFFFDE
:1072C000FFFCF33C70F2E60A02000C26253105357E
:1072D00014CCB8E4DC80A18995D184A4000000001E
:1072E000000000000000000000000000000000009E
:1072F000000000000000000000000000000000008E
:1073000000000000000000FFF3856C000E31E382F6
:10731000DBE414018000034801C0000089B72EC7D8
:10732000F5BB6DA200EB0F45455D2EF5B665AAA530
:10733000945CE542314AEC6318588463A59BFF5E78
:107340008A2E1F39CC7EECAAB75A593B7A557D1646
:10735000D4CF56771CA1A3224A853B5ECCC64CFDF8
:107360000F421195C88288397E8B9A414521DDC82C
:1073700072BA36FD7B5FABB3E94D997EBA2DE45FFF
:10738000DC8A5208C41C60FBD13CCEFD2BC4C41463
:10739000D45332E3937202862657461290000000BF
:1073A00000000000000000000000000000000000DD
:1073B00000000000000000000000000000000000CD
:1073C00000000000000000FFF3856C000D5DE77415
:1073D000CB3C622F8000034800000000006EFF15C8
:1073E00049C9FE6E8A14B43ED4701A2E6874A9D4AA
:1073F0004E184448EB1043F111169912F4F7AE8180
:107400000E2D708962256B35EECC9FFEA54331CBE6
:10741000321DDCED640E3A11ED3FFFADDD19D744AE
:10742000F76FFF53BCEA70EA8CDFAE739DDE922FDC
:1074300031CEF5539E96D54E73D18EE75F4465BB32
:1074400039C63FEF54A5F898829A8A665C726E40FE
:1074500050C4CAE8C2520000000000000000000052
:10746000000000000000000000000000000000001C
:10747000000000000000000000000000000000000C
:1074800000000000000000FFF3856C000E153B704B
:10749000373C654A800003480000000064CA24EEBF
:1074A000FFE6B0459537075F29D341D7F50317FAB3
:1074B000A17B357F50AF0B66535666FEA73C81F02B
:1074C000800816C24A8CE65388339ACACEEEDBBADD
:1074D000AA5DD7E9499CAE97B64101852536FFFDE7
:1074E000525665433A19050C3D0A3ECA501CD5A6B2
:1074F000C07002811BE7FF1F27BD358E9B831B6A6F
:10750000D864CEB8F1992DFFFFFF3A1FE2620A6AF4
:10751000299971C9B90143132BA309480000000040
:10752000000000000000000000000000000000005B
:10753000000000000000000000000000000000004B
:1075400000000000000000FFF3856C000E0A0170CF
:107550003B3502898000034800000000693900249F
:10756000DDF597409CF447F0E0F3A2E143A89C5975
:10757000E895089F2A129D5F24B55FB319F66D093F
:10758000CC55F2A7E1984A3A999ACCFEE4E8A2F5E4
:107590002A1FFF4917C820C28D2BB6EEA4F474F73A
:1075A00009CA8EC5D481C3892A191BB4A79A546FFE
:1075B0009888E56BBFBF4EFFFA322395D559953EAB
:1075C00041CC088C573F39BE81AE10C59310535142
:1075D0004CCB8E4DC80A18995D184A400000000037
:1075E000000000000000000000000000000000009B
:1075F000000000000000000000000000000000008B
:1076000000000000000000FFF3856C000D79596850
:10761000C34843C700000348000000004025A926D6
:10762000A55988FC00F63245DCCC3F3191665567A0
:10763000914797DD6968144F6A40A862DA68ADBF68
:10764000AD464511CD222DD2492DCB479486F31C52
:1076500004ADFFCBFF740C6F321BFBB91FA32DCE03
:10766000F159AEFF488B6AA40186A7256070C5A2B8
:1076700007051C053AFDBBBFD5C156F153C13050BB
:10768000E02E1DA891D0280931053514CCB8E4DCD2
:1076900080A18995D184A4000000000000000000B2
:1076A00000000000000000000000000000000000DA
:1076B00000000000000000000000000000000000CA
:1076C00000000000000000FFF3856C000D69EB5E18
:1076D000DF65624A000003480000000040222CA43D
:1076E000984982FEFF77159C136466A7F65A5FD609
:1076F000FF8F6723E7FC90550763059298882A1C43
:1077000057BE4749CD9AFC33F650E2FCAFEA46E457
:10771000322BAD5AAAE8BD72752FD48DF6EAE286F7
:107720003F42DEA87654B91FD9B431DDB968B51827
:1077300042AEAC775A95FE9FFFFFFFFFFF553860C2
:107740006180050643BDA4D31053514CCB8E4DC868
:107750000A18995D184A400000000000000000006F
:107760000000000000000000000000000000000019
:107770000000000000000000000000000000000009
:1077800000000000000000FFF3856C000D55E55E71
:10779000DF512272800003480000000000202C917D
:1077A00036CAF2FAD00348BCFBE4B87784D5A9BA4C
:1077B00088ABF964F2097D0791CB6A4901A31E08E1
:1077C00069D6A25DF3066D54A193D1FE14E9595A0E
:1077D000F7DB4FB5812A2A5ECFA7FF2D8FD2F90D97
:1077E00031154CF4DFEE569B983BBCA04CA74338B8
:1077F000506F34B7566435EFFFFFFBFD3FE8099447
:1078000060B12163008CDA620A6A299971C9B901F1
:1078100043132BA3094800000000000000000000F3
:107820000000000000000000000000000000000058
:107830000000000000000000000000000000000048
:1078400000000000000000FFF3856C000DB55754E8
:1078500016AD1400000003480140000009C3BD56E6
:10786000BD2B44331A4CF7FA2EA350701A6304430D
:10787000A22D63630C2FAC35FDE7BCE4B78ECB7350
:107880001EA471A2A44234D7E865AAB848D764B54B
:10789000AD33B2F49352AD75D6DBA25CA8EA57F6CD
:1078A00045FEDF718F33B9DB44153B9D6DDAFB6F0D
:1078B0001167D62250298E2C15B3FFDAEDC98E7EC2
:1078C000540C4C140D3CED876D4A620A6A2999717B
:1078D000C9B90143132BA3094800000000000000B0
:1078E0000000000000000000000000000000000098
:1078F0000000000000000000000000000000000088
:1079000000000000000000FFF3856C000E220B87D2
:107910002FC38801000003480180000000000B9283
:107920003B6EBB6DFDFFEB7FFFF95A4A07433237D1
:10793000BD8F19D9E66AAE543AB4621DD508477EA8
:107940002A7BA803B5C8215F330208AEEF74529BAF
:1079500042FD9C8D63B945AE0F70CE492431D0668F
:107960006326433398C95DE7CACBFD99BCEACACD0B
:10797000A2AFC83023C9FB73503198B7BBFF3F3E5D
:107980008ADDD7EBF6E72A6BFFF6C6862B4C414D16
:1079900045332E39372028626574612900000000C4
:1079A00000000000000000000000000000000000D7
:1079B00000000000000000000000000000000000C7
:1079C00000000000000000FFF3856C000D95E38EC1
:1079D000DFC09C018000034801800000000CC070E3
:1079E0000804424120904824139CD5553C3FEB9815
:1079F000BFFBFFFD0D3DA7EBFFB1E7B0DC0A1A3777
:107A000013159A2EFE342079F6CC22258BC6A5C6F6
:107A1000EC304FFF988C618C79EEC2B20509193CAD
:107A2000B15315FFFF3330C67463CFF276738C24E5
:107A3000372658D4971FFFFFBFF99FFCE20C79CC83
:107A4000E7A8F9C3EE343004AA620A6A299971C919
:107A5000B90143132BA309480000000000000000F7
:107A60000000000000000000000000000000000016
:107A70000000000000000000000000000000000006
:107A800000000000000000FFF3856C000E29DF708D
:107A9000DAE68C000000034801C0000081B8AD9018
:107AA00000B6A64EC54066B2D27729AEA4A70F2F66
:107AB000764E6CF95672D385F9D76B3E7E5EAF6910
:107AC000315BD3FF96BB51009FFFEFFB48C91D19E7
:107AD000B3995FE5949CC257282A670BF32CED33CA
:107AE000D3A4EBA43B3D0BC88E157732BDAC7F7B96
:107AF0004CB2F79E4C51621F4FE8B8C567E9F72BAF
:107B0000CDE77206EAA6100411C5658AE6D31053C4
:107B1000514CCB8E4DC80A18995D184A40000000A0
:107B20000000000000000000000000000000000055
:107B30000000000000000000000000000000000045
:107B400000000000000000FFF3856C000DD187737A
:107B50002B34626A800003480000000040076D96E5
:107B6000C004A734F3804F2FA031497749251C1C4E
:107B700066FAD42971F91FB3BD434F7CFFEB543330
:107B8000B972A3432A7D990E1198045B27E88F47A9
:107B9000E196E8ACBFE5DCAE457B1AB4AA1813A9A0
:107BA00054A87D9733697AF77CDCC47BAACBDD9A35
:107BB000E8F2C31726C3F4F85E57FE9857BCDF08F7
:107BC0002818CC534597D2B36FC594C414D45332FC
:107BD000E3937202862657461290000000000000D0
:107BE0000000000000000000000000000000000095
:107BF0000000000000000000000000000000000085
:107C000000000000000000FFF3856C000D99E78183
:107C10002F2846BF000003480000000084291B9263
:107C2000C493924A8DC8C2697A5C8C29088D7D44C0
:107C3000FF900DEB590321BC5E754D73BD0E45439E
:107C4000BA36AA036F5F28088A0652A93F6AC93369
:107C50007476437FCAEB95AAD3396DD0C62306311B
:107C6000934E865FF5A85325A555E575AAD3F92F40
:107C7000968D7CA4BED3EB557D0872AB698C189CA5
:107C8000C6C1A99F18955C84A931053514CCB8E408
:107C9000DC80A18995D184A40000000000000000D0
:107CA00000000000000000000000000000000000D4
:107CB00000000000000000000000000000000000C4
:107CC00000000000000000FFF3856C000D85EB77DD
:107CD0003F30E22E0000034800000000D001952A4A
:107CE0005F252DDEFCAD7353008553CA83A663D296
:107CF0006816F509C0185A76481D8C6A500606A900
:107D000098221FEC75FDD9958194BF5E6630512E87
:107D1000E552DAADB6E8F7B9551B55BF66437FFFAC
:107D2000A3190C8FFF37FF33159D88029AA109D440
:107D3000E8BFD0D44EBB5BFFB68E8A829ECEE631C2
:107D40001D9159C72AC165742620A6A299971C9B2C
:107D500090143132BA30948000000000000000001E
:107D60000000000000000000000000000000000013
:107D70000000000000000000000000000000000003
:107D800000000000000000FFF3856C000D51E78744
:107D90002F2902750000034800000000D48023D77B
:107DA000DB2DD75C7EAE2044FFC73D0241DE549000
:107DB000C319306955FC84411423403DB738A36B87
:107DC00051C0E5703398FEFEE867233924E6BA73A4
:107DD00098B6D32AC825A8D4325B31BFF91EEE422B
:107DE000293FFFFE4730C15885410896422B2FAFEF
:107DF0008CACD7454D37FFF7B554F0C6620BB89B36
:107E00008461C3AA5BF164C414D45332E393720255
:107E10008626574612900000000000000000000077
:107E20000000000000000000000000000000000052
:107E30000000000000000000000000000000000042
:107E400000000000000000FFF3856C000D91E56A62
:107E50003B44A29A8000034800000000036DBFF677
:107E6000DCF9C0567AC8E0FAAAAAC89B7590F24419
:107E70008C3CD71C6793E3548951D45C0ADE262DD1
:107E8000A9C4C59AA595FEBD4C51E688894C852D9F
:107E900084EFD59F9E5E40E0596B802518C7122D58
:107EA000B73B790A436620FFFFFA3DA73B2BABB3F4
:107EB000B7BFD0BE77A5D18D353F6FE9A5D4D776B2
:107EC000732B2B841028DA8FB4C414D45332E39369
:107ED0007202862657461290000000000000000043
:107EE0000000000000000000000000000000000092
:107EF0000000000000000000000000000000000082
:107F000000000000000000FFF3856C000DFDE1851E
:107F10002F00E50300000348000000000CC559B61F
:107F20004B2DFEDC8C06017B94E14160B2A94453E9
:107F3000E5B96620B723079F575C8AEC67EACE68ED
:107F400092DCDFED43245C070E078E520D4535159C
:107F500016BA151DDEE2CF1CD4AA594557B4D74B2B
:107F6000BDCCEA220A28BEEE89FF5756395DFFFADA
:107F700097994A5FBCB431BE6A7E8956594CC8EEA7
:107F800043B20FA488224262C448765298829A8AE9
:107F9000665C726E4050C4CAE8C252000000000025
:107FA00000000000000000000000000000000000D1
:107FB00000000000000000000000000000000000C1
:107FC00000000000000000FFF3856C000D660577DF
:107FD0002F34E52F80000348000000000423538E57
:107FE0004964B78DEC38C178DA8A3E1A7DC7097AC0
:107FF00085EAA63B7CA7A813749B3AB1B5E9434830
:10800000F42B7B99D29089CA9B3FA7E9C4D0C93A87
:1080100098CA424515BB66542997A4BD1955EFF778
:10802000BFED64111C6332020F47BD6CB7ADA9F3FD
:10803000A7FFFFFFFF3B238A09219CC1A141824C7E
:10804000E577A55C795304A620A6A299971C9B907E
:10805000143132BA309480000000000000000000AB
:108060000000000000000000000000000000000010
:108070000000000000000000000000000000000000
:1080800000000000000000FFF3856C000E02097A7A
:10809000DF014503000003480000000001BCF47646
:1080A000DD36FB615C36F0B0DF181A576A83642254
:1080B0009553397C68B7DED919AF6161743BB3ADB4
:1080C0001BFBE8C020AA29EC8D7211FD7FBF638ADB
:1080D0008EB8C55B1282CEE421588E88A55D99B911
:1080E0000B65D755BD21F1E182C2CC7391DC979D20
:1080F000C8C774B4F4BA37FFFFEBF791FEE8C7398D
:108100001468E1829653D8CC22A5230F4C414D45EB
:10811000332E393720286265746129000000000081
:10812000000000000000000000000000000000004F
:10813000000000000000000000000000000000003F
:1081400000000000000000FFF3856C000DF60362E4
:108150006B48655F800003480000000006EB537029
:108160004D23A3A80B2823A2EE705B0B7B26577729
:10817000E870C2BEBAC2D162784180990929A13E95
:108180009A6F919C2C8CD2EC90AD90CC983CC7F31C
:108190002BA37F772AE9F46B179E6DDCA3C54555A9
:1081A000DD3C8CAF445525DCEA9225559A81D0ED13
:1081B000D2946FAFD7AFFFFFFFFFFAA9D451468A21
:1081C0008A960616731DED6A94540A02620A6A2999
:1081D0009971C9B90143132BA3094800000000009D
:1081E000000000000000000000000000000000008F
:1081F000000000000000000000000000000000007F
:1082000000000000000000FFF3856C000DB5E37E68
:10821000CF20629F800003480000000088FFA9B6BD
:10822000EDB6D978DC090B4A4DD3E32AB993EEA217
:10823000359E1278FBE9DD3CACDAC7B7B32B475764
:108240008ACE4998E54E3D3EB5FEF29C4CFA97FA2F
:108250006E64847FA39BB2E4FA43B6216D1CFA3F9F
:10826000510E9A9F69966F0B844FD763A33AF9DF3B
:108270003B914F5476D4FE8DF75FFFB52D3FEC84D4
:108280002343A42ED18D9F769CB2620A6A299971EC
:10829000C9B90143132BA3094800000000000000E6
:1082A00000000000000000000000000000000000CE
:1082B00000000000000000000000000000000000BE
:1082C00000000000000000FFF3856C000DCDE369A5
:1082D000163CE246000003480000000000056E0066
:1082E000D572EB5909685BBABD081A3E94EF85A9AF
:1082F0008087B283F37509DB62B1D6852A043E8498
:10830000A25762B9704081D0CA49D91B9C969DA9D9
:10831000645A375655BB75D6FD19F532ADDA642D62
:108320003B25CEFD11687FAF3B9F3A250CCD21D375
:1083300053721D1ACED546FF6FFFDA774D4EF2B05D
:1083400022395907114321C858C5A98829A8A6650B
:10835000C726E4050C4CAE8C252000000000000070
:10836000000000000000000000000000000000000D
:1083700000000000000000000000000000000000FD
:1083800000000000000000FFF3856C000DB9DB7AEF
:10839000CB2C22E90000034800000000088BA6AFA8
:1083A0009239FF4332C61C311CB3B58D2B848745EF
:1083B00039EA93DFEC3FF134E8B6A058DEE2BBBE09
:1083C000FA997F5F5D4452D7CCD7CCFDCBCF9EB816
:1083D000E2F89A8BDCCDFC85E5C98504989B0C42BC
:1083E000187AEC28C213468D62346193D109F30EDA
:1083F000FD1E45F27B32DD97E5FE5E161D1C710009
:1084000042838771522814928FB931053514CCB844
:10841000E4DC80A18995D184A40000000000000064
:10842000000000000000000000000000000000004C
:10843000000000000000000000000000000000003C
:1084400000000000000000FFF3856C000DDDDB780C
:10845000CF20628D8000034800000000C845E12461
:10846000A5B1C6A7CB0B551A20831F9600E9CB03F5
:108470007BF40A5CAA0545EFC08B34087FC2F3ADDC
:10848000FBB7E97E41653A00B2BC3EBA1FDABEE6F0
:10849000574216C61041E5629E89737030AD39C1EE
:1084A0001A56435AA5F66D8DE6AE6F5F2FFFFFB7E4
:1084B000B6857A59D0EB6D6D6DEC6991F5CB52B301
:1084C00085398097D33577EF4D26E298829A8A6670
:1084D0005C726E4050C4CAE8C25200000000000046
:1084E000000000000000000000000000000000008C
:1084F000000000000000000000000000000000007C
:1085000000000000000000FFF3856C000E01D17434
:10851000CB2846D90000034800000000081195163A
:108520007649E238A54A1619859E2589C42CA542AC
:108530002D44131C6A04C243F19F971ABEC1678F72
:108540000EEAFD3C8138FCB1B8CFC91FB7A791F83E
:1085500047E76E76D1A9419338EDAFFE2D9683B6ED
:1085600046E42F3FAA7BFFA34F462EACA450E2CC9B
:108570002E0B6116D1DE221DFD2798D7AFFE633C7E
:10858000E3E1D4A605182552CEABC7104C414D45AA
:10859000332E3937202862657461290000000000FD
:1085A00000000000000000000000000000000000CB
:1085B00000000000000000000000000000000000BB
:1085C00000000000000000FFF3856C000D6A057AD2
:1085D000CB28E21F8000034800000000DD02A56BED
:1085E000965A9C470DE282006821C4E4F50A07EA26
:1085F00035029DC3B8D5F5114470C370C1DF43F592
:108600002776D58FC82DF33686F557D49D48D531BA
:10861000FDF4B1E6366529F567D1FCDE6F5E9E5646
:10862000E52EAEFF6FF5A50B22CCCAC0920620182E
:10863000C8CA7910E439C6B7473AA33B90AE5CBFCD
:1086400077EACF7F2080B6131053514CCB8E4DC8A4
:108650000A18995D184A4000000000000000000060
:10866000000000000000000000000000000000000A
:1086700000000000000000000000000000000000FA
:1086800000000000000000FFF3856C000D8A0B6EF7
:10869000DF35027200000348000000004800AE49C8
:1086A000356E722B887148F98227809C6A8788A46E
:1086B000963B85FEA1DB566057FC829369A41B7331
:1086C000368E3DB1DEA61B98CCB06FA03106582285
:1086D000747F49739DF03101AACF452BDA18D498E5
:1086E000A4D3FFFFFFFFECFBFFD5F4E923D15B56DA
:1086F0001AF61C8CD057631DACCADACDD5FA3D19D9
:108700002F35FDBA2B2AA82A131053514CCB8E4D6E
:10871000C80A18995D184A400000000000000000D7
:108720000000000000000000000000000000000049
:108730000000000000000000000000000000000039
:1087400000000000000000FFF3856C000DFE076EC6
:10875000DF3D424A0000034800000000084537C4DE
:10876000A730927FF8F785ECECA80F34BC8F82D746
:108770003C443705E3A48A171D0272E83556C476D7
:108780004D3D5E8A199AE8CA663897CC00D42948CC
:10879000D955EED5428022A28CCEF0C9D3CC56B0AA
:1087A0006354C13FFFFFFFFFC957766E645C122917
:1087B0001C19508B6D153A919E6128EEA8DB93D160
:1087C00038495CC7CE737327DB93740E98829A8AFC
:1087D000665C726E4050C4CAE8C2520000000000DD
:1087E0000000000000000000000000000000000089
:1087F0000000000000000000000000000000000079
:1088000000000000000000FFF3856C000E110578E9
:10881000DF292571000003480000000004B4F5655D
:1088200035258DF892261EE4E180AEE7B9516976D0
:10883000103D449922270C8310C260ED437CFFF762
:1088400067A151261E945576399438520D45FF3252
:10885000F8287AE03098B1D4A1DA3572953EDB3849
:10886000A23BAEC3B61B31E220944C0541E1284B3C
:108870000E884EB1C0B87C19A14A342A4860E71C62
:1088800017055AB080F7C4AACE2CCDA1C4C414D405
:108890005332E3937202862657461290000000007E
:1088A00000000000000000000000000000000000C8
:1088B00000000000000000000000000000000000B8
:1088C00000000000000000FFF3856C000D8DFD6AC4
:1088D000DF492238800003480000000000A7B37081
:1088E00002E7B774C6301F091B14456C1A1A4935C4
:1088F000B997D6466AB688CA6436223CD48FD5FA70
:1089000031A80885CBE84EEAFD0A694332DA74756E
:10891000646DEE867388B259D0D3FFFF3BCC88CD0F
:10892000FB22AB4A85414CEDFFE65FFFFFECE8A67A
:1089300045AB7FBD10EE1C85221992BB95A8EF9721
:10894000D6D28CD33428AC51498829A8A665C7262D
:10895000E4050C4CAE8C2520000000000000000057
:108960000000000000000000000000000000000007
:1089700000000000000000000000000000000000F7
:1089800000000000000000FFF3856C000DADF37FD8
:108990002F01220F000003480000000002AD6DD936
:1089A000C8DDBB6DC3CA8805238A821689EA27FF02
:1089B000E3AFFF8D99DCB4C1AEE80C51ED4E77A961
:1089C000C38B2F3F8A2EA747D0091282AF42FBB735
:1089D00067E1413737897FFFCADA38554ABF6324D8
:1089E00082807732B7F5A4841D96DFDF6AD19D5A65
:1089F000659999CBB5EF62C2C7014AB1955880DA43
:108A0000ABFFEB9A97068570D5698829A8A665C73C
:108A100026E4050C4CAE8C25200000000000000070
:108A20000000000000000000000000000000000046
:108A30000000000000000000000000000000000036
:108A400000000000000000FFF3856C000D8DED7448
:108A5000CF34A23F8000034800000000006BA9B79C
:108A60002DBA5E60094213A9024CA39DDF90D42069
:108A70009B373210955745676477E40676947A36CB
:108A8000C5E5559942D2CFE18C85433928474DCC75
:108A9000A5CD95CD757A5D757B37319C86F4E9B8A7
:108AA000C9FFB79DE9445BA22ED4B1156E8423544F
:108AB000C2A7FFFA25BFB7FF4082D000181A0014E2
:108AC0005801075B7D009D71E98829A8A665C72626
:108AD000E4050C4CAE8C25200000000000000000D6
:108AE0000000000000000000000000000000000086
:108AF0000000000000000000000000000000000076
:108B000000000000000000FFF3856C000E09E16228
:108B10006F4C623A000003480000000004453975BC
:108B2000D22AA3303BB48468750829EB0031D70101
:108B30002CE31E13FA394686D394BEDDBBACEC534E
:108B4000A2BB5C3194EF5D94EEF6B23B54C45AA3E1
:108B500039FAC8D2966EC4553BA4A5673AD1FA310A
:108B6000E88776EAF5FFBD199CC93C1BA5DCEB3A0A
:108B70000857A1555CC442DBED56E6BA5CCD7F7563
:108B8000CC44A1A76C4A9A034F3036AA53105351D4
:108B90004CCB8E4DC80A18995D184A400000000061
:108BA00000000000000000000000000000000000C5
:108BB00000000000000000000000000000000000B5
:108BC00000000000000000FFF3856C000D694D7887
:108BD000CF0183050000034800000000025EA9B633
:108BE000E4B25D038E74A12A339C59FC6832C24CF6
:108BF000CFE1C22C8ED65CE342A72ECC9AB4356767
:108C00008615E11E51617679FFFDA4C4F98D943C6F
:108C10008E7573979BEE9FCCFBFFFFD6A40C32D6CC
:108C200058F167611F91CE2837C3B059C020E015B5
:108C30009ECFAE3CF306A956AD1300B8740640C0F3
:108C4000B3899C10B520A3931053514CCB8E4DC8C3
:108C50000A18995D184A400000000000000000005A
:108C60000000000000000000000000000000000004
:108C700000000000000000000000000000000000F4
:108C800000000000000000FFF3856C000DE9EB79A7
:108C90001F05A205800003480000000020013BE4FE
:108CA0009396D94138C62CCC028485CC2448628462
:108CB0001B406F4518DCA6EFA19D3523B554F56325
:108CC000F91991C6662A1CFCEF493BA2B19568AC24
:108CD000108563108B9D7B99EAC8FA1953DF995C64
:108CE000DB7AAB22F6B5E9538728AB951BB7BBD52A
:108CF00056E4925756FFD2D63332A96F2B76FAB389
:108D00004C6395DE61293E17C7DC35131053514C77
:108D1000CB8E4DC80A18995D184A4000000000002B
:108D20000000000000000000000000000000000043
:108D30000000000000000000000000000000000033
:108D400000000000000000FFF3856C000E05EB64DE
:108D50003B4CE25E00000348000000002AC807CB3D
:108D60001C295D63703292C8F210EC28F7CE1EE227
:108D700002DCC19CD088CA4F6D4ABF2CDCA272BDF8
:108D800001517F39B5119B982E7C48AAA3B7166D67
:108D9000C2BCE83979CBC9EDFF4F3FAF4194AC205D
:108DA00039F2489044A5F7616AAA64D55066B5FACD
:108DB000BFBEE84A32FFEFBB2A3A3AAB917C9E46EF
:108DC00032B018834302287551C24AC62620A6A293
:108DD00099971C9B90143132BA30948000000000A7
:108DE0000000000000000000000000000000000083
:108DF0000000000000000000000000000000000073
:108E000000000000000000FFF3856C000DC5ED6D53
:108E10003B34E24E00000348000000006005111ED4
:108E20005F8BF6DC667B2A12162880390454D550F5
:108E3000B7858638F06FA0C6A68487E2975A1C5B78
:108E4000A1BD51AE6069B423CA3799B31C46ADD5F4
:108E5000FA3932B728C7FFFFFE2841095BECE8EA80
:108E60008B98AFB97ED8521CF390223297A4F5FAB2
:108E70005B96AC545BFBDFF46510725DEEF54A3E29
:108E800056630748814704FB43D62620A6A299973C
:108E90001C9B90143132BA30948000000000000016
:108EA00000000000000000000000000000000000C2
:108EB00000000000000000000000000000000000B2
:108EC00000000000000000FFF3856C000DE5EF6B73
:108ED0002B3D0238800003480000000040051AF9CD
:108EE000017E4BB5F195E46D22B287C80C114E5846
:108EF0003DBC605EFE44887AA0B19D0E2CFAFA2B30
:108F0000E8FCA208C80C6E8FD0CFA893BE718B432B
:108F10007AF95BDD286147CEDCA66BDFD14E7BB6EC
:108F2000ACFFDCC6D55BFECCEEE190F77EDD97E8CA
:108F3000D04865908DF4D6FBA223EB652C9F53BDE2
:108F40002C950E1D4C6080709D43382620A6A2995A
:108F5000971C9B90143132BA3094800000000000BE
:108F60000000000000000000000000000000000001
:108F700000000000000000000000000000000000F1
:108F800000000000000000FFF3856C000DE5EB67BA
:108F90002F0702048000034800000000000802714F
:108FA00002638DBA39732123E16F07C408D910C257
:108FB0001017AB1DD4C2C7755069B2A765EE67E143
:108FC0004CE8863B2CCBECDD9A8A154C2C818CED41
:108FD00066D77FAF742E564FF4D246C42B93AA7A2D
:108FE000F9B6DAC4BF43B1C8E298A845367BC99147
:108FF000D74DE62CBFFAED5454DECACA8885D5D9C0
:109000009E77211181DC3CFECE336B2620A6A299EF
:10901000971C9B90143132BA3094800000000000FD
:109020000000000000000000000000000000000040
:109030000000000000000000000000000000000030
:1090400000000000000000FFF3856C000DE19B7B39
:109050003F14654C8000034800000000020BE1ABA8
:109060001E7FE345DF20B1CB090042CEF6D5C94AC9
:109070007C612521C10C78B1E1DFFB845369F68165
:1090800043A5224ADA26D47498CEE2E977C8C923E8
:109090002DFB7FD50A77F4EC7BA10EEA657EE46EAA
:1090A00073B8715EA8F6725094237E820294CEE764
:1090B0005E4A367F9CE77E20C379E1F676B9FE9062
:1090C0000190C11530233D473FFFF04C414D4533E2
:1090D0002E393720286265746129000000000000E5
:1090E0000000000000000000000000000000000080
:1090F0000000000000000000000000000000000070
:1091000000000000000000FFF3856C000D5DD57BC2
:109110002E18223B00000348000000006A396C95BD
:10912000B922419A3B0A522FB8BC88D4CC2871048A
:1091300078D196D2BFF51E45CC65C8AC641C84645A
:10914000CD747B5C4982BFDCE539C418D7FAF5627F
:10915000D337D5AAB75B2113D5F33FCDDA6E65EED1
:1091600095DEFC8314A8AAE40540A2F426E633A108
:109170000294B632323E776BE93ECC6299083341B5
:109180009192E503BAAC2898829A8A665C726E4026
:1091900050C4CAE8C25200000000000000000000F5
:1091A00000000000000000000000000000000000BF
:1091B00000000000000000000000000000000000AF
:1091C00000000000000000FFF3856C000DA1757722
:1091D0002D2025B780000348000000008E4D2C9AFA
:1091E000491A8CCBF615295E42D2432E946B5EAAA7
:1091F000FB7737744CBC5F2F533C8D1F9C3235A6D8
:109200009C91000AF8E6DF1992DBF1E26CE05E5611
:10921000E08D98C7EB5566623A9445591A835329F5
:10922000AD6B96AFD372CBC9548AFA1D559C286B8F
:109230000EC8AD42D37400A335693E6A6BFFFD8D45
:10924000AD42DF7296B33FFFFD4C414D45332E39A1
:1092500037202862657461290000000000000000CA
:1092600000000000000000000000000000000000FE
:1092700000000000000000000000000000000000EE
:1092800000000000000000FFF3856C000DDDD377C7
:109290008E18236E00000348000000006575899752
:1092A000785DFE501B4B7039786A5BBD5A5E7C2A34
:1092B00048D4C2266F68E17FC424301F64C7116997
:1092C000A2DCE229420477D4C984CBFFFFEFF2B9D4
:1092D00002BFE6D3D090E852A645DBBBA9B9D3596B
:1092E000E90D8ADED2DB3CD1C12918C2C8902AC25E
:1092F00027468142977F5C2A9047E799AEF6DE9F2A
:10930000FFFDFC648A85283ADFB43A98829A8A661F
:109310005C726E4050C4CAE8C252000000000000F7
:10932000000000000000000000000000000000003D
:10933000000000000000000000000000000000002D
:1093400000000000000000FFF3856C000DE9DF73F2
:109350002E0C43E000000348000000009ABBB6FA60
:10936000CDF100A9B9A0733C18AF43CC959656B087
:1093700091F56E2A7F67DF9070ED92FC2CCB05C7CC
:10938000BB3213BD78B3602F956BC3229305FD7D6F
:10939000914E10EDFE94E9CA5129C23ED4E86128ED
:1093A000701A05C9C852919DB0F87DEC3268161C40
:1093B000668396BEDFB7EDB71B58397EDECC73FEF1
:1093C000FFFD99CAA62C809544AD42531053514CD1
:1093D000CB8E4DC80A18995D184A40000000000065
:1093E000000000000000000000000000000000007D
:1093F000000000000000000000000000000000006D
:1094000000000000000000FFF3856C000DDD5F77B9
:109410008F18A3868000034800000000503559973C
:10942000B86DF38E6DDAADA3AF204FC7BC4E59E6D1
:109430007E66C6A09C6EC4EC8F42133A32B81260AE
:10944000ECEA647CABB7F15DDB3018DFFF7996F2B4
:109450003A5DB6795634320CF19D555554BF55FEE0
:109460003337F1AAAAFD26E55E31FFFE7D2FD9C86C
:1094700037CD902A1F36CEFE7E476FEDFA8A4FFA1F
:109480006BEF51DD3451D306ADFC1A98829A8A668F
:109490005C726E4050C4CAE8C25200000000000076
:1094A00000000000000000000000000000000000BC
:1094B00000000000000000000000000000000000AC
:1094C00000000000000000FFF3856C000DE4B956B9
:1094D0001268C3320000034800000000C54713B9FA
:1094E00006B6235B0D1B27984A00DBBB349F580E42
:1094F0001374E8A6FD648BE4892C20443DB99AAE30
:1095000018083010A555B9F3F6B7DBA1572FBEC622
:10951000A58526040468F160E39BF610B8F29C541C
:10952000F232201249143C0A8C19DCD25341D58FF7
:10953000242E5288B9A32E4D8FC28601DF2C78D0FD
:1095400055090D049A4140109AB5C82620A6A29943
:10955000971C9B90143132BA3094800000000000B8
:1095600000000000000000000000000000000000FB
:1095700000000000000000000000000000000000EB
:1095800000000000000000FFF3856C000E05DF778F
:109590002F34626D800003480000000000132C721D
:1095A000EBB7F6DDCC052793CF24D4B779C2C749F2
:1095B000D84ADCB89FDC89C548467C12F1534ADFA3
:1095C0009FA1094D825384A4525987793A3BD5997A
:1095D000C13298EAD44631988C572D50921D775459
:1095E0009591F9B4E9D2BB3E492C4D2B0EEEC766DE
:1095F00072999173FB6AFFAEF6E44BD74D5EC7F7E5
:1096000054322C31CC8A8C708AFB3787A620A6A2D4
:1096100099971C9B90143132BA309480000000005E
:10962000000000000000000000000000000000003A
:10963000000000000000000000000000000000002A
:1096400000000000000000FFF3856C000D8D6B60D2
:10965000CF4C228E800003480000000000C5ADBB47
:109660003609349647008C012F17CF83744C55264A
:109670000DD45035D37CCD1D045AF4464DDD91A256
:109680006C96FC8E8CA0055194B4CAEBB1B98C7465
:109690000CB76488CFBA6CC2E688D331E90E90CBA0
:1096A000FFFFFFDD9C8519C0018A1104A2040FBFD2
:1096B000FF15EAFAFFFDD0A1E063BCC1067FBB88BD
:1096C00014CF83C00CADFD3F898829A8A665C726A5
:1096D000E4050C4CAE8C25200000000000000000CA
:1096E000000000000000000000000000000000007A
:1096F000000000000000000000000000000000006A
:1097000000000000000000FFF3856C000DADEB735E
:109710002F34227E8000034800000000000CDDB6DC
:10972000C9B7FF4DA8264308D10C26053416E666B6
:10973000DA0AA69AA9A6C049A31B401000648D9B13
:109740006631F2991668C6C7604DF04A79923120A9
:1097500018DA368483194EB7436033A988AE463A87
:109760003A2BD95FFBFE97B264235BFF4B57E9337B
:10977000D7A7DFD7BF7CBA24EECB4AE8EFB9543481
:109780005AB1E14C6BDBDF5FB2498829A8A665C7F7
:1097900026E4050C4CAE8C252000000000000000E3
:1097A00000000000000000000000000000000000B9
:1097B00000000000000000000000000000000000A9
:1097C00000000000000000FFF3856C000D99F38D90
:1097D0002F1C653F800003480000000008896EDAF6
:1097E000C76FFFEFD017BD1CBEA9B3573A4192AC6B
:1097F0004D8D4121B738D92AC68651E5FC9EFD4CD6
:109800001F40B1691553BF5F669858A2F1A1F0459A
:10981000ECBD56A388E5B5D54C46BA2B67E74DBAE3
:1098200057FA15CC71A3CEFEC4D2AF7B3A11186D96
:10983000548B7FFFF66D7EC967D0AAEAA614339CCD
:10984000CC445137643986AE8D31053514CCB8E43B
:10985000DC80A18995D184A40000000000000000F4
:1098600000000000000000000000000000000000F8
:1098700000000000000000000000000000000000E8
:1098800000000000000000FFF3856C000D35F58539
:109890007F01850F8000034800000000014238DB93
:1098A0007A929B6D7798C77B1C0513339EBB6E53D2
:1098B000EE9B1F4516F93B3B58029AA249D7745FAD
:1098C000F564B89771E358A349FFD4E9A252618EB9
:1098D000C528388B9D990AE8DAA23B375522D57402
:1098E000B9D9CD5AD08DFAF4DD15D2E964EE97DB03
:1098F000723BD95CE9FFFFFFFFFD8EE7795CE8F57D
:10990000442A5839044A620A6A299971C9B901433B
:10991000132BA30948000000000000000000000015
:109920000000000000000000000000000000000037
:109930000000000000000000000000000000000027
:1099400000000000000000FFF3856C000DD5D97BFE
:109950002F1822480000034800000000026DBFDA03
:10996000A04C725DFC9C0C92595649D04B902D072F
:10997000084E7520496EA7045164EDFBD1640E15A5
:10998000C1000C7D8EFB1C9231F3C84AF548218E34
:1099900077B92B235088C992A7759119D5D54EFF59
:1099A0004639E4D8F251A7EE44D14FF4237553FF62
:1099B000BABEC74AA33B67D5E53353B134428B6780
:1099C000DC438490656682C1129102620A6A299919
:1099D00071C9B90143132BA309480000000000001E
:1099E0000000000000000000000000000000000077
:1099F0000000000000000000000000000000000067
:109A000000000000000000FFF3856C000D19D77DF9
:109A10002B0C23F68000034800000000674BF7DAA8
:109A2000C36E49B238C484AC474F6B7CCC894C1CA4
:109A3000CCACD62C27A67DB97FEDEB62C359F48D53
:109A4000AA521579C3381150F3787B39061C85BFAB
:109A50003EF7FBE453F24AFC8E126CACA6E8C4C697
:109A6000B33D13154210220B1D19A96A57968D6438
:109A700080B49519C88BF34825C9D1887E56F2DC8D
:109A8000F371F32C2131053514CCB8E4DC80A189C5
:109A900095D184A400000000000000000000000038
:109AA00000000000000000000000000000000000B6
:109AB00000000000000000000000000000000000A6
:109AC00000000000000000FFF3856C000DDDFB7757
:109AD0002B0C22F280000348000000004ECAE475FF
:109AE000A0452529351634A2B22463B37CD27773FE
:109AF0002C98E034D22654FB2C9C723537417F677A
:109B00001CC0BBD5590EB94E244FBDA66D82E3E5EE
:109B100008FE9E9FED093748BBB322F92098E30960
:109B2000615F090AC727C8620422A9085B2D8ED984
:109B30000EFF3BD6EBFDCD928BDED2A55F199CEAE2
:109B40007A1182223B51C70F4B47AE98829A8A66A0
:109B50005C726E4050C4CAE8C252000000000000AF
:109B600000000000000000000000000000000000F5
:109B700000000000000000000000000000000000E5
:109B800000000000000000FFF3856C000D8DF37FE6
:109B90002B0C43D880000348000000006EB8E79605
:109BA000E2EA3BB7F5237B15E1653F3478A8ED99F0
:109BB000F94BCDD0F3BA39608C9DD8B932E34A7CE9
:109BC0002F04718D5CEAAECDB6B65D0767215AAF42
:109BD000A1BAEEA8D4F24CB466F67530F2B31CDD2F
:109BE000D343A1B9B6760B7C8D3D1B2BB7B2722A3D
:109BF000B4434E58CB12CF6CE945C8DA5CD612FBA1
:109C0000F1B3A46626C6BA26098829A8A665C72680
:109C1000E4050C4CAE8C2520000000000000000084
:109C20000000000000000000000000000000000034
:109C30000000000000000000000000000000000024
:109C400000000000000000FFF3856C000DC5AB8133
:109C50002F0C238680000348000000006021ADFA2D
:109C6000B2D596EF4CFC00004547DDCCD512E77C21
:109C70008877D7E91A1908D703C9D586126A526BB3
:109C8000EF03395B0CBECCFFFA5675105543C88FF5
:109C90008DE5DBC23297FCF6145517FD6473263848
:109CA0006B972CA4DD9EBCA4045FD974594976FF40
:109CB000CEFE6D4A32965C63132A7E9AE9AB6052FF
:109CC0002BB2C8DFD8D0A25EF986A620A6A29997AB
:109CD0001C9B90143132BA309480000000000000C8
:109CE0000000000000000000000000000000000074
:109CF0000000000000000000000000000000000064
:109D000000000000000000FFF3856C000D51D574C9
:109D1000CB3D222B80000348000000008027E8563E
:109D20004DB92D2366ADC19C845BD754087B19FDCA
:109D30009141F7164A89DBF5FA1DDB4566EEBFA3B4
:109D4000527286203643118AA5AB3B9DEAE466EA4F
:109D50008E7543345B1755FFD2CAC473A412A37D1A
:109D60007F792567A515AF24CE8EF93BAAFB25ABDD
:109D7000AA6CCEEDD8E53A2F4FA7DFD7F3160CA08B
:109D8000AC318BBE65FE54C414D45332E3937202DB
:109D900086265746129000000000000000000000D8
:109DA00000000000000000000000000000000000B3
:109DB00000000000000000000000000000000000A3
:109DC00000000000000000FFF3856C000DE55D7BE6
:109DD0002B2023E3000003480000000080004271B4
:109DE000F56A4B825105FF180A47F7E508C227FEBE
:109DF000A727EB4C6575C2E91D935FFA34CDC142CC
:109E000039B5AAEDAAED17FFCEC7CC93A77F5F7F28
:109E1000B30004DA1A126BDBCF2990D04922FF5E1F
:109E2000B24B10CA3A2604249F64E2F70E842C1128
:109E30009B73F2A72DCAACE8E729D2D337D82EB14D
:109E400028781A1612DE3870381DC72620A6A29967
:109E5000971C9B90143132BA3094800000000000AF
:109E600000000000000000000000000000000000F2
:109E700000000000000000000000000000000000E2
:109E800000000000000000FFF3856C000DC55D853B
:109E90002F1CA32980000348000000008026E396C1
:109EA000B96492DF27F0B6D98802EC5480A09D2BCC
:109EB000834CA15A26231C2BDFEFD8E311ADB77ECC
:109EC000F12974977EA86E825BC22FBBFC2CFF32F7
:109ED000B12EF34A79A91902D8C4D635DFBDF73FB0
:109EE000CD0B849588D29A793E46514748620B241F
:109EF0009D1C9AFD5FDFFEE0C67EF4B8CF67F5F3E8
:109F0000C05EF03A791488CFEAF82620A6A2999785
:109F10001C9B90143132BA30948000000000000085
:109F20000000000000000000000000000000000031
:109F30000000000000000000000000000000000021
:109F400000000000000000FFF3856C000DE1B17D12
:109F50008F24230080000348000000008102345455
:109F6000686BFE849768408B2AA51B68D1E426AAFB
:109F7000B91B96962C549997FD2FA635316B048604
:109F8000F149488D532B67CB0CB58BB56BE4791F2A
:109F90009F97F91369A4FFFFFF88E9BA4965F27337
:109FA000A6525CED9E0080C35CF94FD0C9EB270937
:109FB0001113E53FBBCEB3F0A23DDDE440E61DF05A
:109FC00033FCFA43D7F8E107A3FEA74C414D4533D4
:109FD0002E393720286265746129000000000000D6
:109FE0000000000000000000000000000000000071
:109FF0000000000000000000000000000000000061
:10A0000000000000000000FFF3856C000DDDDF7B29
:10A010002D0C43E380000348000000004D492492CA
:10A020003B238D3F04D852379B1C45C88C2977A809
:10A0300074A37AAC32F6B7F92357B28E903C8634CB
:10A0400042D67FE7D97FA4754EF6527AA7EAECD8BC
:10A050003229559BEF24A2503DD76FCE1433E4A292
:10A0600053734B67D9B9D3A55F5FB149AD062D4591
:10A07000B0F7EA7262B5F23D5A34999F72AE6A91B6
:10A080004D88DC9D4082E951737D4A98829A8A66A8
:10A090005C726E4050C4CAE8C2520000000000006A
:10A0A00000000000000000000000000000000000B0
:10A0B00000000000000000000000000000000000A0
:10A0C00000000000000000FFF3856C000D3DE37907
:10A0D0002D0C23BB80000348000000006D496596ED
:10A0E000C9228A2ABCE2754987768CB4E99A890E1E
:10A0F000F38F85387B3BFFD790238714D099019944
:10A10000E17D4CCE02AF647235D36BFFFC9B6BFAE2
:10A110009D491199B3E6BA2666E619B98D9907F2F9
:10A12000272678122E5A991A8AA0C57AE72FBF726D
:10A130001D5B4D348CA7FDE553094C9E998CA430D2
:10A14000685C4FD73FD098829A8A665C726E4050A6
:10A15000C4CAE8C252000000000000000000000075
:10A1600000000000000000000000000000000000EF
:10A1700000000000000000000000000000000000DF
:10A1800000000000000000FFF3856C000E01DF7D81
:10A190002D1823C7000003480000000096CBACB682
:10A1A000CB6ACEB1E936D5E7AF535921F322D9BDF9
:10A1B000EDDADD99F7B4BBBCFEDDBB5B69ADF377CF
:10A1C00073B1794EFAC2CD4C910B0B234234193640
:10A1D000610FFFFB37FF72C8890527CF249CAC872E
:10A1E0008C96B8691C93785FE522E46450A7213708
:10A1F00054D7CDCCA4E46CE79D5D73BFD9929B1678
:10A20000B5050AA1870A0A167444EBE84C414D458E
:10A21000332E393720286265746129000000000060
:10A22000000000000000000000000000000000002E
:10A23000000000000000000000000000000000001E
:10A2400000000000000000FFF3856C000D89D37D45
:10A250002D0C23D90000034800000000724B6DBB99
:10A2600059629ED5E7DC19A351CDC894D69BA9A10C
:10A27000284EAF8F49D1D98C917ACEF412B34126B2
:10A28000C66459C5E18400A68215F2BB93A740FFBE
:10A29000F8273FCB2026646303470F8F601F23DF1F
:10A2A000C6C609634646E6E33465179DCEE2026CF6
:10A2B000D88E71C7472543432CCBD7316D5473B328
:10A2C000C15230CA40A771E6531053514CCB8E4D4A
:10A2D000C80A18995D184A400000000000000000FC
:10A2E000000000000000000000000000000000006E
:10A2F000000000000000000000000000000000005E
:10A3000000000000000000FFF3856C000DA5FD7744
:10A310002E0C43C68000034800000000B6C936DF9B
:10A32000F91C15C94A1EF04584FEF3373394E15EEB
:10A33000BD377FF2248DDF7972B35A53F261113742
:10A34000DF4002B90FFDEA7BBAB93997529746FF51
:10A350004FBC1920D9747B30A1A3AC0A87FD86823B
:10A36000961FFC1452009921AED0A36D18FFFA5C21
:10A3700063996BFEDB352EA959FA853DAF7D4D44BF
:10A38000F97CD54E36A8144A1DA620A6A299971C82
:10A390009B90143132BA309480000000000000001D
:10A3A00000000000000000000000000000000000AD
:10A3B000000000000000000000000000000000009D
:10A3C00000000000000000FFF3856C000DF1F96B48
:10A3D0002E0C226C80000348000000004D3B1C7EC8
:10A3E000C48025CC655A583D4D419B198F2751207B
:10A3F00034233A8810125213B8F2269F2A312307C9
:10A40000C9C0331B00816A664D3BAA393BF4AB954A
:10A410003691DF31629D4EEA562BB3272A2052B97E
:10A42000B3CB23323CDB7BBCB7519267E54366522A
:10A43000AB796ECD56DFCACF675C8E9B4EDEB656CB
:10A440002A41230385350810E61B8154C414D453D4
:10A4500032E39372028626574612900000000000F5
:10A4600000000000000000000000000000000000EC
:10A4700000000000000000000000000000000000DC
:10A4800000000000000000FFF3856C000D85FB6BF1
:10A490002F0C227A000003480000000040071A96A3
:10A4A00056000DA80E3C101D90EE654EFEDE562D9A
:10A4B0004B67340224D02E36006DB3CB5949F96C6A
:10A4C0000888600E541CE74623B9034C521D2B6AC2
:10A4D000B3B4E6BD9D1877218AC9D3FF46AE88651F
:10A4E000A9262ACAADAE8AEAE19FA10BAD9A764AA7
:10A4F000B93F76FF9C998A574CF4FA38FD10965272
:10A500001663B23884087B0EA620A6A299971C9BDE
:10A5100090143132BA309480000000000000000036
:10A52000000000000000000000000000000000002B
:10A53000000000000000000000000000000000001B
:10A5400000000000000000FFF3856C000D49BD8590
:10A550002F18628F8000034800000000213B2DDB94
:10A560005ADCB6DBFB40B6EF43E2D031F7EEC6B9BA
:10A5700049EFC9AC9D8699708DBBE319DB919FEAC9
:10A58000B2B20A113FB9967BBF50CC9277FE797474
:10A59000B07548FFB5CCD2B9A7B3BA31FD0A0EF9F0
:10A5A0009F57DFA5F999CEC88896FDAEABA7F9B441
:10A5B00044F5F35D536275B31D823AD5A07B8308E1
:10A5C000E1FF4D7B2F96931053514CCB8E4DC80A13
:10A5D00018995D184A4000000000000000000000CB
:10A5E000000000000000000000000000000000006B
:10A5F000000000000000000000000000000000005B
:10A6000000000000000000FFF3856C000D89DF7979
:10A610002B058201000003480000000000011C76A9
:10A6200045724731420A4560E06D9DE40EB5412315
:10A63000CC711F2B02177D96ACA5FDBF91F871530D
:10A64000827564169DF319F66D58B33AAEABEAAA5B
:10A65000439E145B2808969B569DC6791F91D1DEB8
:10A66000BB1B201A1430316CA92F47832B5732356E
:10A67000E61948463BA4EA5B7FD3FAF43BA69FD099
:10A680003A0CE67888E05D1AD31053514CCB8E4DCE
:10A69000C80A18995D184A40000000000000000038
:10A6A00000000000000000000000000000000000AA
:10A6B000000000000000000000000000000000009A
:10A6C00000000000000000FFF3856C000E09F97324
:10A6D0002F356214800003480000000000156BD67F
:10A6E0003527F7DFE1273DE2989A791E2E707A87A9
:10A6F00015A309C8F9CDD0BE7914C738613AB1A8FD
:10A700008FCE5E501538B12C4BBFFE850C6873029E
:10A7100031151DD3A2820233B14AB7A5DDF0A27371
:10A720009B4FFDBDEA40CE8CBEB6377F928AE1904A
:10A73000760A2AA46523FFFFFD65542BABD1590C83
:10A74000C620B1261DDDCA5440EC41495310535177
:10A750004CCB8E4DC80A18995D184A400000000085
:10A7600000000000000000000000000000000000E9
:10A7700000000000000000000000000000000000D9
:10A7800000000000000000FFF3856C000DB1F978B7
:10A79000DF2C46BF800003480000000003772B48F1
:10A7A000272D92FEA93AF80150F25C892CB7E5DE1C
:10A7B000571724B1D4E63890E7CBEB7A93F1FD1B21
:10A7C0005FCB5BFFFFFC28637ECFFD59B740600085
:10A7D00025692EBEBFFADFF43B18AF5A3599D6CEA5
:10A7E00072B02D4886908E081DEBEDFF5CAD2EAA51
:10A7F000E5A33EDFD36ABFB4746A3D29F72AAEE60B
:10A800000DD501DF894B47311154C414D45332E3C1
:10A810009372028626574612900000000000000046
:10A820000000000000000000000000000000000028
:10A830000000000000000000000000000000000018
:10A8400000000000000000FFF3856C000DF9F958CE
:10A850000A6965488000034800000000F1F91C7790
:10A8600070949A7C5A8E82439FD38B15DE7A5A0D50
:10A870002E59DE1012B7259C7B176BE0E939D09377
:10A88000D1F28AECE7C8EBBDF772DECDFA954E3314
:10A89000AFFFA6E55510130C27CADFFFFD4A929FB4
:10A8A000EBF59F722DF9BAB586906123C8CCE87D8F
:10A8B000ED6CAED55567BF4FFAE8849488B2FB4C77
:10A8C0005AA94CCE74B98595D45CCD69310535143F
:10A8D000CCB8E4DC80A18995D184A40000000000FC
:10A8E0000000000000000000000000000000000068
:10A8F0000000000000000000000000000000000058
:10A9000000000000000000FFF3856C000DC4D37B45
:10A910002F00C50B00000348000000000018E29261
:10A920006FBFDADA2F3B0C1CEE78DA7DFD81D53172
:10A93000DA0158C634B42B219CB33CC638AB18D7C7
:10A940007D95DDDCD2AFDDA52A3C71848CCF4F69CB
:10A950009DAC52394140A7454EFFB5A167A1C868DB
:10A960002E131202AF0A181100D3BD018074B24534
:10A970004EECA86898DBCF6A62C502A74CCA9D025C
:10A98000D341858A1D3F24644E94A620A6A29997A0
:10A990001C9B90143132BA309480000000000000FB
:10A9A00000000000000000000000000000000000A7
:10A9B0000000000000000000000000000000000097
:10A9C00000000000000000FFF3856C000DD4D55698
:10A9D000DF692336000003480000000000A026FACB
:10A9E000DDA32076968CC2036FEE20D9E524934E2A
:10A9F0005D3AAEEE326A2A132CE19025DEB82604C9
:10AA0000D62944EECB1FD7F6FF22A6565CE5E7BA5F
:10AA10007FB914662EF97FD38F6E6D7304A1225A0D
:10AA20006AED054AB43685E7569BCA942F03315B1D
:10AA30002C033A2B0B2CDB531A795CBD00C1F73188
:10AA4000978CE88B88824488204352620A6A29994D
:10AA500071C9B90143132BA309480000000000008D
:10AA600000000000000000000000000000000000E6
:10AA700000000000000000000000000000000000D6
:10AA800000000000000000FFF3856C000DE1F76A94
:10AA90008F34226F80000348000000000D2975B735
:10AAA0006B1B7A82BA6826A0058685A58E674B3017
:10AAB00042626616F999CC6E8CE5645B7E1943A2FE
:10AAC000454D39E7274CC670886A366B1E79F72AE0
:10AAD00094B40AB28E6DFAD95D5EE438C8AE9AC2FB
:10AAE00072B78EFB949B156BFCA9454ACF2512CFFC
:10AAF000DD5CA663B31A97F54D899AFEA779776D49
:10AB0000DAA498A284A0C299A44CBD4C414D45330F
:10AB10002E3937202862657461290000000000008A
:10AB20000000000000000000000000000000000025
:10AB30000000000000000000000000000000000015
:10AB400000000000000000FFF3856C000DD8D376F4
:10AB5000DF052303000003480000000000D2EEFBE5
:10AB6000FFF596604282E60049CC350272F84162F8
:10AB70000794D0407618E070CAA68E09C54672CAFE
:10AB8000CF2CE56D889F53AE995243A1F03FCA92F6
:10AB90007F9F9119B9D77308048A1C6234A133AA24
:10ABA000524FD8E4A5C6000C1ED229F0854037903C
:10ABB0008A89CFA9E1E04F3B2EE326D025287000FB
:10ABC000020B0B59B450A1132C3FAD31053514CCF9
:10ABD000B8E4DC80A18995D184A4000000000000C5
:10ABE0000000000000000000000000000000000065
:10ABF0000000000000000000000000000000000055
:10AC000000000000000000FFF3856C000CD179709B
:10AC1000DF202297800003480000000000E4A7FF27
:10AC20006F6D92FC044879002C762BEEABB45AACD5
:10AC3000354DA24FEE6D23F436A487C1653EE80082
:10AC4000A93E64CF0842E149B99D88B69BEAA52F89
:10AC5000FAFD7D7DF79A75B67395C93908E3D59DE0
:10AC60005DEDFFA6DB7DEA249CBDC86F2DFAD7A65B
:10AC700078758EF7D981B892C18E1D60575EAF0589
:10AC800014C8B4C414D45332E393720286265746D0
:10AC90001290000000000000000000000000000012
:10ACA00000000000000000000000000000000000A4
:10ACB0000000000000000000000000000000000094
:10ACC00000000000000000FFF3856C000E1DD56839
:10ACD000CF18656F800003480000000002B91ECB4A
:10ACE000248E571E4507CE9740ECD674DA3FBAE261
:10ACF000423D12B8B772FDE216EF884002A67E5FB1
:10AD0000F7ED2377C3BC2CA2240888884FB9C4DF91
:10AD10003BFA11BDB6FFFBD552D5E8C4A4CACCC7D7
:10AD2000520E52150AF31DDD5BD5D93B323B7EB383
:10AD30007C72DF41442354B72099151AD2C618AE4D
:10AD4000AECE7052C1A082F7F467ED7F3498829A3C
:10AD50008A665C726E4050C4CAE8C25200000000AD
:10AD600000000000000000000000000000000000E3
:10AD700000000000000000000000000000000000D3
:10AD800000000000000000FFF3856C000D6CED6416
:10AD90007F24623C8000034800000000060189997E
:10ADA0006CDD4848110D0A68DB28512186A4D7C9FB
:10ADB000ED0AC69F142D881CFAE68212708C846FEF
:10ADC000FA91AFE8779CEA73BDFA33684231323AC0
:10ADD000119DFBF2118E3E4FFFDEA040FFE5BFDA72
:10ADE000A191D1BA9DEBFE9494F7EEB740806BDF52
:10ADF000F26768E1FEFF75F6DE5CF08D6CDC03CF78
:10AE0000787EB900014FED698829A8A665C726E4B8
:10AE1000050C4CAE8C252000000000000000000056
:10AE20000000000000000000000000000000000022
:10AE30000000000000000000000000000000000012
:10AE400000000000000000FFF3856C000E21CB6EB7
:10AE50006B0C43E10000034800000000F615336E60
:10AE600046521EA3886609B9D0E646752BDF049EBC
:10AE70006A8D1023D39F61626CF9CCF82FAB904799
:10AE8000C8DD1BCCED4D12FAEBB533B466B3959F1C
:10AE90007EF49408D0A17FFB7246948C983B972E49
:10AEA0007B43FF06AC893F2D5B88670A49ADC831FB
:10AEB000A5C1C33938C7654E22947CCDC034E22A7F
:10AEC000D2338C28F1E1E131784ECDD4914C414D13
:10AED00045332E393720286265746129000000004F
:10AEE0000000000000000000000000000000000062
:10AEF0000000000000000000000000000000000052
:10AF000000000000000000FFF3856C000D91AF70A1
:10AF10005B0C43F38000034800000000729669C98F
:10AF2000951859120884554CCCA12668EEB0733799
:10AF3000C973ACB2D7DAC5004CE3C4D7D841B8B1B5
:10AF400062D6ABFDB3CF90F6CBCF8BD821569E44C3
:10AF5000EA466DE7C310E33D7FFDDB94131D5FFF01
:10AF60002CCCB933D2EF1372084F2671C8EDBF79DC
:10AF700091C052E8F4F78A3C16A72E3F6AC6F6F64F
:10AF80008B9C4DC73FFFDC8EA4C414D45332E39393
:10AF90007202862657461290000000000000000052
:10AFA00000000000000000000000000000000000A1
:10AFB0000000000000000000000000000000000091
:10AFC00000000000000000FFF3856C000D5D656C63
:10AFD000BB0C25B400000348000000006108425289
:10AFE000EDEAD128B0D4F7CF1229172238604021DA
:10AFF0005C25355B90C028100ABD339A5FB0E7929C
:10B0000068331BC4CFA2C683F34814D8794D919EF0
:10B01000AADFE5FFFEAD9D1C241E132951FAEEC6E2
:10B0200026CACE91E443C861762A0F0C980E4AA432
:10B03000E586960C923630830420514CF3EB344471
:10B04000684AB653917B5698829A8A665C726E40C3
:10B0500050C4CAE8C2520000000000000000000016
:10B0600000000000000000000000000000000000E0
:10B0700000000000000000000000000000000000D0
:10B0800000000000000000FFF3856C000D75DD6E10
:10B09000BB0C43F500000348000000004680F2CDE1
:10B0A0003922A1D8CE6C99F8EB2E66A40A918C0EA9
:10B0B000BFEAC0B4A7049B8EB8B4731D52DCE3BBD7
:10B0C000C231499E672D8D5A3AE650143969DBB872
:10B0D000B5B50B39666E5FD97BF4C491108CE890DE
:10B0E0005B256FFEA0D576E577B94C285997B5EF6B
:10B0F00076A227E484452A798B56423ADE59194FC5
:10B10000FE535CC1CC776E5A620A6A299971C9B93B
:10B110000143132BA30948000000000000000000B9
:10B12000000000000000000000000000000000001F
:10B13000000000000000000000000000000000000F
:10B1400000000000000000FFF3856C000DA9FF7AED
:10B15000CF0C23AB80000348000000007FD91944C6
:10B160009C92EE2D8087766CE40B21A53860935776
:10B1700088E768198C85C4C1288E0383C244118670
:10B18000C214D8AA87014E10D3E40111E08180C80F
:10B19000034660DBC66FFFEBFF8EBD2A4190470B75
:10B1A000E1E6AFF3A341B2238C2532FE2584F5FC02
:10B1B000F324D0988BF4B33EC7E9FFE7DEF574DEE5
:10B1C000B5FF9DA8F089C6E116931053514CCB8E64
:10B1D0004DC80A18995D184A4000000000000000A0
:10B1E000000000000000000000000000000000005F
:10B1F000000000000000000000000000000000004F
:10B2000000000000000000FFF3856C000DE5FD74F8
:10B21000AB0C438F80000348000000007A4A9DC9B0
:10B220002C72042808D8CC12E4DD5F6A415804105F
:10B23000A3C18CAB2CD9948E9C682CBAD3FB32ACB6
:10B240008E61D8398720A6FFA2F28E2420B228363C
:10B250006DED98DB7F3CE766FEB1AA1AC3E8CE0924
:10B2600096CC8BF559ED94C84A3C1253068294C98A
:10B270004A92E97EB543FFF9726BB15EC9E85CFFA3
:10B2800033F95BFEE7231D80CCA6CBA620A6A299AE
:10B29000971C9B90143132BA30948000000000005B
:10B2A000000000000000000000000000000000009E
:10B2B000000000000000000000000000000000008E
:10B2C00000000000000000FFF3856C000DCDC57587
:10B2D0001F0C439500000348000000002DC6906736
:10B2E00024B75D6670550A188E0A63522B1A946E45
:10B2F000AB7D5EF58EA80B297CA5FFED99CA8C6B02
:10B30000F48C85331DC999BD6ACD5542A1512D5785
:10B31000FBB7E5FECC70331B301011DF3FF5650C39
:10B320006B01967E70CDEFEFF3E06660A51BDBBF8F
:10B33000950AB5692AA1DA44C464C4D7D77CAE7F24
:10B34000ACF0C266D9FF2B2D1282C98829A8A66548
:10B35000C726E4050C4CAE8C252000000000000040
:10B3600000000000000000000000000000000000DD
:10B3700000000000000000000000000000000000CD
:10B3800000000000000000FFF3856C000DD1E357C2
:10B390002F18621A80000348000000000007126B9B
:10B3A0007D77B6DF802D2907C20E65DFACC56ACE7A
:10B3B0001B876CAC670AEDA023DF711772DA65A6F4
:10B3C000AFBEBDE748949E8D45574B6D2B26A5FF1C
:10B3D0003D1FF6BBD2AF722689A03CA29CAFF743BB
:10B3E000A4EBC8D57463B5AB77D189520ABD91532C
:10B3F000319ACC547B9152763D733C8CEAEEF30645
:10B4000030348808C97965A89B5FB4C414D453321A
:10B41000E393720286265746129000000000000057
:10B42000000000000000000000000000000000001C
:10B43000000000000000000000000000000000000C
:10B4400000000000000000FFF3856C000E20CB44DC
:10B450001EA78C0080000348014000009A51C919C2
:10B460000F0B62546E27E3B79D645E1D4D26774D2A
:10B47000E6B8B7A6F5B86E446A94D4CFCA1F91391E
:10B480006465F0DD4E9165A2BBD7AA0DCA22518D2D
:10B490001DE359FCF842C14AB07E44A73ECA7F95DD
:10B4A000DB633A77605DFABB5CEF945BE6E7FEF343
:10B4B000BC68FDE6B216F9389BD39B0DB3C6670A8C
:10B4C000633E4F40253AB3F50A97FA75FC4C414D5F
:10B4D00045332E3937202862657461290000000049
:10B4E000000000000000000000000000000000005C
:10B4F000000000000000000000000000000000004C
:10B5000000000000000000FFF3856C000DF56F7F68
:10B510002FC44C010000034801800000080204020F
:10B520000500804020100804020FC5240DFA750D97
:10B53000F87EE8FC0C230318403964E0EE20EDC1EE
:10B540001603D70D58006344ACA4FE32C3B0A8392B
:10B5500065BA1FF20E5F27C9C2E37FFC6608D20EF0
:10B560003AC8B0E02F5D7FFF3120E6A7D0A6EFFFFD
:10B57000FFF4133C9CDD5EDFFFFFFE9BBA0C5C5BBF
:10B58000A660681C9FFFFFEF0F03E0BA620A6A29FA
:10B590009971C9B90143132BA309480000000000A9
:10B5A000000000000000000000000000000000009B
:10B5B000000000000000000000000000000000008B
:10B5C00000000000000000FFF3856C000E29D37618
:10B5D0006BE58C010000034801C00000803F5D6EF8
:10B5E00059739560376F48D4BFDCE679B171335435
:10B5F000A4945EBD042F9D975230AF56F9F5E0CA72
:10B600007504DE6D5E46E7B664A09D43EC457CFBA9
:10B61000A1144269C23FE9522FFD63436522E91636
:10B62000CE7A9FFFFFFFFFF4F35F69729CA4999CA1
:10B63000BE7903E17FFDF5FA466710BEA96C6C7D0B
:10B6400097FA756E82C1D83AF81C0AAECB531053E4
:10B65000514CCB8E4DC80A18995D184A4000000025
:10B6600000000000000000000000000000000000DA
:10B6700000000000000000000000000000000000CA
:10B6800000000000000000FFF3856C000D9D99761E
:10B690005724628B800003480000000083EDB96BE3
:10B6A0006E2D0251E92B5FD4BF941AD4522A80D157
:10B6B000F3A7A1E5A7D86FE9FFBB16EEE9FC44F7B5
:10B6C000D0B9E7A745BCAEE7B9A139BC57A745BC7F
:10B6D0008D422F27ED27C9642B8463BB74E421348A
:10B6E000E77C9A33137A9D9DDE325575A54FA3CE24
:10B6F000775EF4886D2A1E3EA92E5E7C3F7EBC06D6
:10B70000BEBBC34A5F0935F44898829A8A665C7268
:10B710006E4050C4CAE8C2520000000000000000A1
:10B720000000000000000000000000000000000019
:10B730000000000000000000000000000000000009
:10B7400000000000000000FFF3856C000DF9E97CAB
:10B75000BB20658D80000348000000009FD82A4967
:10B76000B761E6C9130412E8F0AF1CC4F6BFB620F7
:10B770002D55D67EA55BB9675C984CF393232D4B72
:10B780002F9EA4F24EDE5FFF8694968251A3B31BD8
:10B79000DDDE14FBEB924D9C63083378E208295AF6
:10B7A000CF91B25FA5995DDEADBCDDAECAD764783E
:10B7B000D32FF9DDE63115E84B9FB4FBF53C922021
:10B7C0006B3088F28C36293ADD5127A531053514C6
:10B7D000CCB8E4DC80A18995D184A40000000000ED
:10B7E0000000000000000000000000000000000059
:10B7F0000000000000000000000000000000000049
:10B8000000000000000000FFF3856C000DB9E77533
:10B81000070C23F68000034800000000094890143C
:10B82000DBD37C112357F4773AE65B6F60BC0C13D3
:10B83000241211525FE7ADA60984B13DDA17FD521B
:10B84000E21667A4691CD7FFCC99BD4C631CE924A0
:10B8500025689A7FC930488DA2318EC53CCD8DCCEC
:10B86000F450B93289BAB67DD15086673875AC6963
:10B8700095496D8598B322B2101309B36776A96A0A
:10B880001312BC05991FA634EEA531053514CCB8AA
:10B89000E4DC80A18995D184A400000000000000B0
:10B8A0000000000000000000000000000000000098
:10B8B0000000000000000000000000000000000088
:10B8C00000000000000000FFF3856C000DFDED811D
:10B8D0001B1446BF80000348000000006946E45581
:10B8E0006936AB84DC8846A116C9662E6106B111A3
:10B8F00015C512A828A864FAF741A637DAC6754517
:10B9000038B5425BF723D8B251D819488776575DCE
:10B910004D3952BB1DE7B6C6744524E195CA8E4128
:10B920003421CE5CC69D6F65A3B7FEEA2C21D0BB47
:10B930001DEEFF7EFFDB4F33AB91F22DCDD3BBBEAF
:10B940001F46D42E9018F1F74C92601498829A8A70
:10B95000665C726E4050C4CAE8C25200000000002B
:10B9600000000000000000000000000000000000D7
:10B9700000000000000000000000000000000000C7
:10B9800000000000000000FFF3856C000DADF578AD
:10B99000F70C43CC0000034800000000165A8EA4A8
:10B9A0009E8434D1E2BA54CE40FD4EF5EEE8130841
:10B9B0006061D77624CF8D45A86715EF5D4272D6BA
:10B9C000A6B718396AFFD752A753D54519DD599143
:10B9D0003A7BD957BE89756298C6329590798C02A8
:10B9E0005475545A51949FD5CA88CF9059DCB2955A
:10B9F0002FE8FFDA9FAEBBDD48476CB6FE18AAB34E
:10BA000050AA6BF5705720AB83898829A8A665C713
:10BA100026E4050C4CAE8C25200000000000000040
:10BA20000000000000000000000000000000000016
:10BA30000000000000000000000000000000000006
:10BA400000000000000000FFF3856C000DEDF580A4
:10BA5000BB0CA3E98000034800000000ABDD8AEACC
:10BA6000497432323A64F4755CE1917509C29D32D1
:10BA7000AE09E1C270EADD2EEE9FCBBF24719E3489
:10BA80002235CD33CF36913EF3F56AC0E0538B8734
:10BA900084987F6696672B7FC88AC5553297994CE4
:10BAA000C2A894A91D9D647FA2F6AB996D576B2D1A
:10BAB0003D7DE623FFB4BAB54A56D9592DDB38A3EC
:10BAC000C65E86318A0608251DE2FB498829A8A69C
:10BAD00065C726E4050C4CAE8C2520000000000054
:10BAE0000000000000000000000000000000000056
:10BAF0000000000000000000000000000000000046
:10BB000000000000000000FFF3856C000D8D8D85A6
:10BB10001B0C23F300000348000000006538A45507
:10BB2000ADCB6C0E5D7039CAF4D666ECF9E44277A1
:10BB30003EF597F673F4E9B6CCE392452AABB1969D
:10BB40006729FE7E6C0DA10C767F20CE11215170ED
:10BB500095F9EA464453BF01A014409B8B861D8291
:10BB60008880CB4D77E9D59830ED023B91CF78595D
:10BB700065F91A0260592B4B0D865E869376C7CB0A
:10BB8000BDC90B839166B1B3298829A8A665C726CC
:10BB9000E4050C4CAE8C25200000000000000000E5
:10BBA0000000000000000000000000000000000095
:10BBB0000000000000000000000000000000000085
:10BBC00000000000000000FFF3856C000E15657892
:10BBD000AB0983100000034800000000C0905E6FB6
:10BBE000FDC950A287E9DCA084B1563DA198E0C808
:10BBF00024C506C94F6DD1B965324670826EE73BE8
:10BC0000724E9F339AE440E05FAC6769F9910A1481
:10BC100048BAA967D9763FB1A7CF12E486109AF740
:10BC2000AF4DED1B99F01BE5FA3F9FF7C540630B45
:10BC30000EE0854FA0B1D7F221C10124AC994DC5CA
:10BC400057ED139E0D29828C3683A31952620A6A1E
:10BC5000299971C9B90143132BA3094800000000B9
:10BC600000000000000000000000000000000000D4
:10BC700000000000000000000000000000000000C4
:10BC800000000000000000FFF3856C000DDDF38B69
:10BC90002F20628F8000034800000000A089234D00
:10BCA000A4DC975E4337F01BFFE0260A5524B58AD3
:10BCB0002F308548CFBEA0842F970BEEBC9CE31994
:10BCC0004CBA5BF6FB73E6E4422653E15222366A35
:10BCD000AA45E68D10BBB7126F7E116D18E965E8B5
:10BCE000F31908A20EDDBFF2335AED314A498CC771
:10BCF0003492B2FEC6331BECDF53B6AEDFFCE43148
:10BD0000AE52CA52A010EEED3A57CC98829A8A668B
:10BD10005C726E4050C4CAE8C252000000000000CD
:10BD20000000000000000000000000000000000013
:10BD30000000000000000000000000000000000003
:10BD400000000000000000FFF3856C000D31DD7A7B
:10BD5000CB1C23E78000034800000000C0C914A6E4
:10BD60006DCC3C9EA00A4CFCF8F13EF63836759D31
:10BD7000222BDFC75D97C9F7D4FCA1ED3870D9A697
:10BD80009B745D9474CDDB1D7F535F689A3AE21813
:10BD9000E6A4E47911EC4C8438992EA6CD8D82A7C7
:10BDA0005FFFF2C910706099FFCA1D044567D6F2A3
:10BDB000353F4235F4729F9F5633062A5C7E24310C
:10BDC00020087270A094C414D45332E39372028694
:10BDD00026574612900000000000000000000000FE
:10BDE0000000000000000000000000000000000053
:10BDF0000000000000000000000000000000000043
:10BE000000000000000000FFF3856C000DCDB7744A
:10BE1000BB35622B0000034800000000C0DD12E9C2
:10BE2000B9568AFA83A0EAACEDD304C5FB9DD8BA13
:10BE30005EEDF105DDB7717F831757CA1B40C466FD
:10BE40000EDA52DFA94F6521C4A37CAF53922D0EA9
:10BE5000CECEE4082244CAF6AEA97B4E9EB6B4CE3E
:10BE60005490CE457CBFE9BB2A5DCD468864ABD1FA
:10BE7000DBA6E753959359D991527771511CCD6F39
:10BE8000584ECBC4E6EE100F3293098829A8A66558
:10BE9000C726E4050C4CAE8C2520000000000000F5
:10BEA0000000000000000000000000000000000092
:10BEB0000000000000000000000000000000000082
:10BEC00000000000000000FFF3856C000DB9EF7268
:10BED0001B34227D8000034800000000132EDC99F3
:10BEE00065F74109984986F5BEA61864EEB54D86FA
:10BEF000150BCD30FE6B09908221A30A1109D4E6FF
:10BF0000D233E5F3510513857FE65201887673310C
:10BF100048E637A95999F531A523AFFA7D0C674A50
:10BF200096BFF52C33990519D1CC8C1959D4A65745
:10BF30005F319DBA799D1CD4BD511595BE6350E506
:10BF4000A3B6D7982D1B93668AC931053514CCB892
:10BF5000E4DC80A18995D184A400000000000000E9
:10BF600000000000000000000000000000000000D1
:10BF700000000000000000000000000000000000C1
:10BF800000000000000000FFF3856C000E15A76E96
:10BF9000DF246301800003480000000002B49C4DD0
:10BFA000D96DDF9183312A0A80A0414B55623EACA6
:10BFB000EA4B2B2E5C529677DB2FCCCD768DDDBEF7
:10BFC000D26FA9BB1DA09C98CA3394FBFB7AC250C8
:10BFD0004E4C7FF0E96C7EA4D3B0E6BB31ADAA9D98
:10BFE000A8C799DFF3CF2FC8A7F35CE1E5E767EDBA
:10BFF00097F1BF35DAEF780E9556151448FC614B72
:10C000001F93555F757532561223B0692A620A6A0A
:10C01000299971C9B90143132BA3094800000000F5
:10C020000000000000000000000000000000000010
:10C030000000000000000000000000000000000000
:10C0400000000000000000FFF3856C000E01A169F4
:10C050002F304329800003480000000009371B727D
:10C060004B65DB7E2940FC87B0B372AF589E72B43B
:10C0700045352116DFE1BB63AE7826386E10AF0C74
:10C080002B75D569E112B499E29DE167917F911515
:10C09000AC2F3A99E85E45FFDF5E6F85BDD597F816
:10C0A000C594F99172197E7DE143A57E257D0C8FA3
:10C0B0002FCE0D5B5FFF5766EC69455B12BFB784FF
:10C0C000A713C8681C4D05B6771AFCD64C414D45E0
:10C0D000332E393720286265746129000000000082
:10C0E0000000000000000000000000000000000050
:10C0F0000000000000000000000000000000000040
:10C1000000000000000000FFF3856C000DF8C9443A
:10C110000B61232A000003480000000000934E88B2
:10C12000147B2B457E272431C0B83AE2494331487D
:10C1300056E21373447112062AC5D949EB0A715CA1
:10C1400072B309E3B4383150C2D48AA52D29FFCD8A
:10C150002EAE278474FC8E7761D03818320A3DE504
:10C16000289B6DA137420D7A881FCC8E6241220B2D
:10C17000B649F944D0D032BD4B5B5F79E53DEC491F
:10C1800031EE7950C3893CA382AF7E6D3105351401
:10C19000CCB8E4DC80A18995D184A4000000000023
:10C1A000000000000000000000000000000000008F
:10C1B000000000000000000000000000000000007F
:10C1C00000000000000000FFF3856C000DE5D74E75
:10C1D0006B3CC30380000348000000000822B24DFE
:10C1E000C30C0C0A70B35F11872B2E178D65854C1D
:10C1F000A10651AD2FAA94CCC99D2F77ED90A4D75D
:10C20000A7DB887B9ED3B2D062CD799F62C31CCC62
:10C21000D8639D34BFE64BFF9CEFEA99167CD3F4BC
:10C2200068BFBE65F7CBE7ECB22F2672931732AD2D
:10C230003442F94E9DD3885193FFA708B845F9DFE2
:10C240009EC3E059634CB29BE55BFDA620A6A29974
:10C25000971C9B90143132BA30948000000000008B
:10C2600000000000000000000000000000000000CE
:10C2700000000000000000000000000000000000BE
:10C2800000000000000000FFF3856C000E11D94C87
:10C290000F30627E00000348000000000498ECBCF0
:10C2A000780AEC6D5AB62111209D9FC63331F85E95
:10C2B0009661EA050248A5A31182FA5E5AF2ED06DC
:10C2C000FD49E155D08CFB91D67F654A9AFE761ADE
:10C2D000C2612153839747BD690E766B596B4BB38F
:10C2E000233F42B31D8F5475577A4EECAC8FF747FE
:10C2F000556AFABD5D69E94D74BD17A239AC564D5A
:10C3000016DE4B58100CF250A69293B6E4C414D427
:10C310005332E393720286265746129000000000C3
:10C32000000000000000000000000000000000000D
:10C3300000000000000000000000000000000000FD
:10C3400000000000000000FFF3856C000E15E748B8
:10C350005BA79400000003480140000008164E4C03
:10C36000BA57A9179861B6832D02E36FEB79B5A888
:10C3700053DA7955115C685140206A99879650E9E3
:10C38000D1D12E641E4222AC8756AD34635A872A1F
:10C39000B26CA7AB11D5257CB255DAEAA4D1FF4522
:10C3A000FA68F4C95E9A2A74575BEAEDD7EFC8E8D9
:10C3B000FEB4A6C5947F4AFBE47777BC93CCACE986
:10C3C00032F5E92274528BC724FC6B1952620A6A57
:10C3D000299971C9B90143132BA309480000000032
:10C3E000000000000000000000000000000000004D
:10C3F000000000000000000000000000000000003D
:10C4000000000000000000FFF3856C000D55376848
:10C4100051C7A0000000034801800000013669DA1E
:10C420005480030874DE06C100181FD3BD75F46282
:10C430001840C15FF3D130781B171FFCB8A0A18052
:10C44000D450D601BFFE64D9E5BB08A0D8C1C29FB5
:10C45000FF8A575D38D15364E389FFFFC5CFFEBC27
:10C460005C906CB24D41DFFFFFF8BDF37A23BEEC68
:10C470002C2A6F02C5B40B7FD0187FAE15069E48DC
:10C48000637FFFFFDA3C8A620A6A299971C9B901A0
:10C4900043132BA309480000000000000000000027
:10C4A000000000000000000000000000000000008C
:10C4B000000000000000000000000000000000007C
:10C4C00000000000000000FFF3856C000E0DED7809
:10C4D0007BE614018000034801C000001EAFAAE5FE
:10C4E0006EC06D6FB58840026B30ED7ACF6D6D35E3
:10C4F0004D97AD6B547CA56CB95886A94A562B66EE
:10C500007E52EEB4E8863FB198C3514E614477CA7B
:10C51000FD09510B3880BD5CC8E9914E53BF7432A0
:10C52000193D11E6421D59DD679D91884F550FFE5B
:10C5300046FFFFFFFFECC7AE77BECDAA4EEA1C76E2
:10C540001777318A884042646C0E61D1E98829A846
:10C55000A665C726E4050C4CAE8C25200000000023
:10C5600000000000000000000000000000000000CB
:10C5700000000000000000000000000000000000BB
:10C5800000000000000000FFF3856C000DB5ED6DAC
:10C590008F60E25E000003480000000000003A1ACD
:10C5A000578E483247A393DFCCB6C285A77F79E583
:10C5B000CCEB55B35F89C3270904B057EC8EE73342
:10C5C00038A0BE7BD86BBD8FFEBFDEAED718B3657B
:10C5D0006AABBABD1347DB825F915EB70E410E8630
:10C5E000AD3E1FDA74F552DDE8BFEF5AABB7FFFF7F
:10C5F00027FFD97B585DD1D2B3AE81C760E61671F3
:10C60000019CDA91443459D93112620A6A2999712C
:10C61000C9B90143132BA309480000000000000022
:10C62000000000000000000000000000000000000A
:10C6300000000000000000000000000000000000FA
:10C6400000000000000000FFF3856C000DD9DF77CB
:10C650007F3505690000034800000000200038769F
:10C660006B592DB6E17AFA89E0E64ECC9C910BA08D
:10C67000FEDC7606D5D67242F5F4A304669844280B
:10C680004FDDDB31D512D55FE66FA7E162FDBDF767
:10C6900029ADB08C857343C201F7756615E8F63194
:10C6A00017437F766E776F561ECB7BC9F65DAC2441
:10C6B000345FB7FB7FFFFDB432A8828FB1533D26B4
:10C6C00031055990C3400D4A51D26131053514CC22
:10C6D000B8E4DC80A18995D184A4000000000000AA
:10C6E000000000000000000000000000000000004A
:10C6F000000000000000000000000000000000003A
:10C7000000000000000000FFF3856C000D9D616BD0
:10C710008F49052E00000348000000003000383922
:10C720005A7E086DC50BA793D216900F82AC0EAB44
:10C73000CA629FF038020EA1CF6585BF1DC86A345A
:10C740009871A7CD423474D57FF5FD072EEC1631D4
:10C75000FE77999902C52420ABA95D9D0C3059AE96
:10C76000C7875797D5FFEC54E9F5A11EC769174D48
:10C77000116717CC2E2EC48675FFEC33282ADA8376
:10C780008E68220EAD534821D698829A8A665C72D2
:10C790006E4050C4CAE8C252000000000000000011
:10C7A0000000000000000000000000000000000089
:10C7B0000000000000000000000000000000000079
:10C7C00000000000000000FFF3856C000D1CC16F2D
:10C7D0003F35022E00000348000000006007CD999D
:10C7E000E3201C4D55579988200249FCE783183CEB
:10C7F0001CDA508010B24BD0D0F3ED90864E5884A6
:10C80000413BCA128CD427F93FA1F664100DBD2F0D
:10C81000739CE618B848E07458584E304E584C286F
:10C82000517FC917F8AA9C3DF83E0DA855CE9A0431
:10C83000BFFC4144FC78832099C07C9B42A91A1418
:10C84000B4501707DE98829A8A665C726E4050C4B4
:10C85000CAE8C25200000000000000000000000012
:10C8600000000000000000000000000000000000C8
:10C8700000000000000000000000000000000000B8
:10C8800000000000000000FFF3856C000D9603859A
:10C890002F0C43F7800003480000000084136496C7
:10C8A000D6D4924DF3C9851D65177523675559ACCC
:10C8B00055CD76666D61B7C9CAB3F3A5FF9FF498ED
:10C8C000D1C2A0ABDDADFF5870B56FC630232A339F
:10C8D000513EB1CB8C0DD8CF5FFFFAB1BFFA1BCA66
:10C8E000C56994A867B9008CB4EC54FFCDFFD0CED5
:10C8F000D958300B74A9686752B0312AA4CDC660EC
:10C90000CDF1AAAB301380BA12620A6A299971C9B3
:10C91000B90143132BA309480000000000000000E8
:10C920000000000000000000000000000000000007
:10C9300000000000000000000000000000000000F7
:10C9400000000000000000FFF3856C000DD5D373DC
:10C950002FA40C018000034801400000888325B605
:10C960003724B6EF44A72CC117EDB5CA25A56D062F
:10C970005FEE969C42273929E669D3CB4AE68209C5
:10C98000DEB9F0D53EE7EFCFEFCF250DC3C97FB3BA
:10C990005E9D9AF934356C8CC9E45A64872F3CD675
:10C9A00073BE5FF267CD219B6474EC323A5CEFFF9B
:10C9B000FF97E667CBCF2EF291D165332F84779422
:10C9C000C5ED053EC3A6A773FDAD32620A6A29997B
:10C9D00071C9B90143132BA30948000000000000EE
:10C9E0000000000000000000000000000000000047
:10C9F0000000000000000000000000000000000037
:10CA000000000000000000FFF3856C000DF183586A
:10CA10002FC78C0000000348018000006BBED316B6
:10CA20004BE7DB7F64CC073922415240387057B066
:10CA30005D85DE37C6995240A741757482DF8FC885
:10CA40000FF954F316E932CFBD3DCC5C4066BBD044
:10CA50005EC4F6082AE3E2E672FD30EC2B7D8E829E
:10CA60001B42F9983EBA4FBBE79F4AFF4120404422
:10CA7000010FFC8FAAC4797F7C8F348871A7FF389F
:10CA800043022A61C026452AFF67FE84C414D4539A
:10CA900032E393720286265746129000000000008F
:10CAA0000000000000000000000000000000000086
:10CAB0000000000000000000000000000000000076
:10CAC00000000000000000FFF3856C000E252D4ED5
:10CAD00005C7AC000000034801800000357A5B6D9B
:10CAE000A76D4DA03427C1BE920BC679DEE3388E08
:10CAF0004F390494B27979C45B134DBD858BBDAEBB
:10CB000096A15C35ECE60D06D2607A2A04E1E5F3E5
:10CB1000C700940E07783007C41B4D5435252E5599
:10CB2000F15FB6D43730262079174B7E63FE3FCEB7
:10CB30009BCDB3FBB55C8ACD9FFFFFF9FFA79D3767
:10CB4000D77784DD1BFFD049F3FFFFFFF4A620A6B3
:10CB5000A299971C9B90143132BA30948000000047
:10CB600000000000000000000000000000000000C5
:10CB700000000000000000000000000000000000B5
:10CB800000000000000000FFF3856C000D31956A85
:10CB900000C7B4000000034801800000FF743DCAD4
:10CBA0007AFA64DD249FBFD9BD6E3084A1A00DD078
:10CBB0000DF130F25D3759513CF23F333740B868E0
:10CBC000532506805BC457E7F2F9BB89D8C925C64F
:10CBD000F1841DFFCD1BE4129170D5D331FFFFCC42
:10CBE0008F2162817CC0CBFFFFFCF1BA0BA48A6964
:10CBF000B269FFFFFFFFAAB551B5D903330067FF44
:10CC0000FFF63838F154C414D45332E393720286D9
:10CC100026574612900000000000000000000000AF
:10CC20000000000000000000000000000000000004
:10CC300000000000000000000000000000000000F4
:10CC400000000000000000FFF3856C000D498D74AA
:10CC50005BE614018000034801C00000200A4E4B2F
:10CC6000B35D2247B5433599D4BF5AB2B5ED2A8199
:10CC7000D1DEB8F00856996864566AE645291C82E8
:10CC8000CC5469A8FB12F12B4CFFFFE86EA5B22330
:10CC900076529A995B958A5A18CAD6FAFBFAB74F18
:10CCA000E86F98C634A824EFD5910E7333399DE709
:10CCB000172A1C4F25AF14DFEF49BA665DF7FFF660
:10CCC000415D086397E6D31053514CCB8E4DC80A93
:10CCD00018995D184A4000000000000000000000A4
:10CCE0000000000000000000000000000000000044
:10CCF0000000000000000000000000000000000034
:10CD000000000000000000FFF3856C000E11857626
:10CD1000CF2C65878000034800000000028854166D
:10CD2000E5127FE44DF988D0EE4807F95928F393CE
:10CD3000110F3AD52DB931367361CD8E91C8ECCE35
:10CD40000E3365F933322DA4AC24EB2B232795BF8A
:10CD500079CE264710080458AC776322EDDEBB1766
:10CD6000432D9AD44FFFFFFFFF4DAF3A925995885C
:10CD70005A31059B1CC0723DDF1C2F45A4FFFFFFED
:10CD8000F45A05550F9112B1B6064C4E44C414D452
:10CD90005332E39372028626574612900000000039
:10CDA0000000000000000000000000000000000083
:10CDB0000000000000000000000000000000000073
:10CDC00000000000000000FFF3856C000DD5E96E47
:10CDD000BB01E20F8000034800000000024100F1A7
:10CDE000B76A2826F8502B779BA57FBAA35AC92388
:10CDF00042698AA1536FBAFD043D979CD5232399BC
:10CE00009CE4A24EFA32508AD3BFFFF965B39A0967
:10CE100010C0DD8ADD9B6E73A54BFFFFFFFA110981
:10CE2000AE74E8D22B918B462A2D1998AA39595DF8
:10CE300088562EC876F68EF0A49E824C49D7EA73A7
:10CE4000B5C1BA29C67EB6D2925A02620A6A299937
:10CE500071C9B90143132BA3094800000000000069
:10CE600000000000000000000000000000000000C2
:10CE700000000000000000000000000000000000B2
:10CE800000000000000000FFF3856C000D860D78A7
:10CE9000CF1C43AF00000348000000000746A4A4D5
:10CEA000E56E5E5053A816119947CB68468A0B0968
:10CEB00039C0A17534F16E8BD9FF31729DA847D46A
:10CEC000CCA10E4551D25579AF4AD7DBA26C9399CC
:10CED00094718EA6EFD0873CB2237FFFFFFDFEDA70
:10CEE0002FFA398CC64665AAAEFCCAF0C8D01A9B88
:10CEF0006E6B6B83CE31BC286148A37FFFF0BCBC56
:10CF0000E20444E3C4F790422620A6A299971C9B12
:10CF100090143132BA30948000000000000000000C
:10CF20000000000000000000000000000000000001
:10CF300000000000000000000000000000000000F1
:10CF400000000000000000FFF3856C000DC09B6B2B
:10CF50002F4183280000034800000000004004081F
:10CF60008094ED37B1B02D9FA8458CF7D6CCC92D54
:10CF700016610C21ABD41B5BA03F8E7F619A64804D
:10CF80009F20AC74703220611B40623C61F416A09B
:10CF9000994529669B1539242713821B05C201A3D5
:10CFA0007441C0D153FFFFF0E34ABEB9D3E3C8AF29
:10CFB000BD691338C9C686C5A0E04818069E759697
:10CFC00003FD4E34E68598292A1D4C414D45332EEC
:10CFD00039372028626574612900000000000000D4
:10CFE0000000000000000000000000000000000041
:10CFF0000000000000000000000000000000000031
:10D0000000000000000000FFF3856C000DE9937341
:10D010002F1C625C80000348000000000074049133
:10D02000845FDF5BC0F00A3F00F0587312A2855F97
:10D03000C28CAD00F5810F89DEF64787035FE5C935
:10D040000DD08BF5663EBED9C72203E7BAEC4C285B
:10D05000B16F32950A67174394EE8767FFFFFFFDB4
:10D06000F7B9A5219D98D76D8D128FAB21A45CECEB
:10D07000ACED68E5630A2517FBC51D57A8C3D56E3F
:10D080007FF74E5C64B03C5D755E95531053514C18
:10D09000CB8E4DC80A18995D184A40000000000068
:10D0A0000000000000000000000000000000000080
:10D0B0000000000000000000000000000000000070
:10D0C00000000000000000FFF3856C000D44ED6ED1
:10D0D000CB3C667F00000348000000000352B816F6
:10D0E0008995EB661088AFCA71D32C675BD6DE3B9F
:10D0F000CFCEA98A3866E288B3229B3DE198266F9D
:10D10000FF63BA03362746D7FCB321A03ACE1C6290
:10D11000F33D692C3C23188F76AA45C12CEEC256EC
:10D12000139E25FFEE504DEA51A48B3C481D23D39E
:10D130001EE8B0F3BFBF335C51D638989042968B4F
:10D14000150AB9C75208A620A6A299971C9B90144D
:10D150003132BA309480000000000000000000006E
:10D1600000000000000000000000000000000000BF
:10D1700000000000000000000000000000000000AF
:10D1800000000000000000FFF3856C000E053D6804
:10D190003F60C324000003480000000030B20232A8
:10D1A000DF1EE9A56B688B908A7B8DAAFB07DF6089
:10D1B000CD3A340418526AA9D257A69FEDCEFEB9D3
:10D1C00086AA82B8D6AEDFFE4D288738054BFF858C
:10D1D000D58744C29DD7FFF58EBFFFE549E11CCE40
:10D1E0004274CC22852C9FDCE491450A8D0F1B995B
:10D1F00014068BE2783E38380043BF5015D9DF154E
:10D200000D20AAC447A54633150107082620A6A26B
:10D2100099971C9B90143132BA3094800000000022
:10D2200000000000000000000000000000000000FE
:10D2300000000000000000000000000000000000EE
:10D2400000000000000000FFF3856C000CADE37DE2
:10D250002F250257800003480000000000C965DA4E
:10D26000CB45D2EDEBA405CBF2202A5A323F5340F6
:10D270003BDE37320AEFB3FA407879CBD7A219F305
:10D2800025759E146347FE8EC8E60452FFFFE674C0
:10D290000A287331B6D492DFFDFFFF76FFAECE567B
:10D2A000910E92063546192DEAAA87D93DBCDFFFBB
:10D2B000FD7EC9C9641C331D0102757F598CE604CB
:10D2C0003F898829A8A665C726E4050C4CAE8C25A5
:10D2D000200000000000000000000000000000002E
:10D2E000000000000000000000000000000000003E
:10D2F000000000000000000000000000000000002E
:10D3000000000000000000FFF3856C000E25F58191
:10D310002F28656F800003480000000000DB6ED7F7
:10D320005DFEF75FCA88AE310A468BC4EC8837676A
:10D33000418421CC02211D32153CF3EFFFF2AA25D6
:10D340002252141C2B5EF1C9B825038EF15B25CC4B
:10D35000CF63FB269760C0E83B0DFE463AEC9D3F4D
:10D36000E9F442FAABD4F63951D2C77518EC30C59E
:10D370006124F7AB14A555D7FFFFFFFFFA20C88043
:10D3800060A9C440E3E77B31079C04B3742620A660
:10D39000A299971C9B90143132BA309480000000FF
:10D3A000000000000000000000000000000000007D
:10D3B000000000000000000000000000000000006D
:10D3C00000000000000000FFF3856C000DCDE75C5D
:10D3D000DF69252480000348000000000232DA895A
:10D3E000E0408EF6BDB6421A91A05A9A180807A2DC
:10D3F0004ECDFB230B6409D8A34507AB5EA2967AFA
:10D4000099D59EBA14EC51E42C4440AE85DFEA5520
:10D41000A8AB097FFFFA238A87C408EBFFFFFFFF51
:10D42000DBF6D86BCC61E5673448A3470A088783ED
:10D43000A5F553A2958CA9A97FFFFFFFFEAA38E2AC
:10D44000A0A5162A0C11E7ADA6E3498829A8A66570
:10D45000C726E4050C4CAE8C25200000000000001F
:10D4600000000000000000000000000000000000BC
:10D4700000000000000000000000000000000000AC
:10D4800000000000000000FFF3856C000DB5F35CA8
:10D490003F61022E00000348000000002E4C9D0E4C
:10D4A0009B3EEF3EEA2C7DCB588C481A980696524C
:10D4B0003E456F81A48F6A2CE22AD5929B586A96CA
:10D4C0008D18825D44D6E768642B9DFB55E6565067
:10D4D000C77FFFFD59A560106C474FD17DBFFFFD91
:10D4E000BF355A52D9CA8ED30270B146319DB2951A
:10D4F0009CAC8FCDFFFFFFFFFA95460E3898614C2C
:10D500008294C4640229803550D2620A6A299971D2
:10D51000C9B90143132BA309480000000000000013
:10D5200000000000000000000000000000000000FB
:10D5300000000000000000000000000000000000EB
:10D5400000000000000000FFF3856C000DF95B7126
:10D550002F20624F800003480000000000A965BB37
:10D560005B74FBFFBCE03454D669AF1F5A57B54417
:10D57000458194694E9176C746DAB1303EA827A816
:10D58000733A558FE2B7F903030A10386298AF393E
:10D5900015E727DD0C6318BFD0CCE45B4957E7FAE9
:10D5A0002569FF0A02543219E67CA5E0CA043B6DE6
:10D5B000AF6DFBFCFCCFE7BB5EFF7556FB34503014
:10D5C0005FC7F017BF9E141433994391310535148A
:10D5D000CCB8E4DC80A18995D184A40000000000CF
:10D5E000000000000000000000000000000000003B
:10D5F000000000000000000000000000000000002B
:10D6000000000000000000FFF3856C000E0CAD4C24
:10D610000761261A00000348000000000A8ED58327
:10D620004EE5628E02543CB1750073F915D2823614
:10D63000E8D91BC30F252710120800614620F6FF0A
:10D64000B1EB767DF7F28834A78CAD87DE66C5B482
:10D65000D3DF7FFF869282C40CD3022C3F79CA8528
:10D66000922753901612396FDEBE9701D12EA999D9
:10D6700068486EED400173FCA6209A68C504C80393
:10D680008F681D4155D403445EDCB63D698829A8E6
:10D69000A665C726E4050C4CAE8C252000000000D2
:10D6A000000000000000000000000000000000007A
:10D6B000000000000000000000000000000000006A
:10D6C00000000000000000FFF3856C000DD5E56E42
:10D6D000CB0C22F1800003480000000006A4A6BB8A
:10D6E0009ADE0C8CC330EBD724B627EC9BF14407B1
:10D6F00039764FDD8A27A162691797C884AF2DC894
:10D70000E999A8B7850A84A2D11328FE59993ABD90
:10D71000BA5E654F7C8E0431CABFFEF3D2844230BC
:10D720002655564F6A394F7A9194F3CE2C6467A6EA
:10D730009EA99F6DD08CD655D1A7DF7C9213764BD6
:10D74000830338451C8757EAD1CFDA620A6A2999E0
:10D7500071C9B90143132BA3094800000000000060
:10D7600000000000000000000000000000000000B9
:10D7700000000000000000000000000000000000A9
:10D7800000000000000000FFF3856C000DC9D55EAD
:10D79000032462A780000348000000004D28807227
:10D7A0000B9142973DD4AA8D34ACEA15B04F6C541E
:10D7B000922A9D6FF9BEE91A228910B934C12183DA
:10D7C000227DE941150B07064B24AB982AE8410C52
:10D7D000AB76365EE136438862A09F27CC84221C5C
:10D7E000865319BFFA348A42D119B27F564975F669
:10D7F000B1FA579BBB75A93FAD19BFD36911D6EAE2
:10D800000D0B93C4E21FF7BE1ECE931053514CCBA9
:10D810008E4DC80A18995D184A40000000000000AB
:10D8200000000000000000000000000000000000F8
:10D8300000000000000000000000000000000000E8
:10D8400000000000000000FFF3856C000DDDD760D4
:10D85000032023F4800003480000000031EE5173E0
:10D860000B3947D2C424A20E79D63B2C4845DF5C45
:10D87000DB42CD12588E702E629E5A7588F8ABAA84
:10D880004686CEBA4498A2C72CA8C1A58A182CDD1A
:10D890002DCBC5334D3C22A11D5EDFDF4C9C259274
:10D8A0005FFF845F4A3FFF97CC709CFCC5394F2ACD
:10D8B0006490A75613E4665D35F5A544ED41113932
:10D8C000E942AB882F9FCF3427167A98829A8A66CE
:10D8D0005C726E4050C4CAE8C252000000000000F2
:10D8E0000000000000000000000000000000000038
:10D8F0000000000000000000000000000000000028
:10D9000000000000000000FFF3856C000DE1DB6EFD
:10D91000CF0C628F000003480000000056BDA23407
:10D920009492EC00E66B7535558211028ECBE702BE
:10D9300004021457AE5D9F9D52627731D49F06D486
:10D940004487AC68650E5E67495EA84919BA5F9F57
:10D950003EA929AC763FFF44A95429209686F96751
:10D960000D09DC848F5B745FFFDB44494BF3731854
:10D97000DCC936563382D1AC43B51DBE9E860CA49D
:10D98000730B0462850850BAA805694C414D4533B4
:10D990002E393720286265746129000000000000DC
:10D9A0000000000000000000000000000000000077
:10D9B0000000000000000000000000000000000067
:10D9C00000000000000000FFF3856C000DDDD9624F
:10D9D000BB0CC2D18000034800000000016EF5F2CC
:10D9E0005BA40AA391A174E032724EF633A8CCDB9B
:10D9F0007FFFB560C262390E3A92AA31F1999BFF5E
:10DA0000FFFE1AAAAD6BFA2414F2F393DF10099DFE
:10DA10005009E18C52D2F862959D0C56350D647C0C
:10DA2000AC67294C29FF6FFF6D990C6D4AA5562BE9
:10DA300096929579492ACD350CECFFD7F98DBA9994
:10DA4000569C4E36A967B10F97DFE298829A8A6694
:10DA50005C726E4050C4CAE8C25200000000000070
:10DA600000000000000000000000000000000000B6
:10DA700000000000000000000000000000000000A6
:10DA800000000000000000FFF3856C000DB1615A3A
:10DA9000DF2023D7000003480000000001605C2D58
:10DAA000C92DB68702A827088C71C91F2AB64A7FDC
:10DAB00042152A9422EF74CD27B8B3548A9BB7FB42
:10DAC000914B3FD7777173F52C836AE26136E3811E
:10DAD00052E38CA22E68F688FD84CC421890D3FFC6
:10DAE00042473190BA37C5ED408C6D645734360DDE
:10DAF000B8D85CD620A0A29872481D534A9850F21C
:10DB0000CC5A8D25AFDA7310AEC4C414D45332E3AB
:10DB10009372028626574612900000000000000013
:10DB200000000000000000000000000000000000F5
:10DB300000000000000000000000000000000000E5
:10DB400000000000000000FFF3856C000E1071441F
:10DB50000B68C3280000034800000000075292B67B
:10DB6000C73180102A99809221A23FD14398063F65
:10DB70005C1880C296E5E85862044D176B50822904
:10DB80009724FE192BBC7B8338B839121938F30A55
:10DB90004970204060720DB873D7A406E941388CF3
:10DBA000A2440C7880EA5250E0629C1F1C95EA3037
:10DBB000236B5693765A60B9CF321B14B9E70B65C5
:10DBC000AC4CFAC3E16170BD60E33C70C4C414D4D2
:10DBD0005332E393720286265746129000000000EB
:10DBE0000000000000000000000000000000000035
:10DBF0000000000000000000000000000000000025
:10DC000000000000000000FFF3856C000DCD4D7397
:10DC10002FA40C01000003480140000000971B7274
:10DC2000D9AEBFEF87813D846A544D4DAEE7C27CCB
:10DC3000A3A7ECE74ACBF2A2C3E8315991BB151771
:10DC400072FA797E0630EA5D3CD2F39FFFFFF9DB82
:10DC50009AB70B87B1191FFD3B9434485954DCEB3C
:10DC60000426A339BB2F5D3632C8DD170A3CD8C65F
:10DC7000B44520152D2FBCFFEBFC61429019469F47
:10DC800034D04C32192621583E6DC98829A8A66582
:10DC9000C726E4050C4CAE8C2520000000000000D7
:10DCA0000000000000000000000000000000000074
:10DCB0000000000000000000000000000000000064
:10DCC00000000000000000FFF3856C000E360D5AC6
:10DCD0001ACC1C0080000348018000000203104998
:10DCE00044105BC08109096AA74C7D5E4B648D3A84
:10DCF00053377F0AF158E5E41C49453098D0E37763
:10DD000039E488936D94FFA33258C317FE930FD55F
:10DD1000DBFFAA27FFFF6EE61E3A362C5AC7BAA2CF
:10DD20007F7DBF1B8882A1480780F080B0B45E244D
:10DD300014DDFFFFFFFC4E70C83C2A307A39967F15
:10DD4000FFFFFFFFFFF4BE7ABAAB90280F82620A92
:10DD50006A299971C9B90143132BA309480000002E
:10DD600000000000000000000000000000000000B3
:10DD700000000000000000000000000000000000A3
:10DD800000000000000000FFF3856C000DD0D76E8E
:10DD900015C7BC000000034801800000024D344E4E
:10DDA000D9CBC4001BD39D468EBA18E0FF64ECC0EB
:10DDB000397675ABE393A612ED05C4E551C7BE4BAA
:10DDC0009B20E91473BA2ADF2BD9DC21C7A3D628FC
:10DDD000D1B0FABAD44FBF7DFD62DFFDFC5B3EFBE4
:10DDE000D677F799678F3C7B6F38F7D5EFACEE9A13
:10DDF000FF39A4680DBA6697F9434F76F362A971AB
:10DE0000AD347F843FFFFFBEAEB144C414D453325F
:10DE1000E39372028626574612900000000000002D
:10DE200000000000000000000000000000000000F2
:10DE300000000000000000000000000000000000E2
:10DE400000000000000000FFF3856C000DD9CD7EBE
:10DE5000CFE414010000034801C00000089559C830
:10DE6000E4B7524EB8601200282D3772C45667913D
:10DE70007FE4F4BE86870AC840B4535AE6D1B2A9FB
:10DE8000959D323C957B9B755543359D861D1C5D4C
:10DE900019DD77E82A2C8CC89D0A5AACD2A7528982
:10DEA0003CDFFFB53A96E64A27D126FB3AF2CCF49E
:10DEB000350DF2B292AD7B4CEE8C94CBEADDCA54B8
:10DEC0007618F7A2ACD98C61A1286931053514CC3C
:10DED000B8E4DC80A18995D184A400000000000092
:10DEE0000000000000000000000000000000000032
:10DEF0000000000000000000000000000000000022
:10DF000000000000000000FFF3856C000D55CD6C93
:10DF1000DF3CC272000003480000000000C00D9208
:10DF20002570DB302ABED7004168BFB2691D1E498B
:10DF30004FF39955EE90212ADAE9162C678D8D1052
:10DF400013047082A09588646A7A14DA0933FE9FFC
:10DF5000FE305290381DEE5D4A798EE4756969A7EE
:10DF6000DCBCAACF427FFFFFFFFFB5708C4572314A
:10DF70009A525BB11E8C8AD4FFFFFF6E1583174B3C
:10DF8000659054461D2B52620A6A299971C9B901DC
:10DF900043132BA30948000000000000000000000C
:10DFA0000000000000000000000000000000000071
:10DFB0000000000000000000000000000000000061
:10DFC00000000000000000FFF3856C000D9DF77657
:10DFD000DF35251D800003480000000048C023965F
:10DFE00044EDB6979F320F66A1F84B7D4CC5FF6597
:10DFF000B3FB64D00525591805A7784FD5B451CD8A
:10E000008918D4317C6747EAA5E8A54CA67C6FAB9C
:10E01000E6116F7F7FDF221B1A56EE67FE7FFFD768
:10E02000BDB7B5D22062990053C8AC3EC452259505
:10E030001EF2959559E9FC956546EDE8C5634CFAE5
:10E04000B69433A906D2C9CC7498829A8A665C7257
:10E050006E4050C4CAE8C252000000000000000038
:10E0600000000000000000000000000000000000B0
:10E0700000000000000000000000000000000000A0
:10E0800000000000000000FFF3856C000DE1F3626A
:10E090003F61026480000348000000000A49A813A1
:10E0A0005B7D5D67510FC26D17B3BA12F85EEEEA81
:10E0B0003DFCFF99642F6FC1E0B94C624311D90058
:10E0C00030EF433F30C57A88F10C7C50EFAFFFFF53
:10E0D000CDE3BD8181F5104E57E6B6655D76D3FF81
:10E0E0007F7C8AA8B59DFFBE4A3A94A50D65B39B77
:10E0F000B3FAB5C29FFD4EFA59550B4D1D3424E6B7
:10E100003919A8EEFA2430CB94B51C4C414D453357
:10E110002E39372028626574612900000000000054
:10E1200000000000000000000000000000000000EF
:10E1300000000000000000000000000000000000DF
:10E1400000000000000000FFF3856C000DD5FD8588
:10E150007F29223D8000034800000000004385978E
:10E160007FF6DFFFBFA8B026915009D89CC9390CB3
:10E17000FFEA8B31EB05263FB10DFCD226F67F94EA
:10E1800087F4777949CC77D4DEBFFFFEBA39450CE6
:10E190000CE70D4430E24F44AF5F7FFD51BFAAEA68
:10E1A000A8846430B72398F4CCD453A021A08AE982
:10E1B00029C8C95A26C73399FFFF7F4FFA3D8C7192
:10E1C0008DB95D5551C9467E0D3552620A6A29994D
:10E1D00071C9B90143132BA30948000000000000D6
:10E1E000000000000000000000000000000000002F
:10E1F000000000000000000000000000000000001F
:10E2000000000000000000FFF3856C000D49D5639D
:10E210002F61621C0000034800000000008E0D32D8
:10E22000D994B6CBF9EA6D3B0CCF2615B200C1717B
:10E230003974D55FF82F1F29E90FC5BCF3B9D11583
:10E24000E651437567ACAA9DEFCEB5EEAF6B91BFBB
:10E25000FFB990C2430A66A7BB7A3DBFD57B7AD38C
:10E2600095A886519019151192F646466534AC86EC
:10E2700047AD1BFFDBF6FFABFFB4A8CEB7281930C4
:10E2800038D45AC6BAEA531053514CCB8E4DC80AF3
:10E2900018995D184A4000000000000000000000CE
:10E2A000000000000000000000000000000000006E
:10E2B000000000000000000000000000000000005E
:10E2C00000000000000000FFF3856C000DF9F18DE7
:10E2D0002F1462BD8000034800000000024DAEFB19
:10E2E000EDFFFFEFF1E0667386A0A9882A1F3E7755
:10E2F00062A3387CC42512C88BB149D5BB3FF888CE
:10E3000084485C9047E9F090D2FD64B0BFFB311BBC
:10E31000B993996BFCD2F2221649A111CBD895D9A9
:10E320000CF2E7C737393CBA79748FDBEFDCD08D5C
:10E3300008DCD7280909D1B934BFF6D3FF3C9411C2
:10E34000842AB8406EAF0E73E7EA99E931053514B7
:10E35000CCB8E4DC80A18995D184A4000000000041
:10E3600000000000000000000000000000000000AD
:10E37000000000000000000000000000000000009D
:10E3800000000000000000FFF3856C000DF9E56C53
:10E39000BA2023F48000034800000000854805529D
:10E3A0000C25140B8702D5B2CBA4A7B8F9E16E52A5
:10E3B000A6D26C50C4EEBD25EFEF49EF44FF89793A
:10E3C000BF447A89BE2CC84AEF48AC8AFD1138FF99
:10E3D0009CC65FDF84E5D8252F6987798940405244
:10E3E000925994960360D57FFE7664031A90008854
:10E3F00016E10B4EB32CBD3823AEF79E5D0E3BE805
:10E4000054D884198C93EA038199FDA531053514FC
:10E41000CCB8E4DC80A18995D184A4000000000080
:10E4200000000000000000000000000000000000EC
:10E4300000000000000000000000000000000000DC
:10E4400000000000000000FFF3856C000E04DB7389
:10E450000A18633280000348000000002A42E0D519
:10E46000D23C76C97686154BC971444A9209273F3A
:10E4700020430C02033417EEB33A44E6D0CA0D59D8
:10E48000B195B3A925D0EA1104044BC49014273FD9
:10E49000AA5BBC8DECF68D9ECFC3076B0338FE7173
:10E4A00057FA9EE240FEAB8FFD866BEFE985FFE5F4
:10E4B0008D2581B6DFDBF9297655E1D75BF5AEE92D
:10E4C00039816628213531784D6F55CBA620A6A21B
:10E4D00099971C9B90143132BA3094800000000050
:10E4E000000000000000000000000000000000002C
:10E4F000000000000000000000000000000000001C
:10E5000000000000000000FFF3856C000DC5E57BF6
:10E510001F0C22E680000348000000000625285456
:10E52000DC7634EBE560C67ED612011F19CA0236CE
:10E53000984518962BC188B232E9EA7C8C9C0C6312
:10E5400056C7CB2FC495B69FF3AA0909A9EC7AB494
:10E55000DA1358253CB90205034B788468888E6825
:10E56000FD0F8BA5088427916466667A6D504193F0
:10E570002483F444ECAC76B5DDB7FB4D06E539C138
:10E580002244092F2228CC87FA2E2620A6A299976A
:10E590001C9B90143132BA309480000000000000BF
:10E5A000000000000000000000000000000000006B
:10E5B000000000000000000000000000000000005B
:10E5C00000000000000000FFF3856C000DFDE57801
:10E5D000CF30624E0000034800000000021119C74E
:10E5E0002D964D3FA6EC402CD9C72F3099C68A5D99
:10E5F0000F530DC3B01918961A77D29343E31DED4C
:10E6000026804E149967B3AA4CFEAAEE5294BB1B07
:10E6100098D52F89679AF6432195B6EE86FEA5997F
:10E62000CAAD5FFF35B98A5295B991D4BA965434C0
:10E63000CE5124295A8633F472A2218A5CBD7AB164
:10E64000BEA567FEA5289715DBAC603298829A8A32
:10E65000665C726E4050C4CAE8C2520000000000FE
:10E6600000000000000000000000000000000000AA
:10E67000000000000000000000000000000000009A
:10E6800000000000000000FFF3856C000D599F7032
:10E690002B3CA24700000348000000000D2A76DB57
:10E6A00089C6E977E417073A5330499A732BC101B9
:10E6B000BD034032A068D123948D801D9321643B1B
:10E6C0009041B4A93EE4E45DD94E1C535274FAD58E
:10E6D000C9531C833992E962BFA5DFB16B24FF7F68
:10E6E000ABDC8B76673C93FA22D5F56546AA2569A3
:10E6F0007FFBD3BC678360647BB68D969916030558
:10E70000096772AC22B4AD31053514CCB8E4DC80B5
:10E71000A18995D184A40000000000000000000041
:10E7200000000000000000000000000000000000E9
:10E7300000000000000000000000000000000000D9
:10E7400000000000000000FFF3856C000E25EB6E5A
:10E750008BA688008000034801400000042CC5A45B
:10E76000E4BC288C4E2CC0844C3E8BA25D1851E337
:10E770007E93D25B62A630313EF23D398C0C4191E2
:10E78000D8A8652AE94F7B4A8E533AEE54314D980A
:10E7900087299D9D0CE5218BA3DA8BD15ECF521486
:10E7A000CE59B4A7AD14D2D254635BB233A58CA4B6
:10E7B0003FF3B2A37A7D72EA8EC654BD9E96EE5E9A
:10E7C000DA6459A8CAF64D8725F96F1A512620A692
:10E7D000A299971C9B90143132BA309480000000AB
:10E7E0000000000000000000000000000000000029
:10E7F0000000000000000000000000000000000019
:10E8000000000000000000FFF3856C000E05CF5CE7
:10E810002FC91400000003480180000000DBE280E3
:10E82000828080402007C9D0D5EE0EE278D0BC6A45
:10E8300063515E9209D2E8C351889C508C8E89CB7B
:10E840003333BDCE2512D4DF39DD9482A6EBA5ACDF
:10E85000EBFA96ED2AAB6EA42103E1F170E18D6530
:10E860004A6BFF870500E1F7517388070503FF989E
:10E87000DFFFFE1F39342103E1F1714233A731BFBD
:10E88000FFFFFFF39DC50100FC3E0875A620A6A270
:10E8900099971C9B90143132BA309480000000008C
:10E8A0000000000000000000000000000000000068
:10E8B0000000000000000000000000000000000058
:10E8C00000000000000000FFF3856C000E2D435493
:10E8D0003FC78C00000003480180000000105477FF
:10E8E000696BB6FFFFB402F8F52F87E02558B2D662
:10E8F0007DD1F5DCB30311654C306161E262B4D1C6
:10E900001B5FB0817D8AF9EC542BC3EA832228EA8D
:10E91000548A995383392BA8618E2A793CB0A6FB7F
:10E92000B3AB7D7A4699171BA64AE87C3205BAB983
:10E930002CCF7524E1AEADC7B011F1864B28E52987
:10E94000205583D358C1329D06F421BFB1298829AF
:10E95000A8A665C726E4050C4CAE8C252000000057
:10E9600000000000000000000000000000000000A7
:10E970000000000000000000000000000000000097
:10E9800000000000000000FFF3856C000E0123561C
:10E990003FC78800000003480180000008066D960C
:10E9A000A954B6DB6D120F15CA55B8CB51BA810503
:10E9B000BDDC0776B7AEAC8A248C21DDDDA5326CD8
:10E9C000CA965220811012CA16F22C43310412A5A5
:10E9D000495D1AED20460F251D4DCBB5BC96611340
:10E9E0009394A140485B7FF9392DC48D0983676CEE
:10E9F000FA2BD669270A064F2815108484A35BFFDB
:10EA0000C00A720BE9CACEBC1A160E964C414D458F
:10EA1000332E393720286265746129000000000018
:10EA200000000000000000000000000000000000E6
:10EA300000000000000000000000000000000000D6
:10EA400000000000000000FFF3856C000D69F56A0E
:10EA500000C6A8000000034801800000365A468125
:10EA60002403C1F8998C5F16C251E8C3D1B15F6E1F
:10EA70003138F3BFF2CECE47FB59B01B0A01792AD9
:10EA80009DFDF7466168D1E0F05C3D069FFCC698AD
:10EA9000DB0821542E4460BB10A785F88FFFFFFED2
:10EAA00021D02FC6E60A83C241F939E49FFFFFFF58
:10EAB000E68B6588D09F3C7E7B218E67FFFFFFFF42
:10EAC000FF985DAFD6A383531053514CCB8E4DC8E6
:10EAD0000A18995D184A400000000000000000007C
:10EAE0000000000000000000000000000000000026
:10EAF0000000000000000000000000000000000016
:10EB000000000000000000FFF3856C000E31197654
:10EB10008BE788008000034801C00000802B2FCCC9
:10EB20005BBDAA3DB35A8C740BEA3EC66DAF8DE255
:10EB30009AB675FC0095563D0D53BA22945948ED8E
:10EB40005B618C72EEF77FACD43BA039ADF299D407
:10EB5000A5294B94B7B54C28DD4AD7D3FCA5F318AB
:10EB6000C0436FFF33BE1050DE8505050504828269
:10EB70009B95FF7EFFFFC7FFD72A0A2BFFFFFFD021
:10EB800082A80A1451F91CEE828285053DA4C414A2
:10EB9000D45332E393720286265746129000000047
:10EBA0000000000000000000000000000000000065
:10EBB0000000000000000000000000000000000055
:10EBC00000000000000000FFF3856C000DF1896C6F
:10EBD000DB3CA24480000348000000000030622CAF
:10EBE000BEFF75E72DFA1F2170E38FBB842CE19BDC
:10EBF00018018AA50A0182CCB50215D9BC85333427
:10EC00008BE8F2972F6B35DF599148082B26FF23AD
:10EC1000684772219D99FF4591A828415D92474F11
:10EC2000FEE6A510D199FEA552FFE84910C45D1E6D
:10EC3000AE735D12A381D1C7FEDF653FF1C75FE808
:10EC4000D219519C0FF928B7975D1A44C414D453B4
:10EC500032E39372028626574612900000000000AD
:10EC600000000000000000000000000000000000A4
:10EC70000000000000000000000000000000000094
:10EC800000000000000000FFF3856C000E2A0B6CF2
:10EC90001BA7880180000348014000002DD5234EAA
:10ECA000D4FE1B183A69780F122295F5F0D9367FF9
:10ECB000BDD2BF91D5E84214BD4315056CCFBCDB76
:10ECC000103A215D4C66AAD855CCA10E18D5219DCD
:10ECD0002C60A56753090AEC62AFF4F156A80A2D1F
:10ECE000551DFFAD591D7959594BD3EAE4A6F65588
:10ECF00039362667D19FF67DB45969BFFAFD2722C0
:10ED0000DC20556645FDFEECED3A020E65531053CE
:10ED1000514CCB8E4DC80A18995D184A400000002E
:10ED200000000000000000000000000000000000E3
:10ED300000000000000000000000000000000000D3
:10ED400000000000000000FFF3856C000D917F6C57
:10ED50003FCC1401000003480180000000A524B24C
:10ED6000E42DD76946605D4CBB2D3698944F5BEC23
:10ED7000F9EF0CEA6EF7F7E221D4DF0F184AB4B8C6
:10ED8000F184294C6917A9CEA8B2ACD3F6700070F3
:10ED9000607C7A95BFF9D9887BA2C5A5F1276A3D29
:10EDA000A54673A10504968D634A52B55AA46EF325
:10EDB0009D0828AEE96AE22912318CAD437FFF9CA1
:10EDC000E2CE7ADB8B72BD4254C414D45332E39347
:10EDD00072028626574612900000000000000000D4
:10EDE0000000000000000000000000000000000023
:10EDF0000000000000000000000000000000000013
:10EE000000000000000000FFF3856C000DF9434E88
:10EE100005CD9C000000034801800000924818E9DD
:10EE2000ACBCBBA6F0828E8697401068D60203D396
:10EE30003135226A49FF70A5CFF5C11C7C0302C69B
:10EE400003D0B8E0960F4280BCE2465906860E0D0C
:10EE500050D47D353D8F8F1E585285EB7E8C4F1ED2
:10EE600052C3A8E9BFBFE71571A9461B0EBFA597FE
:10EE7000FF1D14303E0A8A460646CE68ED3FFFFF6E
:10EE8000205C6C551947FFFFF99066693105351410
:10EE9000CCB8E4DC80A18995D184A40000000000F6
:10EEA0000000000000000000000000000000000062
:10EEB0000000000000000000000000000000000052
:10EEC00000000000000000FFF3856C000DF2175EEB
:10EED0002ACC9C000000034801800000000F243071
:10EEE000CF010E9886BB465413E6A8EC1E48E33FBC
:10EEF00042463C14162C5F62138721CC64A09164B7
:10EF0000D1DE541F8960E0FA6658F41208133EF609
:10EF10006D18F67971C120E65FE97F31AC3E799FCB
:10EF2000FED6A4CB50FCCF5FECEB31DBE618EF5301
:10EF3000DF63FFFFFFFFF75730C69EFD0CFFFFFFAB
:10EF4000FFFFF2152669FDDF65B8E104C414D45350
:10EF500032E39372028626574612900000000000AA
:10EF600000000000000000000000000000000000A1
:10EF70000000000000000000000000000000000091
:10EF800000000000000000FFF3856C000E06037E09
:10EF90002FC49C018000034801800000676D1A5156
:10EFA000B4C092B164546511D74418140701E160EC
:10EFB000F18E66A7DD275DA86902A3A957EC792326
:10EFC00008AA9A5BA7CE43113CECF9D040A8F8F010
:10EFD000D42822AED34E1F733B5BF9BFFFFFFFFB6C
:10EFE000B37F7420AFECA586E70F1C2B1D170E1402
:10EFF0002CAA9EBAFFFFFFA354E63CD1B9CE629E75
:10F000007E627FD4CCC9BFFFDA5AB839A620A6A247
:10F0100099971C9B90143132BA3094800000000004
:10F0200000000000000000000000000000000000E0
:10F0300000000000000000000000000000000000D0
:10F0400000000000000000FFF3856C000DF5E37F79
:10F050002FE41C018000034801C0000020132BB2E4
:10F060004B2DBACCCBF0210235C3305EF39A401E53
:10F070006BF12BE8E828249D0B37386A631C5CE0B1
:10F08000767F99EC692378F166D4752A7E5D9B536F
:10F090007E8E9D1BE9F4AA515EDCFBB2B1359D3C2E
:10F0A000718C203E238F31932BD5873B9A863E9FD0
:10F0B000CFFAF534A32FBFFFFDFEDF67D8E1F7B924
:10F0C0008E49A6A478682DC6CEBB57EA620A6A2983
:10F0D0009971C9B90143132BA3094800000000002E
:10F0E0000000000000000000000000000000000020
:10F0F0000000000000000000000000000000000010
:10F1000000000000000000FFF3856C000DD1F171DC
:10F110002F34E26F80000348000000004011127598
:10F1200026A44DB8453DC5902B695D8F896354B5C4
:10F13000226FE2919D99036EE79C801658774157A4
:10F14000761D17379FF1C30FAD1BD484C43D4179A1
:10F15000E7BD13E9FFE76F2FFFFCCE4E512AC20631
:10F1600028753BF0C239818425287FFF6DAC96EF6E
:10F17000F4237F77A9E5543A7453D1D0C0C51DA6B6
:10F180001075FAB9DA1C7E714F35B4C414D45332F9
:10F19000E39372028626574612900000000000009A
:10F1A000000000000000000000000000000000005F
:10F1B000000000000000000000000000000000004F
:10F1C00000000000000000FFF3856C000DC5EF6F2C
:10F1D0002F3D426E0000034800000000A021EDFA20
:10F1E0004AF757DF4CE3D11603547D62F542E6FA45
:10F1F000AE5B1CB5E82F108C6AD04C7F17B57284BB
:10F20000F90A180A6BC87D4A16FBFCEA14B896493D
:10F21000F2FFEDDFE5F97FFFD2BEA1C80C6731DF59
:10F22000D45B33A28763D676552D0DB7BD0C85D937
:10F230009C4CAC68B1BD5BD4936C5F383DA77153F7
:10F240003C86EAAB396E1DC0CCC8A620A6A2999711
:10F250001C9B90143132BA309480000000000000F2
:10F26000000000000000000000000000000000009E
:10F27000000000000000000000000000000000008E
:10F2800000000000000000FFF3856C000DF9E9723A
:10F29000DF35055D8000034800000000C234E44A09
:10F2A00027538EAD255423C251ACA448DBDCABFA06
:10F2B000907C3DF6201C3FE61EAD7E5AEE3C307C35
:10F2C0007F371710A2CBEF3FD592420A92BABF46C2
:10F2D00069E43BD34442390A6353FFA210A8FACA37
:10F2E0004672166F544BB1C73AD14ADDDB3F6DF51C
:10F2F00055D68C8B5BAFFD2DFE65BEA429AC565058
:10F300002B50CB72C3A226EA205676C9310535149C
:10F31000CCB8E4DC80A18995D184A4000000000071
:10F3200000000000000000000000000000000000DD
:10F3300000000000000000000000000000000000CD
:10F3400000000000000000FFF3856C000DFDE96A7D
:10F350008B07030280000348000000000E34CDDE5E
:10F36000E5BC63784AC656C47BCD00C4B93E6B3D4C
:10F37000EF67991A1A3E9FFE71D4AA0B2ECC88CF44
:10F380003E5F84578B29CB219936332A1E6473FC48
:10F39000BF99652CCF4847FC4E659DF26886548125
:10F3A000FF09BD75A5F7BCADC4C98F563227FB1444
:10F3B0008A67F4D3F3FBFA4A9F7FF3A65914B9295D
:10F3C000729EE7658A6355B9EF766E1098829A8AC5
:10F3D000665C726E4050C4CAE8C252000000000071
:10F3E000000000000000000000000000000000001D
:10F3F000000000000000000000000000000000000D
:10F4000000000000000000FFF3856C000D2C256259
:10F410002A3D261080000348000000005D05A79EDD
:10F4200008CA2C0A017501F4111A64A223A62D053D
:10F43000F164AA2DB1E3FA85AD0E586A225725284A
:10F440001B39A8B7FDBDA7EB2B9BAC11544AE7E4D1
:10F45000C3B4AC234D172CBF93C6C1FED0AC31C989
:10F4600074A14DE1CD7B56FE3BFD2AED8D6373DC2F
:10F470006293BBFFDDA30FFFEE83E1FF5F71FF1F10
:10F48000077191FA6B698829A8A665C726E4050C5F
:10F490004CAE8C25200000000000000000000000A1
:10F4A000000000000000000000000000000000005C
:10F4B000000000000000000000000000000000004C
:10F4C00000000000000000FFF3856C000DCDE76038
:10F4D0002EA788000000034801400000595AB1A43B
:10F4E0007A593BD2C0DB01350A5D4289019EFDE6B7
:10F4F00063EFE759BFB532414A4203791D2EF6BF8B
:10F5000064394962AC95398E66231ECE8A74CF2445
:10F51000ACFA2E65BD96C73D097FA4AA8BA76D9551
:10F52000D097BD2A791A4AFFF4C953C8CAF75A546A
:10F53000BD1B5DF2D3FFF36DAD591D4B34D69A154B
:10F540009A762230752A2DB9C1D2A98829A8A66534
:10F55000C726E4050C4CAE8C2520000000000000FE
:10F56000000000000000000000000000000000009B
:10F57000000000000000000000000000000000008B
:10F5800000000000000000FFF3856C000E21E17018
:10F590008FC48800000003480180000002421C1252
:10F5A0009B50A05058342A0E365C95089DBE7F298A
:10F5B0000D6E7A6D1779CCC73A90AC8ED231358307
:10F5C00065473EED237152B2399508CFFCC72948F3
:10F5D00064F656FF9CAB0C87010A48D8876119F284
:10F5E0007E829D51460A8E8AB3DDDAE9E4FFF89106
:10F5F000860A02AD31CAA8E6746B5F6F67FFFDBF74
:10F60000D8E9359511CA328041AEE4178C4C414D92
:10F6100045332E39372028626574612900000000C7
:10F6200000000000000000000000000000000000DA
:10F6300000000000000000000000000000000000CA
:10F6400000000000000000FFF3856C000E21D77F52
:10F650002FE18C000000034801C000008DCB75BB7A
:10F66000ED5044BB82146CCAA4EAAB766655D998B7
:10F67000CEB34F555F2552E4652E34615C8DFAAFF1
:10F68000E5FFCC89E4CCBFB91AFF9E57FBEA664B75
:10F690004BD5A128252A7F0D0DFC8A499C22ECE739
:10F6A000CF91979D33F453FE39FCC8D613919D3406
:10F6B00032F23CA68664DF044C12B2FFF9A919139A
:10F6C000926FF8853EE3E0B08CC899DBEA4C414D7F
:10F6D00045332E3937202862657461290000000007
:10F6E000000000000000000000000000000000001A
:10F6F000000000000000000000000000000000000A
:10F7000000000000000000FFF3856C000E0DC377C1
:10F710002E0C233280000348000000002428E3BEA2
:10F720003AC841F74B025388E4D1372B6A994D65AB
:10F730002C982BC62FCA5D66668E32CD9E3F729482
:10F740008FF7DCC0A993FD4CE433F67715F1093748
:10F75000AFE13574903036677D6F088B9F96EE660B
:10F7600064748FF2DB4BCDD7D25FE059D2265F4A6B
:10F770007377CA99A26648D12F9168AF129FFF7321
:10F78000213FC7BE8313A67B319DD5FF698829A879
:10F79000A665C726E4050C4CAE8C252000000000B1
:10F7A0000000000000000000000000000000000059
:10F7B0000000000000000000000000000000000049
:10F7C00000000000000000FFF3856C000DB5E1793A
:10F7D0002F2C622C000003480000000060033CFF57
:10F7E0004F5A69BDD5CC13862675AC0E3DA5D220E7
:10F7F00068798C0678C44F6BEE9A4A8D584463340E
:10F80000AC748A371DBF642192FE6D0CCCA8E14414
:10F81000D1A6318C67E632B65318C6D0C6D0DF9970
:10F82000FFA7D10AC8E86319E86379B5FD0CA5CA3A
:10F8300056CAC86CC52FA18534A5FFCA5ACDCAC403
:10F84000321A52853B74F1DEB0DA620A6A29997184
:10F85000C9B90143132BA3094800000000000000B0
:10F860000000000000000000000000000000000098
:10F870000000000000000000000000000000000088
:10F8800000000000000000FFF3856C000DD1D7716F
:10F890002F410248000003480000000060018DD99C
:10F8A0003AD6DB5E9A4F9C06B1797652C4F66C85E7
:10F8B000B63002516F2E1C0A1D7A4103AE2E5C1920
:10F8C000FD57406E5EB42EE75A27A3CAB16A218D58
:10F8D000FFAB38A101DEEDBA1D7EFB6942A590B5F4
:10F8E00073BA511C67AA37B12D6B237FD177A51549
:10F8F0006753642BB2B22C84A3E7ADFC93FFDF5DAA
:10F90000A8E0D4B1C19F12201F1AB4C414D453323A
:10F91000E393720286265746129000000000000012
:10F9200000000000000000000000000000000000D7
:10F9300000000000000000000000000000000000C7
:10F9400000000000000000FFF3856C000E21DB705A
:10F95000DF2CA26E000003480000000060046C92DF
:10F96000496E974DF16747230B98E02175ED3011F3
:10F97000EBA0481CE2855601C5DFA8097234C769AF
:10F98000D11ADEAE56B551CCF5629D6508828D5513
:10F990006746B2587598CC804A4577477AF7D1299F
:10F9A000A598894FF8575B6ECEAE8525CEAB7C9F70
:10F9B0004FFD32B64ED72695452B1AE023B094451D
:10F9C00039FEF2F752AAE0926DAED0A2684C414DDA
:10F9D00045332E3937202862657461290000000004
:10F9E0000000000000000000000000000000000017
:10F9F0000000000000000000000000000000000007
:10FA000000000000000000FFF3856C000DB5A97632
:10FA1000DB3582670000034800000000D002A476B6
:10FA2000DC8DB38FCE86347D62D9FD3195EC9A158D
:10FA300083EBA3EA34242AC9878803CAD72FF32F7C
:10FA400048AA7037D5A133D24FB7D438A3877B1DCE
:10FA5000A7D4DB229DB52312D62D2F2290AAE69C97
:10FA600088CCADFE88F2B598B32D5B73A5A79D1F1A
:10FA7000DFEA65B22269FAE99AA7205813987E95C1
:10FA800032B74093A81CB573295A620A6A29997142
:10FA9000C9B90143132BA30948000000000000006E
:10FAA0000000000000000000000000000000000056
:10FAB0000000000000000000000000000000000046
:10FAC00000000000000000FFF3856C000DD5DB7323
:10FAD0003F3585380000034800000000A0008D215C
:10FAE000114AA5D76B7300560FF615B13DBF020240
:10FAF000AEC96982A96DE9B5CADF5018C4AAB2754A
:10FB00009DED8C2976772B5375D0AA85B0D4103211
:10FB10002C8A6FA5346172B321656ED2D2942A7F8C
:10FB2000FFFC87A5DEBDF2B2552B77EEAE74BB1796
:10FB30005CADBB2B4CDCCC2E87644B9B44AB677419
:10FB4000DCEAE2CC78152CE6E8B862620A6A299908
:10FB500071C9B90143132BA309480000000000003C
:10FB60000000000000000000000000000000000095
:10FB70000000000000000000000000000000000085
:10FB800000000000000000FFF3856C000D5CF18BAD
:10FB90002F0C23C1000003480000000040A51CDA20
:10FBA000DB66DB6F113C20C5FB8096C9B37F906399
:10FBB0004450CA02B49B23E80D11AD5555520A2694
:10FBC00080AFDE79FD4EACACF1203AB2A93A5E6668
:10FBD00084D831283B19B772663DC1095C27059866
:10FBE0005C4048B881A30084D8B153140D2749ED77
:10FBF000D2A79DFF7605D981455C5893CD00891227
:10FC00002C2E2A1962EC2A98829A8A665C726E40BF
:10FC100050C4CAE8C252000000000000000000000A
:10FC200000000000000000000000000000000000D4
:10FC300000000000000000000000000000000000C4
:10FC400000000000000000FFF3856C000D5D5B729A
:10FC5000DF2C658D000003480000000000B92596E8
:10FC6000B964DB29707B0B833FC1A13BF40B22F508
:10FC7000412CF369C70C2263419329323585FF413A
:10FC80005B51AF0C1A08E73FFFFF35A16315286DE4
:10FC900055A91D939D864B947A6EDFF57D0CA56367
:10FCA0004CA54AAFA9667A950D5EFCE60C41841E10
:10FCB000609005C5AB447E4E6EA9C76DA151A7C427
:10FCC000A87DD9D0E5755A98829A8A665C726E4092
:10FCD00050C4CAE8C252000000000000000000004A
:10FCE0000000000000000000000000000000000014
:10FCF0000000000000000000000000000000000004
:10FD000000000000000000FFF3856C000D95D77B1C
:10FD10002F2CA279000003480000000020AC9D9722
:10FD20006FFFFBFF1F9400696C7454747C3C853E2C
:10FD3000BD8D8E104D4BB388968CFA66AB68AA26A3
:10FD40009B8E481C546B1367A50B72D15925F9AAD9
:10FD50004FCEB4D9D14E0862ACAF4B69D558BA6B0F
:10FD6000D3A2FE0820C2CC521C1A6423388082859C
:10FD7000FF621F667AD7FE7FB7AFDBAA7265718418
:10FD8000B140439650C1161C4A620A6A299971C94A
:10FD9000B90143132BA30948000000000000000034
:10FDA0000000000000000000000000000000000053
:10FDB0000000000000000000000000000000000043
:10FDC00000000000000000FFF3856C000DF9D57401
:10FDD000DF01E50500000348000000000976DDD6DC
:10FDE000FF75DB40120B34D1E1CEE3A9DCCEAC2DA4
:10FDF000739CD5233FB0186A218446D98A55E9C53A
:10FE00001D2CC741ABCEA94652EE394A20224103F0
:10FE1000CBBCB93B7E476741E67695A9FF6B7496EC
:10FE2000CA8A9F90A3C3E312474C8A2E0307DCE3E0
:10FE3000C5053FC95910FEDF432BFF5FDE94C8ADF7
:10FE4000E2A3869C20D5E181DDA510413105351462
:10FE5000CCB8E4DC80A18995D184A4000000000026
:10FE60000000000000000000000000000000000092
:10FE70000000000000000000000000000000000082
:10FE800000000000000000FFF3856C000DC9F76062
:10FE90008F60624E80000348000000000502ECDF26
:10FEA0005D36FBFB6878179B24BECCC1437FB9B796
:10FEB0004E2D960659621982178429981A32D6B5A2
:10FEC000FF79513DEE7B48E3BF0AF72BBA52E86554
:10FED0004B7B3C9FFD4EAC808EC82BE7FEBFFA9B50
:10FEE0002AB7B0BD0AACCCEE8490EE09A041C31D88
:10FEF000BFBD9BFB7C8FFFFF4AF65422A99508C625
:10FF000050EBE8EB678C9E114406D31053514CCB59
:10FF10008E4DC80A18995D184A4000000000000084
:10FF200000000000000000000000000000000000D1
:10FF300000000000000000000000000000000000C1
:10FF400000000000000000FFF3856C000DF9D97679
:10FF50008F018303000003480000000005972D8DEA
:10FF6000CB35A4019CE8E6B968715EEBBBAF10FC31
:10FF70002524B8B7387A2975A64D49C8088D8FCA87
:10FF80001151691129FA7A14434D3E2500227BF95B
:10FF90009D16FD94DAB799192C7CD6542329CF39B4
:10FFA000D85FFFFFF973BDC51C2C40707A229ED527
:10FFB0003CCBF8984C21A22174BD0BFA534DCDE7F0
:10FFC000E77D334E9E75D01FDC4BC73D31053514A0
:10FFD000CCB8E4DC80A18995D184A40000000000A5
:10FFE0000000000000000000000000000000000011
:10FFF0000000000000000000000000000000000001
:020000040804EE
:1000000000000000000000FFF3856C000D61DB665E
:100010003FA788000000034801400000052DD026BE
:1000200038EFACA04D1E4AF256120BF2A4D2DEA558
:10003000D7A7FE05F5022462C3198E2035BAABCED0
:100040009DDD93FFB2DFE56308CC4735E0A8C06CC7
:10005000523A233E4A1DA523FEA9FFFFC8BDFEBE9E
:10006000FE81188EED10420419B223268C89ADD280
:100070007A9FDDECF46EC4249D11BA9128EA72A82F
:10008000811B6B3FE204104C414D45332E39372024
:100090002862657461290000000000000000000073
:1000A0000000000000000000000000000000000050
:1000B0000000000000000000000000000000000040
:1000C00000000000000000FFF3856C000E15D78FC4
:1000D0003FC1940180000348018000000490636ADE
:1000E000CAAAD1323072DD461B6DF652CA273DF1E5
:1000F0004E44BB8E2C4CE24B98D3A34AE4957888AF
:10010000BDC8247B1BFEDFFAFE47DB3ADCCCF412D1
:100110006E7130E8B18E9B1CC5BFFFFFB2D7FFFAEE
:100120008B00FB1CD9FB314A823BB7D111503CC834
:100130008E464556A2B34D436D7B369E75B9948C61
:100140003C0656A47FF15430F43EF034DA620A6A79
:10015000299971C9B90143132BA309480000000074
:10016000000000000000000000000000000000008F
:10017000000000000000000000000000000000007F
:1001800000000000000000FFF3856C000E320F8DB0
:100190003FC19C0100000348018000000400638807
:1001A000AACAD311F796DB75BADB76D6E4FB68E111
:1001B00014B269F667AC81C44D311E3EC41828796B
:1001C000254226986B0ED8C6B988EDA7BBB7A9BB48
:1001D000E69A89DCC356CE8B7F35DCE339E6BC8FEB
:1001E000FCD4566FEFFFDFFB1E79861863FCC49AC0
:1001F000E5DF5FDB3472F7FBD13EB6327F7EBDD5E3
:10020000552E6275FA7CF73D264FBC70C8E4C414C5
:10021000D45332E3937202862657461290000000B0
:1002200000000000000000000000000000000000CE
:1002300000000000000000000000000000000000BE
:1002400000000000000000FFF3856C000E09D36E73
:100250008EE594018000034801C000000D24E49164
:100260002FEF848512A258864627BCC15656947635
:10027000C893DDD65532B144844EEF4103CE95FA92
:100280002B22BE8C75ABB5BF3A391A5CED45A74B36
:100290002AB50ECE31ECBFA6ECECECC9454521CA1F
:1002A000765B3B79BFE9431848A42818B67CC7623F
:1002B000A2A99BF65B18B2F45FFB3B2B3BA7BEEDFC
:1002C000BE2ABEFEA6A1B30C04CF7E091310535163
:1002D0004CCB8E4DC80A18995D184A4000000000AA
:1002E000000000000000000000000000000000000E
:1002F00000000000000000000000000000000000FE
:1003000000000000000000FFF3856C000D69657BB4
:100310002F24C25700000348000000002017249734
:100320006DADB75BF605A64D13D769F2496A006655
:1003300016B8C786DDDA677CA0A4975ECE46524920
:10034000D6D6592E8333154DFED7A8770E51067396
:10035000B32156CEEC5BA91360B2AB7FFFFAD09409
:10036000AD2FFFEBCC9799F4C8852440541E7B5EDB
:1003700055296B2CE84A4939A3DCBCA8A3455E2368
:100380006C5AC1E90C8383131053514CCB8E4DC86A
:100390000A18995D184A40000000000000000000A3
:1003A000000000000000000000000000000000004D
:1003B000000000000000000000000000000000003D
:1003C00000000000000000FFF3856C000D81216A31
:1003D0008F3CC32500000348000000000522A495BF
:1003E000C4DC798772CE51888695B15104ADBD3C8D
:1003F000CD74FA4DA693B8A52FC90C5D2B21119D84
:100400002E2129B878263DD96B119FC5515183A85B
:10041000A328A779D2EF4A648C6A8576FFFFFFFF95
:10042000FCF356A809866E015001C1B13EB7A44F36
:100430003163974EE5B087C2883C1060BB908D63F6
:10044000DE600628639A28044C414D45332E393727
:10045000202862657461290000000000000000008F
:10046000000000000000000000000000000000008C
:10047000000000000000000000000000000000007C
:1004800000000000000000FFF3856C000DE51D6614
:100490003E3C625F000003480000000045292572D1
:1004A000FFF15F9445003457281446A3E5CA1CF5B4
:1004B000D5FA8CBA96E266989212BD21458725211D
:1004C000286494BE93D6010EC1508A14CE9A93ED3F
:1004D00019208C6B2BFF544B190929873B14B7FF4C
:1004E000FFE83A1CAE026B8D49E0284C602AE243DB
:1004F000046E0315895C5A680C45F50A7F4DAEFB06
:100500000C1E15483069C70B8767462620A6A2999E
:10051000971C9B90143132BA309480000000000088
:1005200000000000000000000000000000000000CB
:1005300000000000000000000000000000000000BB
:1005400000000000000000FFF3856C000DD605647C
:100550007EA78801800003480140000005578E49AE
:10056000DFE0F8601D219C582160D5961BCA4689A2
:10057000B7D8D7FBB6F78EAACA4551951F33BCCA68
:10058000EAA4A15D48B2AA2AAA57EBCB42AAA3814A
:100590009080C62107B3FE8BBD8AA63A34DFFFF5F3
:1005A00031101BCFBFFE4B256E96DF7BB3BDD7BA94
:1005B000DF33194A4B13DBFFDBE44B7FAC99541953
:1005C0004E1D08531D6FCA4412013A620A6A2999E6
:1005D00071C9B90143132BA30948000000000000B2
:1005E000000000000000000000000000000000000B
:1005F00000000000000000000000000000000000FB
:1006000000000000000000FFF3856C000E1A177C4C
:100610008FC31C01000003480180000003B89B9AAF
:10062000ED7DDAE926928BB41F9E78129B36DB377C
:100630007BD59773EAA894447248CCE6A34FF1B1F6
:100640002651D3A79AFE7E71E0B86C727B7AB5CC46
:10065000B2A9131BF6D27F37FAFFCE6EFF98DD5F8B
:100660009A3C80B4D386C2731FFFB6AFFAE7AF617E
:1006700031136558E9C3CC8FFFFFFFE7EFD5CF3DBE
:10068000FFCEA21C946342251E1E3488D531053549
:1006900014CCB8E4DC80A18995D184A400000000CA
:1006A000000000000000000000000000000000004A
:1006B000000000000000000000000000000000003A
:1006C00000000000000000FFF3856C000DB9B75C6E
:1006D0002ACC1C0000000348018000000021A20A6F
:1006E000008289688B7E1868F2530E4048996B30FF
:1006F000335486ADC9E9A96D4B46CE790571A9621F
:100700004729EAB3584C483024B7AFA39D5A1FFF7E
:10071000B39DFFFFD53F4BFFFFFFDD47344FFFF594
:100720003C8134530D38AAB221E9396DF6FFF94105
:1007300059531CE61F2A639235FEB531B4528C48DA
:10074000244BFFFCCAC13341407131053514CCB88C
:10075000E4DC80A18995D184A400000000000000A1
:100760000000000000000000000000000000000089
:100770000000000000000000000000000000000079
:1007800000000000000000FFF3856C000DF57F7095
:100790008FC49401000003480180000000A4D26EC1
:1007A0005CED1ADD5B6A491203D712A0120AD80D5C
:1007B000593BB2AA558E847A0E721E87294B143982
:1007C000040E76CCFC0A642C50E7939BB89BBFBB0D
:1007D000223FFB11C6907EED39FE9BBD12A2024066
:1007E0004326B38D59C844FCCFFFA8BB56955B5C2C
:1007F000849DDF52FFFE20504070D0005809FC302D
:100800000F8115F2D41288BFB006104A620A6A2915
:100810009971C9B90143132BA309480000000000D6
:1008200000000000000000000000000000000000C8
:1008300000000000000000000000000000000000B8
:1008400000000000000000FFF3856C000DE5B758C4
:100850003FCC0800000003480180000001A966F3B6
:10086000FFFDDAEC05FF08C015C4E30EA67FCB5DE3
:100870000F4571AFC9E95777DF1532ECEAEE1999E8
:10088000319F33D2722A488C1EEA5EC8772A6B42A7
:10089000323B919D2D4464AB95509991E8AFEEC7E2
:1008A0004B48622AFD10CB33FEA7A9A5FABD2A88C2
:1008B0006D17FFFFFFDBDD777FA5ED9595833B028D
:1008C000B2B70609BD962AA35497F4A620A6A2990A
:1008D000971C9B90143132BA3094800000000000C5
:1008E0000000000000000000000000000000000008
:1008F00000000000000000000000000000000000F8
:1009000000000000000000FFF3856C000E11DF4EB8
:1009100015CCA8000000034801800000096F7B6D22
:100920002D148749316853570D723F06417282D0AA
:1009300047DC49CA5786418900F0781443615485E1
:10094000A7A31E321140DE05D4368C7E87911DFC94
:10095000FBEAC77FFB7CDB7EDB79F5FCEFD1BFE8F0
:10096000D6D3D4E2124355BFDBD98C6B6634CF8F1C
:10097000642483D3884E3485494EDBF7D7FFF9E7EB
:10098000CF79FFDFD5888D388844F0EE94C414D435
:100990005332E393720286265746129000000000FD
:1009A0000000000000000000000000000000000047
:1009B0000000000000000000000000000000000037
:1009C00000000000000000FFF3856C000DC9A54C7D
:1009D0008FE608000000034801C00000051925B695
:1009E000CD6EE5E2219822621380D3165A4732F584
:1009F00072935BCE64FE4B55C853BB1994ECD79CE5
:100A00008CA66BDE95622B9DD2EE457CC6574DD6EB
:100A1000DA916CCCCCFECE8CE86B176BB48CA65EF6
:100A20000D48AABD6977D548E9EA9DD3D9BEDE88CD
:100A30004ABEF22FEE994568B211CE7081F512AD23
:100A40007BE5518856C70B00EE81131053514CCBF8
:100A50008E4DC80A18995D184A4000000000000039
:100A60000000000000000000000000000000000086
:100A70000000000000000000000000000000000076
:100A800000000000000000FFF3856C000DC1A93CD0
:100A90003B3CC246000003480000000001C572A2B2
:100AA0005D67386303342B8728260D8389EA7594A4
:100AB000E419734353604C66CC2CA4AE6096C50C0D
:100AC00062AEA4529A3152C7647B2557745F766731
:100AD0005CE6A3EC8BD52F692C8462B3BB5E8F558B
:100AE00042F5933513746F7D7FECAA9F10BEFA3DDB
:100AF000D6A8CF991CAFAF94A7291F5354C120BECD
:100B0000A9DAEF010482E5678D954C414D45332EFE
:100B10003937202862657461290000000000000058
:100B200000000000000000000000000000000000C5
:100B300000000000000000000000000000000000B5
:100B400000000000000000FFF3856C000DF1D738B5
:100B50002B60C2460000034800000000096E024AF4
:100B600091D8AE4B4D7EA411552B15FC73D4EA1EC3
:100B70008DBB94FBF5B8A6BB7A4AF6739A31A8856B
:100B8000886657C9406A8A7D4E9259FF57E4457678
:100B9000E67B2D37C9C7C150A643EEF90E624DF969
:100BA000B4FB21C8DAEEBAA097ABD1B547A65E6216
:100BB000D5F43115CD44ABF5605667CE4629CE420B
:100BC000BFF4677FBEC321AD1AA4A2B4C414D4532A
:100BD00032E393720286265746129000000000000E
:100BE0000000000000000000000000000000000005
:100BF00000000000000000000000000000000000F5
:100C000000000000000000FFF3856C000D91BF3E66
:100C10003F3D022A000003480000000066292369C6
:100C20003737B5208EF4584C9235C921E31E239CEA
:100C3000F194180ECCB548252555687B9F81BBA73C
:100C40005D9618AF23A3C8DFFCCBC862B6C5769209
:100C5000EB3F299D41A8ECB3A956AA46CBFB77E808
:100C6000C4222A6FF9001EDA9FB8AD189E47658F1F
:100C70009E45555CC966BCBEE88A724BFEE38E4851
:100C8000EA4F9F205AF5528EC4C414D45332E393D2
:100C900072028626574612900000000000000000F5
:100CA0000000000000000000000000000000000044
:100CB0000000000000000000000000000000000034
:100CC00000000000000000FFF3856C000DE1C9602A
:100CD000DF01030B0000034800000000067B76DB09
:100CE000ED76DFF74735D26A9D7E3009492B18F340
:100CF000D6D5A53EB43B3BEF4F5CE299AD3BFBFF45
:100D0000F999E6608A452941C5D4FA7EFAE0F229CC
:100D100061C6552401C90B3CE7FF7C98836A4C658A
:100D20007F7E4899FC3F30DFC9979693CE34C664E6
:100D300034D0CFF08241195D50613428F2CE942531
:100D4000C89120DC202C9384AECF694C414D4533B3
:100D50002E393720286265746129000000000000E8
:100D60000000000000000000000000000000000083
:100D70000000000000000000000000000000000073
:100D800000000000000000FFF3856C000CFDC35D57
:100D90002F246269000003480000000040B76CBACD
:100DA000EDADB6EFF7DF50DFB8B1368DBAD59A4664
:100DB000C48792C27428A79C4CFA84677FA0A08C39
:100DC000912369B6E9B255959E53FF5AABEA6E6C12
:100DD00028E7663A1B52AA19DCCDEF26CD4D95AA1D
:100DE00088B6B6880DE9746ACCDFF55F4A4C2D0FE2
:100DF000D7EEBF6B2821688FFE418A6D7968286520
:100E00000465573498829A8A665C726E4050C4CAF0
:100E1000E8C25200000000000000000000000000D6
:100E200000000000000000000000000000000000C2
:100E300000000000000000000000000000000000B2
:100E400000000000000000FFF3856C000DF5BF42BC
:100E50002B24628F80000348000000005BFEA693F5
:100E60009F2846342E60101785414F9BBFA64BFF2D
:100E7000B8B2C6CAB701A8B22E15C623AD93220ECA
:100E8000317C7CF2DDAFF97DF998D66DF393EBAF51
:100E9000FBC0A646748E8437218E0B668565CCA276
:100EA0009749D7A3A112DFBBBE6F2B93B83FD7ECF6
:100EB000EE2ADD0FAD9CFD19CAA2C028BB6985ECE6
:100EC0004787C8C08A38083C6DE7FFD2620A6A29A2
:100ED0009971C9B90143132BA30948000000000010
:100EE0000000000000000000000000000000000002
:100EF00000000000000000000000000000000000F2
:100F000000000000000000FFF3856C000E0DA73A02
:100F1000CF3C624E00000348000000000021EDC8F5
:100F2000934E597156D27C0CF2729120D1D814682C
:100F300027CE81077D926EA1D066242C4FE5C57225
:100F400033BF08E64EDE2EBE7273E8C8CAF84334DB
:100F5000CF4A5DFD9A85463B18CA42AB3DDC1B96E5
:100F600075AFAD1756A83A656E5F327ACB0AA5F910
:100F70007DD1D1D9F28A3BBE8CDD199BBD982870FA
:100F800041C2E97913F1726B07336BA5698829A80F
:100F9000A665C726E4050C4CAE8C25200000000099
:100FA0000000000000000000000000000000000041
:100FB0000000000000000000000000000000000031
:100FC00000000000000000FFF3856C000D81A53ECD
:100FD0003F30626A00000348000000006AC77D6E6F
:100FE000397ED6C1A84753A3C3994E9D85BB7FFBCD
:100FF000952F505903D22A11FC3AF19FEFD2A54DFB
:101000006C2558C6BD4DFA65A395CE4754F543F9F6
:10101000F60D39C41CA74B255CE00E3AB9BE96D537
:101020003ADD79B4EA87564A215DD5BD913644F45C
:1010300029EDB2D6F7C0D6DB5EA1829D65DEC3770F
:1010400088C50B22D6B9F4684C414D45332E39374B
:101050002028626574612900000000000000000083
:101060000000000000000000000000000000000080
:101070000000000000000000000000000000000070
:1010800000000000000000FFF3856C000DA1BF54BC
:10109000DF14656F800003480000000006B6F5B756
:1010A0005B2CBB751628A94C5588937C3C1B5B1D9B
:1010B00028951742999ADB8093911F91B64766A6AF
:1010C000098CA175BFCAED7D546B043FB2B1264EA9
:1010D0002B4A12C9545CCF7715473375D376A38D4D
:1010E0003735AFA743F90C9DBD9752197763224658
:1010F000199D18A89D8A2446B95455955D0E9AF7F6
:1011000060C524755F6FD933274C414D45332E3967
:10111000372028626574612900000000000000008B
:1011200000000000000000000000000000000000BF
:1011300000000000000000000000000000000000AF
:1011400000000000000000FFF3856C000DF9373C43
:101150003F3C624E000003480000000005C7758A4E
:10116000C97E2F93B46111E3E10A9BCB33634DB584
:10117000F80BE9285658F75662F49646FDEC076BD3
:101180001A148B739EBBAD0AB34EE971956AC86E93
:1011900076E57BB3BBD6CA8D010E34F96D54673842
:1011A000FA2E766B273F2037CA95033E13B44A2F99
:1011B00053446E3A97AC4C1AC1158840EE33621214
:1011C00093E744E017341E38353AF42131053514DD
:1011D000CCB8E4DC80A18995D184A4000000000093
:1011E00000000000000000000000000000000000FF
:1011F00000000000000000000000000000000000EF
:1012000000000000000000FFF3856C000DED733E50
:101210003F30624E8000034800000000076D7D9261
:101220004BBE42C46070904B3186EE31ED79BE4EBC
:10123000B9F14828E125268A31611484C0767A47BD
:10124000B011CA71758A79DABA16A8836462A5A149
:10125000F67567E45418ED435246ABB3317EABCD1F
:101260005ACD75B2A6AFB25DE794EAAEF7B856D0E4
:1012700019B32220F4CC3F6E75414FF6C58674DF5A
:10128000D3F67724070209374FC3FF498829A8A658
:1012900065C726E4050C4CAE8C252000000000003C
:1012A000000000000000000000000000000000003E
:1012B000000000000000000000000000000000002E
:1012C00000000000000000FFF3856C000D29675648
:1012D000DF18654F800003480000000085B92EDB51
:1012E000EB2DDBF6F309067AC8E966C7CD9ADD6F08
:1012F0000F92286A7081094108E1CCA094DFC9E00F
:10130000A528B0E16DAF910CE16FB77AAE8ADD35FB
:1013100074CE699F61854B3FECEBF563D6AD2FE54D
:101320005B332A25CACD7BAB55D10629C0E1759820
:10133000A01977B2EFD432ECF7FF77AB9F7DECECDE
:10134000B79712C92E931053514CCB8E4DC80A1823
:10135000995D184A400000000000000000000000F5
:10136000000000000000000000000000000000007D
:10137000000000000000000000000000000000006D
:1013800000000000000000FFF3856C000DC5A73AC7
:101390008F3C654C00000348000000000408ED95F8
:1013A000A8E5F5CFB08A48946B566581EC54962930
:1013B0004AB0D3BABCA96673F8382581A648AFF500
:1013C000F5AABA7DFA9D1E5C70E7ABEF42FDF566AB
:1013D0008D3AB929294D639873FFA3AA168EE31994
:1013E00091959754CB08FA397666D631FDD657AA2F
:1013F00059959EC8CDC69DF4B9DCA255BF261E5294
:10140000584C543320305DAFD4A52620A6A299971E
:101410001C9B90143132BA30948000000000000010
:1014200000000000000000000000000000000000BC
:1014300000000000000000000000000000000000AC
:1014400000000000000000FFF3856C000DF5BF3CBC
:10145000DF30626680000348000000000024A6B769
:101460006AECBBEC35218306CD071759CE434B3FC1
:1014700099F63FCB04332F6FA98CE685499BE9335E
:101480009777D6AFDAADE67423A5E67A3924991DAD
:101490001D5B557A8F4AE67B11885215ED654D6FBD
:1014A00064BAE7C8BAFA19F42ABEADD83BF2156A95
:1014B000867579E5B4119A52043375137287E8DDA5
:1014C000530BB4916A80EB39FDFDC6D2620A6A29DA
:1014D0009971C9B90143132BA3094800000000000A
:1014E00000000000000000000000000000000000FC
:1014F00000000000000000000000000000000000EC
:1015000000000000000000FFF3856C000E15A73AF4
:10151000DF30625E000003480000000000327C976C
:1015200069239BF4129431062134271B752A6C8D94
:101530008FA2906ADC040C305806D56636584BFDF5
:101540003EB292B13F4A1DB9FF08B653B96C6B5613
:101550009FD98D6656A30CA28CCC4239A567947294
:10156000AB7D41D51B643B5EBFF9B36C9CABD81F10
:10157000BA26DBD6A6EBEF18A4D372B091C1E54F23
:101580001B724D0989BDC6C70C4496374A620A6A68
:10159000299971C9B90143132BA309480000000020
:1015A000000000000000000000000000000000003B
:1015B000000000000000000000000000000000002B
:1015C00000000000000000FFF3856C000E11793868
:1015D000DF31231400000348000000000024A59719
:1015E00046E4B7659E2581811C6C6676BDA140D11D
:1015F000B09C500ACA511474CC8EC8440AF34333C9
:10160000B0D88A64ECD36CCCB9967CA5D7536BF771
:10161000BB7CD17F9C0E643DB9D4336043E673FF3D
:1016200093B387C7CD7BFF97DA1CB5D615A6279E47
:10163000E47CEA70E40EC60D4213819AF2689D08BC
:1016400083C28C991AB7B482E34D51BEF4C414D44A
:101650005332E39372028626574612900000000030
:10166000000000000000000000000000000000007A
:10167000000000000000000000000000000000006A
:1016800000000000000000FFF3856C000DE99F3CA6
:10169000DF2C656E8000034800000000002475D731
:1016A000DAEDDFC3249240862AE479617A48BFDB11
:1016B0007466FBD046107885B9AFF0CECFDD0B5203
:1016C0006973991311110BFFFF3E1011536DE9312E
:1016D00024339353EB4B215EAF738C3BA374D1B592
:1016E000E8647475BFEA41E9B90EC8B6DDE8FBBB32
:1016F000D85D1ACE60C988CCE57E3475F4164AF7F9
:10170000C31FF3E1EE1DD79978DCE6931053514CDB
:10171000CB8E4DC80A18995D184A400000000000A1
:1017200000000000000000000000000000000000B9
:1017300000000000000000000000000000000000A9
:1017400000000000000000FFF3856C000E1DA75193
:101750002F2062C7000003480000000040B524D7D6
:101760005FADD6EDCFC8E1AB0EA7CC5A55304A1CC1
:1017700035250CE48B14669BEFB81E40FD2A74FAE5
:10178000EEABA13D190F336E9FCC1E83C95D7BC6A6
:10179000FDBFDACE56D528CF9F3CA2808E10CCCB91
:1017A000E130D876E9C1D135766DFA5E7445D59DC4
:1017B000FDCFD14BEEEB19DB6352AB3BA343911052
:1017C0002866001CC8815E982E4C35E3D298829A18
:1017D0008A665C726E4050C4CAE8C25200000000C3
:1017E00000000000000000000000000000000000F9
:1017F00000000000000000000000000000000000E9
:1018000000000000000000FFF3856C000DD9A55317
:101810002F0C45C90000034800000000602723FB8F
:101820007FB5DB6DD9C247F900D4F49808EAFD66AC
:101830006270E09C118A4870190E686D100882BDB4
:101840000E15D44835591CF5BF65623433B3C5A3B2
:10185000F0AF215033E9740443C9456250101B2A8C
:101860007DC1852A2B55A7B4EA3A58BD90168872D7
:101870007630E4D8226A74BD2F1128D2273E48C49E
:10188000BEC9B09B1185A7E1900E7531053514CC0A
:10189000B8E4DC80A18995D184A400000000000098
:1018A0000000000000000000000000000000000038
:1018B0000000000000000000000000000000000028
:1018C00000000000000000FFF3856C000E25A93623
:1018D000DF30624E000003480000000000306CB7AB
:1018E0005AA59B6C1F8BC1F223478EDD61C97E63B5
:1018F000312A5439038F503BB5C8B3883999C86E23
:101900006EE4F7EDAC7161C2F65A3A1C288127A348
:101910003950809EE7FBF5777BEA8ECA106467EF4B
:101920004474727660680DD05AD8F7A5DAACA6BABE
:101930002B7FEAC8C664921D2F6A252A0C691AE219
:101940005D4A4131E3E5D269359C52B1542620A667
:10195000A299971C9B90143132BA309480000000F9
:101960000000000000000000000000000000000077
:101970000000000000000000000000000000000067
:1019800000000000000000FFF3856C000DC1A540C1
:10199000DF2C62AB00000348000000008064E3928B
:1019A000C8E372513CCAC3F8626BADDC2477D93905
:1019B00051373892970C5D8F679FE3E09EDA6D3662
:1019C0002EB46375E96CCF4CB507E7AD5433753B66
:1019D00085F22F56587B793D25606413622363207E
:1019E000EEF33CBB59240EF91E559191DFA6B2BD12
:1019F00016BD5BE87A3D3EAD5A5DF6ECAF6EE46035
:101A000066787B5AD9109771AA294C414D45332EDF
:101A10003937202862657461290000000000000049
:101A200000000000000000000000000000000000B6
:101A300000000000000000000000000000000000A6
:101A400000000000000000FFF3856C000DFDBF3AB0
:101A5000DF0923020000034800000000003326DFF6
:101A6000FB3DDFC2C64011087DAD6AC082F5098822
:101A700076783A8B5E4DD8C5BFC455766F213377E3
:101A800033A670DEDFAD9F978522B4B8474FA50F10
:101A900099BFB17E2A594D1D50B10E05D2A87E09BD
:101AA000CE6DA8A826D9C3BFFE7A74F8BF9B965BFB
:101AB00067F95BF32732C13CEAA3F724E7B53D4160
:101AC000FD2FF847890690F2565EF65298829A8A60
:101AD000665C726E4050C4CAE8C25200000000004A
:101AE00000000000000000000000000000000000F6
:101AF00000000000000000000000000000000000E6
:101B000000000000000000FFF3856C000DE9A73025
:101B10002F3CC32200000348000000000ADDACB6E1
:101B2000EDF880BBB1105E916D54166839AA3B592F
:101B3000C214A0E825CD8CAD46FC5174FA85C3F6DD
:101B40002E8296426375A697844A408097BF16AF4F
:101B50004BDF3FB3283EF16F7CB04847A7FEEA72E7
:101B60007F2143F4399F7BD6F4FFE9BBFF43B70ADB
:101B700065C4F3E9D4FB9CFA12E9EAC904821201B4
:101B80003DB00EA2F12A8F3DCC77FA131053514C81
:101B9000CB8E4DC80A18995D184A4000000000001D
:101BA0000000000000000000000000000000000035
:101BB0000000000000000000000000000000000025
:101BC00000000000000000FFF3856C000E0D3730B0
:101BD000DF3D024E800003480000000000202C97EB
:101BE000569B92EA911BDE1A2388D375770D435CCE
:101BF000B8ABC50AB59D56EC1635C79BEEF3F56339
:101C00006D66AE8A4716E2DAD0D6A69BE53EAB7487
:101C10009D0A8B3B337E4755F2585A21CECF31AEC9
:101C20000E3DFE933E89D9149095BFD43FF149D122
:101C30000BFA11D06429E7191E75EE67C220FE0B5E
:101C400066FEFFDFCEA6BE6C65FEF3FF498829A8BD
:101C5000A665C726E4050C4CAE8C252000000000CC
:101C60000000000000000000000000000000000074
:101C70000000000000000000000000000000000064
:101C800000000000000000FFF3856C000DE58F2CC4
:101C90003F3C624E00000348000000000246E34162
:101CA000A8E664489660EC5C89F3B54F7252B4B90B
:101CB0003A0B9A870906941850A80C3A06437222E8
:101CC00041D88C34CCC77728F3EDBD39C5EAE95447
:101CD000725704F255D5AC85269EF6D9E5DD4399B9
:101CE0004135BAA519FE09D1CD4FF73370ED6626FF
:101CF000D608FA991C8ECF59514CC5A2ED0AE617A9
:101D00008D75BB5437122D9647AD94A620A6A29987
:101D1000971C9B90143132BA309480000000000070
:101D200000000000000000000000000000000000B3
:101D300000000000000000000000000000000000A3
:101D400000000000000000FFF3856C000DADBF2E09
:101D50007F3C228C0000034800000000043F7233E7
:101D60001BAE5A382751E1AB25CE0475BD5AA0B43D
:101D700062B9F22B7DFDA1DA4DD6FAD0D88F8890CA
:101D80006670A0E4DE19ADECE8E4C7D123294C8AE3
:101D9000123B0FADA66ECE5441470000000000007C
:101DA0000000000000000000000000000000000033
:101DB0000000000000000000000000000000000023
:101DC0000000000000000000000000000000000013
:101DD0000000000000000000000000000000000003
:101DE00000000000000000000000000000000000F3
:101DF00000000000000000002020202020202020E3
:101E000020202020202020202020202020202020D2
:101E10002020202020200C004040404040404040F6
:101E200040414141414140404040404040404040AD
:101E3000404040404040404005020202020202028F
:101E40000202020202020202202020202020202082
:101E500020200202020202020290909090909010C4
:101E60001010101010101010101010101010101072
:101E700010101002020202020288888888888808EE
:101E800008080808080808080808080808080808D2
:101E90000808080202020240181E04083E20446599
:101EA00076696365204174746163686564200A24FF
:101EB000000000003E20456E756D65726174696FAB
:101EC0006E20636F6D706C65746564200A24000079
:101ED0003E204578706C6F72696E67206469736B21
:101EE00020666C617368202E2E2E0A2400000000EC
:101EF0003E2044657669636520436F6E6E6563744A
:101F000065642E0A240000003E20446576696365FE
:101F1000204E6F7420436F6E6E65637465642E0A85
:101F2000240000003E20496E746572727570742042
:101F300044657465637465642E0A24003E2055531D
:101F40004220486F7374206C6962726172792073E9
:101F50007461727465642E0A240000003E2055539B
:101F60004220486F7374204C6962726172792076E6
:101F7000322E302E300A24003E204D6173732073C0
:101F8000746F726167652064657669636520636F4D
:101F90006E6E65637465640A240000003E20467519
:101FA0006C6C207370656564206465766963652078
:101FB00064657465637465640A2400003E205553AB
:101FC00042204F5447204653204D534320486F73BF
:101FD000740A24002020207C5F5F24004F5045526B
:101FE0004154494E472050524F4345445552455362
:101FF0002E202020200909090909090909090909D0
:1020000009090909090909202020202009090909CD
:102010000909090909090909090909090909000042
:10202000464F52204C4F434F2050494C4F54205460
:102030004F20464F4C4C4F5720455854414E54204A
:102040002D20202020202020202020202020202083
:102050002020202020202020202020202020202080
:102060002020202020202020202020202020202070
:102070002020202020202020202020202020202060
:102080002020202020202020202020202020202050
:1020900000000000464F4750415353204953204F02
:1020A0004E4C592041204E4F4E204641494C534101
:1020B0004645204149442020202020202020202067
:1020C0002020202020202020202020202020202010
:1020D0002020202020202020202020202020202000
:1020E00020202020202020202020202020202020F0
:1020F00020202020202020202020202020202020E0
:1021000020202020000000002821040800000020DA
:10211000EC08000042120008FC230408EC08002030
:1021200034F2010068280108011C1EBC1F04083C91
:10213000041A5C041A24041A08042EF01E04089CD5
:1021400004190C1A78041AB40C1AD0041AD40C010D
:102150001C00084674657374696E67021A01C3FF38
:102160000F6270100D303132333435363738394123
:102170004215323230301B3036050110031250C385
:1021800012066B0A5801011808091F2E3FF642A9D2
:10219000C36A439D0113100880E0BC23BCE0802784
:1021A00081FF898989761E3C428181814A1B81FF9A
:1021B000082B423C181B9D819819084C1D010320D7
:1021C0002C917310102D0889FF812849483B817F8D
:1021D0007919181E14A3C18180182C8080C0104862
:1021E0000E8738C03887FF81FF841821FF016039CE
:1021F000585D9111110E704968151969868045C6A0
:102200008991631B03014219711B017F4C195B1FEC
:10221000010739C0390708100F1FE03E3EE01F01DB
:1022200081C3A518A5C381100801038DF08D03019A
:10223000B7C3A1998583C172BF1A0702311CE83C5C
:102240002B0321364689FF916238110689462018F2
:1022500064926170908EB945A3984825313BFC0289
:10226000C711540102FC360A041F040A2E10107C08
:102270001010E8628064202020591054C03C031ADA
:102280007ECF427E3B81FF1A2E82C1A191CE0835BE
:10229000818989762D302C22FF3A36808685897196
:1022A0003C78968A082D0201C1398436669989994D
:1022B00066468E9151711E72884A886936102828A8
:1022C000284419073328281A440729984502B109D8
:1022D000069009F804728985754D4249CF01552D44
:1022E0000102030404850607080902370A1329E2DC
:1022F00014087DE11B088B0413A9EE1B0899081A2A
:102300006D081AD5081A051C1A89081A5B041A5593
:10231000141A91041AAD041A1D181AD5081A550872
:102320001AB11C1AC50C41132DC94C085DC70C31DC
:10233000021C031BF5D570190413A1CF1C08A5D0EE
:102340003402180100081120285741524E292A0151
:10235000327964021BE00265320917C1014818088E
:10236000322E5448495320032816544F20544553C5
:1023700054204E414E442057524954494E47200C58
:10238000064D5245414449320A0B1CD002F702194E
:10239000FF2BFFFF20810D13EEC60120180A15C880
:1023A000185ACA1859141BEECC10590C8B1ACE0CA3
:1023B0008B46CF0C0172033601323C3238393A1A5F
:1023C00030011A2001A10B10FFFF65011608082635
:1023D00074657374696E67AA091748016E18150150
:1023E00002030405060708090A0A05080F08061271
:0C23F0000A080A031B12060D0352050A1E
:040000050800018569
:00000001FF
